t,accel_x,accel_y,accel_z,current,true_state,machine_type,accel_mag,accel_var,predicted_state_raw,predicted_state
0.0,0.0091415123926329,0.010127236463968,0.9946116575850562,0.0603082080580162,idle,top_load,0.9947052214456878,0.0,idle_or_done,idle
0.1,-0.0311995231872148,0.0422244558394115,1.0059032828997088,0.0384492222528869,idle,top_load,1.0072724206819403,0.0,idle_or_done,idle
0.2,0.0225135358741937,0.0027175472070523,1.0246158542625226,0.0754889443388247,idle,top_load,1.0248667684955446,0.0,idle_or_done,idle
0.3,0.0282169414917364,0.0193181637983057,0.9881877648332628,0.0374482492712616,idle,top_load,0.9887792705178675,0.0,idle_or_done,idle
0.4,-0.058531055659615,-0.0615051630309306,1.0156350176719633,0.0372676943379552,idle,top_load,1.0191777365492338,0.0,idle_or_done,idle
0.5,-0.0390653852058695,-0.0014615520579035,0.9920248362425388,0.0608226322160906,idle,top_load,0.9927948006399594,0.0,idle_or_done,idle
0.6,0.0038352120950185,-0.0252969081087861,0.996473734980156,0.0652585296467387,idle,top_load,0.9968021603693384,0.0,idle_or_done,idle
0.7,-0.0094872777703074,-0.0365643918127088,1.024885571260722,0.058961987278724,idle,top_load,1.0255814923088955,0.0,idle_or_done,idle
0.8,-0.0005040347251286,-0.0263445710078625,0.9402081888683752,0.0162880536523038,idle,top_load,0.9405773380683498,0.0,idle_or_done,idle
0.9,-0.0255913178272074,-0.0100237032210243,0.9611058301577572,0.060760688798565,idle,top_load,0.9614987295559094,0.0007436733785414556,idle_or_done,idle
1.0,0.0263819392458848,0.0274770762706803,0.9555344380767152,0.029313838966512,idle,top_load,0.9562933957679214,0.0008954913733043078,idle_or_done,idle
1.1,0.0233337580628684,-0.0397917815321869,0.9299915164045508,0.0547055222317652,idle,top_load,0.9311348295103549,0.0012060296489079362,idle_or_done,idle
1.2,0.0019809209268364,0.0009189447778325,0.9796520667953448,0.0215253112920188,idle,top_load,0.9796545005682431,0.0009973439288956877,idle_or_done,idle
1.3,0.0338172362090409,-0.0145250830000073,1.0224830169918322,0.0589264429508612,idle,top_load,1.0231452015905145,0.001188376610649059,idle_or_done,idle
1.4,0.0140252802675613,-0.0098301928308588,0.9914534780085228,0.0338680219138525,idle,top_load,0.9916014018913406,0.0010406755103972768,idle_or_done,idle
1.5,-0.0257787738864971,0.0300827347591381,1.0059337024582555,0.0243473069947895,idle,top_load,1.0067135291904317,0.00109990694882216,idle_or_done,idle
1.6,0.0110625235224749,0.0161434631101177,1.0326765249013237,0.0642764027296479,idle,top_load,1.0328619442646472,0.0013541589177586595,idle_or_done,idle
1.7,-0.0287664780248699,0.0401219432232823,1.0398305839680309,0.054832890433535,idle,top_load,1.0410018846963072,0.0015173218586862986,idle_or_done,idle
1.8,0.0263535090392181,-0.004635170377497,0.997925861958216,0.037720463972142,idle,top_load,0.9982845376986247,0.0012620932044483896,idle_or_done,idle
1.9,-0.0014977773295875,-0.020878278350121,1.040607576687082,0.0790235769804212,idle,top_load,1.040818079446334,0.0013497576820326422,idle_or_done,idle
2.0,-0.0055458709063578,-0.0067157645064149,1.0027637997530232,0.0411869515686051,idle,top_load,1.002801623588702,0.0011127844930396132,idle_or_done,idle
2.1,-0.0204278863321182,0.0072749037381366,0.9748780532851762,0.0506421534794186,idle,top_load,0.9751191935048207,0.0005862040788888442,idle_or_done,idle
2.2,0.0366762401602209,0.0052972007536113,0.982167989434038,0.055378268953572,idle,top_load,0.9828668101004403,0.0005661448835522689,idle_or_done,idle
2.3,-0.004635884462064,-0.0325316421670009,0.9555839046230497,0.0376066813174277,idle,top_load,0.9561487321235441,0.0008121653029134313,idle_or_done,idle
2.4,-0.0128498346648932,0.0027146934488362,0.9733559843879904,0.0594227258679985,idle,top_load,0.9734445850459851,0.0008904047993686117,idle_or_done,idle
2.5,-0.0105640065146468,0.0068468499041671,0.9892594993577672,0.0393309530567055,idle,top_load,0.9893395952133079,0.0008985544603269493,idle_or_done,idle
2.6,0.0159692755666004,0.0755242211260176,1.024107550581358,0.0417672335556758,idle,top_load,1.0270127559561089,0.0008583106007198023,idle_or_done,idle
2.7,0.0109633219309223,0.0563053383384501,1.0516230949349794,0.0772528527960668,idle,top_load,1.0531864124426373,0.0009877404554807338,idle_or_done,idle
2.8,0.0123819783478796,-0.0255973005167646,0.9585345545386889,0.0291882789497513,idle,top_load,0.9589562176795329,0.0011565501797699512,idle_or_done,idle
2.9,0.0129246300902364,-0.0086215008464752,1.0117848240477976,0.0017443933814101,idle,top_load,1.0119040994645925,0.0009519844913931556,idle_or_done,idle
3.0,0.0642494280261138,-0.04390326005511,0.968783681825274,0.0822187399002379,idle,top_load,0.9719039599755127,0.000980687236817186,idle_or_done,idle
3.1,-0.0121924504915384,-0.0177212104189045,1.014240912653896,0.10098655905214,idle,top_load,1.0144689872286425,0.0010055070276536922,idle_or_done,idle
3.2,-0.0153672818721461,0.0094681501077102,0.996067400479368,0.0418946146910133,idle,top_load,0.9962309298131261,0.0009905316359655294,idle_or_done,idle
3.3,-0.0244131818474363,0.036175608626647,0.945072825224574,0.0112632391875962,idle,top_load,0.9460799771083747,0.0010881802907015364,idle_or_done,idle
3.4,0.0184793826772648,-0.0218725151323082,1.0278489097470545,0.0437903204760811,idle,top_load,1.0282476723876182,0.0011351066198957598,idle_or_done,idle
3.5,0.0338691687816267,-0.0196243932020338,0.981849978615738,0.0442755410031866,idle,top_load,0.9826299496301909,0.0011551055476090545,idle_or_done,idle
3.6,-0.0034184237296462,-0.0644186708921596,0.9839829928487932,0.0462015231795548,idle,top_load,0.9860953204411711,0.001068380462864523,idle_or_done,idle
3.7,-0.0252046943088758,-0.0048799776163472,0.9679074276613092,0.027732239161563,idle,top_load,0.9682478398213303,0.0006909945691558342,idle_or_done,idle
3.8,-0.0247344364707371,-0.0318724323557868,0.9803715016993734,0.0615912228495295,idle,top_load,0.9812012666298814,0.000604436584098807,idle_or_done,idle
3.9,0.019517783634741,-0.0158831828209822,1.0128367132208476,0.0604901475057217,idle,top_load,1.0131492619661462,0.0006110119890780647,idle_or_done,idle
4.0,0.0222976251361032,-0.0263058233450276,0.994322669771908,0.0201118876036138,idle,top_load,0.9949204752395564,0.0005774379278920984,idle_or_done,idle
4.1,0.0162946280491558,-0.0028278766275767,1.0098598600684745,0.0639839346338977,idle,top_load,1.0099952716557639,0.0005562338609806936,idle_or_done,idle
4.2,-0.0199652912186608,-0.0527318517406989,1.0108576556178652,0.0910536996389178,idle,top_load,1.0124289905779544,0.0006024532660607348,idle_or_done,idle
4.3,0.0069648396920015,-0.0440113573617297,1.039619849665845,0.0534392066487412,idle,top_load,1.040574331985943,0.0005248174234574678,idle_or_done,idle
4.4,0.0035005742742218,0.0638774133608489,0.9897164154740686,0.0432534967586298,idle,top_load,0.9917818111947614,0.000443060988454356,idle_or_done,idle
4.5,0.0065606579018703,-0.0386226774382209,0.955694265494628,0.0471599357118495,idle,top_load,0.9564968805719748,0.0006012089340041145,idle_or_done,idle
4.6,0.0261428633384456,-0.0329035673536391,1.0320166724971596,0.0623051353393712,idle,top_load,1.032871969975097,0.000722367397151264,idle_or_done,idle
4.7,0.0067078664632404,0.0551074058496394,0.9900553548370824,0.0153865678898556,idle,top_load,0.9916105219760158,0.0006112349435423182,idle_or_done,idle
4.8,0.0203674068921568,0.0871520150772122,1.0334377733373212,0.053287814059546,idle,top_load,1.0373060957865474,0.0006604246851019788,idle_or_done,idle
4.9,0.0020273720846667,-0.0351469988647602,1.0115013133954742,0.0421907210107438,idle,top_load,1.0121137924006067,0.0006593731681584662,idle_or_done,idle
5.0,0.0086735819606995,-0.0110474687036409,0.9960658740938996,0.0869565002591209,idle,top_load,0.9961648975562385,0.0006559082681112834,idle_or_done,idle
5.1,0.0189386467751562,0.0102466665282152,1.0104632768213888,0.0465165453239008,idle,top_load,1.0106926834212433,0.0006562452963116812,idle_or_done,idle
5.2,-0.0437146745956699,0.0518609293321677,1.058530376803789,0.0833577522223903,idle,top_load,1.0607012243712048,0.000934586195635668,idle_or_done,idle
5.3,-0.009590136490719,-0.0296057123528471,1.0623094158716129,0.0279251860443598,idle,top_load,1.0627651499608544,0.0011196515971809132,idle_or_done,idle
5.4,-0.0141111796287838,-0.0073583353782632,1.0020814340539834,0.0617451833360558,idle,top_load,1.002207798296213,0.001076147434519266,idle_or_done,idle
5.5,-0.0191663354473002,0.0233201272818523,1.0048057177995122,0.0563880052758245,idle,top_load,1.0052590249649656,0.0006659683391635128,idle_or_done,idle
5.6,-0.0082542675368005,0.0130429822339985,1.0322872047239915,0.0326190550427043,idle,top_load,1.032402598483265,0.0006647697274087404,idle_or_done,idle
5.7,0.0448482393370318,-0.0112846821369029,0.9746301690169796,0.0535479222927388,idle,top_load,0.9757267419624354,0.0007941680275698305,idle_or_done,idle
5.8,-0.0259749334707972,-0.0040146889354812,1.0099921111785477,0.074250376736632,idle,top_load,1.0103340435415213,0.0007603949929942593,idle_or_done,idle
5.9,0.0290483506377444,-0.0412468742510994,0.9992241145613844,0.0435241659142679,idle,top_load,1.0004968477867593,0.0007860829699589395,idle_or_done,idle
6.0,-0.0504860931484741,-0.0071452123192399,1.0094172463437263,0.0161607470166047,idle,top_load,1.010704247975952,0.000744185422103903,idle_or_done,idle
6.1,-0.0100465508995732,-0.0079916247002686,0.974998935821518,0.049648743470451,idle,top_load,0.9750834446873868,0.0009219191255964313,idle_or_done,idle
6.2,0.0048825919531501,0.0069650966887876,0.9523129752007308,0.0319515381041497,idle,top_load,0.952350962099442,0.0009610337112316494,idle_or_done,idle
6.3,0.0175866699407783,-0.0166598165645704,0.9378104969202612,0.0431531812267223,idle,top_load,0.9381233226934497,0.0008518130773049397,idle_or_done,idle
6.4,0.0213367973937856,0.0141461556763541,0.9664784766103116,0.0483682446062975,idle,top_load,0.9668174690159625,0.0008831669675262137,idle_or_done,idle
6.5,0.0238004170559977,0.0303814745345948,0.98623974145182,0.0158869556796896,idle,top_load,0.9869945903934269,0.0008413204728461135,idle_or_done,idle
6.6,-0.0104617521674531,0.0046628798300539,0.9912042524005372,0.0176868332135864,idle,top_load,0.9912704276248891,0.0005763406779813567,idle_or_done,idle
6.7,-0.013870553779937,0.0105526922519761,1.0581169348728856,0.0596413367105105,idle,top_load,1.0582604591690636,0.0011646539431791143,idle_or_done,idle
6.8,0.0257392764377146,0.001594660427336,1.0331798010972189,0.0395456260766063,idle,top_load,1.0335015987838163,0.0013279381615493887,idle_or_done,idle
6.9,-0.0057391297464484,2.5317927424254128e-06,0.9711372665097512,0.0012948868364113,idle,top_load,0.971154224632055,0.0013544617388449615,idle_or_done,idle
7.0,-0.0382705897001376,-0.0216467410062854,1.0104312535735287,0.0656968807321627,idle,top_load,1.0113874320112752,0.0013578906556238274,idle_or_done,idle
7.1,-0.0339986164201044,0.0094948278501992,0.9877876529094902,0.0554473951054848,idle,top_load,0.9884181832174203,0.0013359318495303383,idle_or_done,idle
7.2,-0.0275835685800483,-0.0029185979524046,0.9914690848587971,0.0357225035192703,idle,top_load,0.9918570046636555,0.001162990323048361,idle_or_done,idle
7.3,0.0149148223216129,0.0627950492679178,1.0055597694824614,0.0236633957788351,idle,top_load,1.0076289595575676,0.0007864611134948526,idle_or_done,idle
7.4,0.0042727720821169,0.0472006470742572,1.018575133509262,0.0667161579262867,idle,top_load,1.019677135307498,0.0006675301996692048,idle_or_done,idle
7.5,0.020714560622033,0.011575396576695,0.9898222454834796,0.0569870124512085,idle,top_load,0.9901066409643101,0.0006553448007992485,idle_or_done,idle
7.6,-0.012817579390096,-0.022891716290843,1.0319155459820308,0.0976520456536814,idle,top_load,1.0322490082608724,0.0006861659962290943,idle_or_done,idle
7.7,0.0047561907323014,-0.0333723441595025,0.965741853215728,0.0584037719744987,idle,top_load,0.9663299963043324,0.0005540376877488802,idle_or_done,idle
7.8,0.0187677118190201,0.0357342885926659,1.000190171870868,0.0577540628252403,idle,top_load,1.00100426886963,0.00042659917774380806,idle_or_done,idle
7.9,-0.0092803961916071,0.0078824767544141,1.077930211797875,0.0466614413978287,idle,top_load,1.0779989799159686,0.0009312169641385999,idle_or_done,idle
8.0,0.0137032571267223,0.0144043021017483,1.0066923922787585,0.0663355173440158,idle,top_load,1.0068886908923198,0.0009305199215912621,idle_or_done,idle
8.1,-0.0198577782319995,-0.0523375796092257,1.042996435198185,0.062501704024963,idle,top_load,1.0444975430472707,0.0009982888164278862,idle_or_done,idle
8.2,-0.0108916153969521,0.0278231544467454,1.0027456053451962,0.0750345001713039,idle,top_load,1.0031906619623343,0.0009558085755477724,idle_or_done,idle
8.3,-0.0114521368199498,0.0136326101464308,1.017423312859894,0.0395735416272543,idle,top_load,1.0175790863849106,0.0009495053429405274,idle_or_done,idle
8.4,-0.0358751893676711,-0.0333129205324343,0.9982965041682192,0.0412918505411207,idle,top_load,0.999496218162457,0.0009735272653382703,idle_or_done,idle
8.5,0.0146091744235674,-0.0141457442234984,0.994887772565074,0.0404179365817604,idle,top_load,0.9950955783523858,0.0009495998264037377,idle_or_done,idle
8.6,-0.0140820702060817,0.0079115161306955,0.9766155280982374,0.0658160344235797,idle,top_load,0.9767490908679538,0.0010378935076204845,idle_or_done,idle
8.7,0.0003748235618306,0.0015740039506873,1.012909040768727,0.0799674888059346,idle,top_load,1.012910333076014,0.0008143921122535469,idle_or_done,idle
8.8,0.0144223997671772,-0.0087651355741066,0.9744538843244268,0.0408231901370139,idle,top_load,0.9746000235438331,0.000957671444172479,idle_or_done,idle
8.9,0.0133959352808983,-0.0031046480419788,1.019967557089403,0.0415045254441381,idle,top_load,1.0200602469640894,0.0004294513616178773,idle_or_done,idle
9.0,0.0199615532691835,-0.0075593213462065,1.0325586101333772,0.0562815444773959,idle,top_load,1.0327792069502104,0.000506735563466649,idle_or_done,idle
9.1,-0.0029545645352827,0.004576875363074,1.0109959422171169,0.0450847699997419,idle,top_load,1.011010619340449,0.00034501136995804087,idle_or_done,idle
9.2,-0.0126989493613246,0.0441447591897947,0.9914125379933292,0.0690410730627978,idle,top_load,0.9924761173797487,0.0003592450225645827,idle_or_done,idle
9.3,-0.0023915463271919,-0.0769997532279389,1.0136189673792608,0.004964454187619,idle,top_load,1.0165422236788777,0.0003560568204192699,idle_or_done,idle
9.4,-0.0506200330187408,-0.0071055079352905,0.9907398083336076,0.0334658990616621,idle,top_load,0.9920575808907216,0.0003676662758904689,idle_or_done,idle
9.5,-0.0434133741726926,0.0052953726411734,1.0280664137639546,0.034351673320771,idle,top_load,1.0289962648804638,0.00042735246633626706,idle_or_done,idle
9.6,-0.039680988370632,0.0088798196906129,0.9450578174735464,0.0035928797522771,idle,top_load,0.9459321912291975,0.0007213914672350034,idle_or_done,idle
9.7,-0.0299174048280444,-0.0111574374396386,0.9899317789564406,0.0307272311126239,idle,top_load,0.9904465995245415,0.0007210661315489179,idle_or_done,idle
9.8,0.011993226801703,-0.0527016534743574,0.94027564014628,0.0316968776830814,idle,top_load,0.9418277874540254,0.00101701828666409,idle_or_done,idle
9.9,-0.0271643716608018,0.0098398645114232,0.9551481750931838,0.0459779069096233,idle,top_load,0.9555850367210491,0.001105370551003841,idle_or_done,idle
10.0,-0.0113448766211816,0.0518205064249255,1.0409158668944172,0.0722593178332052,idle,top_load,1.042266718774154,0.001202951137530943,idle_or_done,idle
10.1,0.0389768489335819,-0.0460158421474841,1.0268555494591505,0.0450987869761859,idle,top_load,1.028624796481393,0.0013095086308308993,idle_or_done,idle
10.2,-0.0106879191318427,0.0259148404109456,0.9784155930014564,0.0293837255945769,idle,top_load,0.9788170836255797,0.0013311991142415545,idle_or_done,idle
10.3,0.0221254670540125,-0.0098557566936868,0.9549248963187732,0.0488609091757294,idle,top_load,0.9552320293215586,0.0013742115141795162,idle_or_done,idle
10.4,-0.0280085304002963,-0.0018397303748654,0.9110641348647504,0.070983472428827,idle,top_load,0.9114964181059038,0.0019143929306830617,idle_or_done,idle
10.5,-0.0061631267360289,-0.0315869553211184,0.983695134762021,0.0304808236777019,idle,top_load,0.9842214374987436,0.0016066893724863815,idle_or_done,idle
10.6,-0.0285006616473174,-0.0100336851706763,1.072612450367422,0.031788502321571,idle,top_load,1.0730379449188385,0.002445157179048671,idle_or_done,idle
10.7,-0.0101709922770168,0.0390013378409687,1.0130465281439094,0.0611709791854844,idle,top_load,1.0138480268865315,0.0025222344946462163,idle_or_done,idle
10.8,0.0252092441237218,0.0174796572596312,0.9832128314185152,0.0455692776853839,idle,top_load,0.9836912708127572,0.002263337940417958,idle_or_done,idle
10.9,-0.0518196126957704,0.0519693481622983,1.0139524062850092,0.0629496938141895,idle,top_load,1.0166049220909341,0.002132645669570321,idle_or_done,idle
11.0,0.0130327093063757,0.0353223566693308,0.9531712494101668,0.049727064164094,idle,top_load,0.9539145407711733,0.0020595259210453402,idle_or_done,idle
11.1,0.0071320680699683,0.0131726003678872,0.9910802991190708,0.0640332729617913,idle,top_load,0.9911934942771535,0.0018779270148153665,idle_or_done,idle
11.2,-0.0178244986709038,0.0523180357850337,1.002984324190472,0.0292984377191871,idle,top_load,1.0045060697641857,0.0019017401943660613,idle_or_done,idle
11.3,-0.0433817356316536,0.0131697947621489,0.9974169804453684,0.0497583069842346,idle,top_load,0.9984468194957848,0.0017663729319650117,idle_or_done,idle
11.4,0.002163885231416,0.0248396453039117,1.0237241836507025,0.0457861997127368,idle,top_load,1.0240277801746476,0.0009921430713713145,idle_or_done,idle
11.5,-0.015884781271914,-0.0088971286060412,1.0103393567870815,0.0256821815179173,idle,top_load,1.0105033899232712,0.0009436621286928596,idle_or_done,idle
11.6,0.0069802863406411,0.0019963744757761,1.0200497805432398,0.0187304410426262,idle,top_load,1.020075617145492,0.0004466698648894135,idle_or_done,idle
11.7,0.0006555643657032,-0.0209227146990083,0.9793488315330772,0.0637149807054932,idle,top_load,0.9795725208376443,0.000471478811074784,idle_or_done,idle
11.8,0.0480533667396274,0.0296875180378455,1.0269344622523164,0.0429809523556404,idle,top_load,1.0284866866147149,0.0005271800729606234,idle_or_done,idle
11.9,-0.0071806688241907,-0.0353491086934459,1.0488681084287197,0.0295543943670534,idle,top_load,1.0494881754307783,0.0007366771022724097,idle_or_done,idle
12.0,-0.0307049247786559,0.0234705102725298,0.9708955144104576,0.0480764212615333,idle,top_load,0.9716644262092047,0.0005626512290328239,idle_or_done,idle
12.1,0.0053782690486894,-0.0057195317251547,0.9733691303285632,0.072560377146986,idle,top_load,0.973400792427096,0.0006599564295741724,idle_or_done,idle
12.2,0.0065999005191529,0.0351374128040195,1.040073530089607,0.0043852430925615,idle,top_load,1.0406878227684222,0.0007787180553124125,idle_or_done,idle
12.3,0.040775627257213,0.0225260696619377,0.994259680399148,0.0200672262019334,idle,top_load,0.9953503843672586,0.0007873756737671341,idle_or_done,idle
12.4,0.0250533373774373,0.054619384729404,1.0421146417619966,0.0315422711620946,idle,top_load,1.0438457134446166,0.0008913982023171376,idle_or_done,idle
12.5,0.0107061317744852,0.0219232407341593,0.9867239286432344,0.0792235773344065,idle,top_load,0.9870255118784921,0.0009507148426637654,idle_or_done,idle
12.6,0.0438990867365868,-0.0471612076695972,1.0436513672881214,0.0556517396583859,idle,top_load,1.0456383149863657,0.0010792046984800432,idle_or_done,idle
12.7,-0.0356628916296855,-0.002008595186946,1.0039445745041635,0.0653463448092245,idle,top_load,1.004579805177449,0.00096422545017827,idle_or_done,idle
12.8,-0.0191925459824924,-0.0351602157778444,1.0077468646996808,0.0271967816174753,idle,top_load,1.0085426802604198,0.0009398710686958933,idle_or_done,idle
12.9,-0.0277972782421657,-0.0155483952709882,1.046941540650097,0.0276092824945894,idle,top_load,1.0474259070750418,0.000923126461544794,idle_or_done,idle
13.0,-0.011694294094673,0.0453368529983016,0.9891468856766747,0.0589562743344542,idle,top_load,0.9902543855989868,0.0007918143090388098,idle_or_done,idle
13.1,-0.0413005844266892,0.0191260143269308,0.9717663371222512,0.0511654866187089,idle,top_load,0.9728316178363123,0.0007969407340393454,idle_or_done,idle
13.2,0.0190545284044321,-0.0209679128573623,0.9865430737591494,0.0609747763772825,idle,top_load,0.9869498289196162,0.0007624587209394738,idle_or_done,idle
13.3,-0.0066666809129632,-0.0304115209932119,1.0135700185192942,0.0462465801814309,idle,top_load,1.0140480697110557,0.0007438438364982186,idle_or_done,idle
13.4,-0.0441241888350797,0.0009834627862878,0.9530272278345846,0.0555628745290925,idle,top_load,0.9540486403918192,0.0008770857894671649,idle_or_done,idle
13.5,-0.0304673724362262,-0.0364968044814338,1.0191241270795337,0.0531623816981021,idle,top_load,1.0202324558237428,0.0008832413272401874,idle_or_done,idle
13.6,0.0094054154235058,-0.0201342083218974,0.9838368604714676,0.0655553477816985,idle,top_load,0.9840878091950902,0.000698789277244118,idle_or_done,idle
13.7,0.0251437970368314,0.0093602841465373,1.0344343798220068,0.0661401656388894,idle,top_load,1.0347822532332458,0.0008321551453027188,idle_or_done,idle
13.8,0.0599019267507535,0.0346593610832008,0.928172190852986,0.0176025601121646,idle,top_load,0.9307486921892398,0.0013124894427664641,idle_or_done,idle
13.9,0.0874158739802198,0.0182628441667331,0.976403026746875,0.0050546288931828,idle,top_load,0.9804784225781018,0.0009590279536103716,idle_or_done,idle
14.0,0.0124322829982798,-0.068738685257943,0.9494059554629768,0.0700349079530301,idle,top_load,0.9519722878215036,0.0010765861162835841,idle_or_done,idle
14.1,-0.0296861436009559,0.0091310018709077,0.9752131160090814,0.0737545018652387,idle,top_load,0.9757075709213315,0.001070903098108326,idle_or_done,idle
14.2,-0.0639613884219392,0.0021610071969773,1.0074299770332682,0.0295875396097332,idle,top_load,1.0094606915507998,0.0011398069178165445,idle_or_done,idle
14.3,0.008031343870315,0.0124167085611807,0.9946232012365074,0.0128032918690874,idle,top_load,0.9947331247997195,0.0010548226403350907,idle_or_done,idle
14.4,-0.0243882328593097,0.0484862904495362,0.9923986729315596,0.051980696420144,idle,top_load,0.9938816993485076,0.0009516844239227552,idle_or_done,idle
14.5,-0.0124607178053905,-0.0618971483041422,0.995224453858598,0.0686167645270106,idle,top_load,0.9972252704452266,0.0008378207302155422,idle_or_done,idle
14.6,-0.0183629039717942,-0.0177331027557331,1.0061016472185984,0.0859518904486862,idle,top_load,1.0064254486605553,0.0008816618956097579,idle_or_done,idle
14.7,-0.0042237265924915,0.0177271896838006,0.9697439187417068,0.060325951442029,idle,top_load,0.9699151308526617,0.0006214654238920915,idle_or_done,idle
14.8,0.0319794069236293,-0.0474478319836182,1.0212054892269715,0.0425656660682861,idle,top_load,1.0228072303491167,0.0004398073425055749,idle_or_done,idle
14.9,0.0047114570233603,0.0442784714416052,1.0198799791115645,0.0321373875683027,idle,top_load,1.0208515820887447,0.0005150418875118544,idle_or_done,idle
15.0,-0.0047590451111606,0.0110506983810197,1.0115511381296831,0.050229025833413,idle,top_load,1.0116226922605758,0.00030980428040630853,idle_or_done,idle
15.1,-0.0310696125847743,0.0253975195753021,1.0166960032825378,0.0440147059222948,idle,top_load,1.0174876500073267,0.0002563774229034964,idle_or_done,idle
15.2,-0.0502404883411307,-0.0171283098456538,1.00889254002426,0.0296986418854236,idle,top_load,1.010287901037881,0.00025736858232995987,idle_or_done,idle
15.3,-0.0145892372721999,0.0244129106989863,1.061052199081932,0.0909751130172657,idle,top_load,1.0614332787460476,0.0005571401379331065,idle_or_done,idle
15.4,-0.0016134765245496,0.0320541466796711,0.9973871748684248,0.0857033680414426,idle,top_load,0.9979034262982941,0.0005432854566959251,idle_or_done,idle
15.5,0.0530378974073964,0.006986340604115,0.9907875034499628,0.0727209736711085,idle,top_load,0.9922306710181077,0.0005617302464141027,idle_or_done,idle
15.6,0.0039082356441865,0.0070320267809608,0.9773941725892786,0.0315829920438174,idle,top_load,0.9774272823683505,0.0006759200459839247,idle_or_done,idle
15.7,0.0294821853306917,0.0081102971784517,0.9690321198826648,0.0671003864859455,idle,top_load,0.9695144277092979,0.000679344888702707,idle_or_done,idle
15.8,-0.0149788679561745,-0.0259003579421814,0.9626658463719676,0.062792528189958,idle,top_load,0.9631306904038716,0.0008411853683443347,idle_or_done,idle
15.9,-0.0355483129925107,-0.0044258604072105,0.9733360806030724,0.058850912484081,idle,top_load,0.9739950701110907,0.0008664130028482874,idle_or_done,idle
16.0,-0.0289535028669711,-0.0045756759735707,0.997879588550438,0.0749933053408755,idle,top_load,0.9983100296924169,0.0008423653490757201,idle_or_done,idle
16.1,-0.0217567819360725,0.0115018159306048,1.0100288538549314,0.0627074228572255,idle,top_load,1.0103286272047436,0.0008135796390505234,idle_or_done,idle
16.2,0.0638540919730549,0.0299947274073088,1.0015342617565648,0.0648002847260867,idle,top_load,1.004015889419191,0.0007968412354302857,idle_or_done,idle
16.3,-0.0246416003767315,-0.0317560824593522,0.9770339416771088,0.0627381256674442,idle,top_load,0.9778604094815373,0.00025832462687110644,idle_or_done,idle
16.4,0.0251546761120903,-0.0037502709095873,1.0270055369205988,0.0568158281600421,idle,top_load,1.027320395557183,0.0004195911331762653,idle_or_done,idle
16.5,-0.0270878153426107,0.0444436664297692,1.0221823801690284,0.0143277774057163,idle,top_load,1.0235066231118273,0.0005369906331564986,idle_or_done,idle
16.6,0.0279471903862273,-0.0223076468643769,0.9952105507773394,0.0516724215482111,idle,top_load,0.9958527586634708,0.0005090568011714152,idle_or_done,idle
16.7,0.0115485289831758,-0.0246675005187096,0.9804125156600586,0.0388761608230174,idle,top_load,0.9807907804248572,0.0004594541159667864,idle_or_done,idle
16.8,-0.0046991369297427,0.0060691857549358,1.016452837624894,0.0244031808471995,idle,top_load,1.0164818188336235,0.0003601922168470543,idle_or_done,idle
16.9,-0.001222875784063,0.0253315557145596,1.005639207624583,0.0836363323860164,idle,top_load,1.0059589450131166,0.00027163504821276055,idle_or_done,idle
17.0,-0.0196436308628817,0.0003427816668197,0.9565561822175486,0.084579906817714,idle,top_load,0.9567579210392565,0.0004972264964420967,idle_or_done,idle
17.1,0.0133821660444624,0.0398688177131096,0.997960592320468,0.0771844120059122,idle,top_load,0.9988463089076828,0.0004837687930309186,idle_or_done,idle
17.2,-0.0136495044102234,0.0257038194769958,1.0078610743622314,0.0551042683371175,idle,top_load,1.008281181278785,0.0004905895498761108,idle_or_done,idle
17.3,-0.0367681729130174,0.0252546020067018,0.9730091564053672,0.0770125024190531,idle,top_load,0.9740310631137812,0.0005101860262047138,idle_or_done,idle
17.4,-0.0383381272295885,0.0166234950397227,1.0056953017851231,0.0502410636120365,idle,top_load,1.006563059435164,0.0004216360850126352,idle_or_done,idle
17.5,0.0051776375316635,0.0698295930103825,0.9563553254422664,0.0540559455379555,idle,top_load,0.9589152665862548,0.0004541690763235046,idle_or_done,idle
17.6,0.047372737692313,-0.0061548506659813,1.040085583000365,0.0281305725907603,idle,top_load,1.0411820582532119,0.0007161022496267498,idle_or_done,idle
17.7,0.0047997484072031,-0.0601056687619954,1.037438499551783,0.0579398260899768,idle,top_load,1.0391892846610544,0.0008755855415035284,idle_or_done,idle
17.8,-0.0035591497832964,0.0481276308455142,0.9924244799709112,0.0512077185684883,idle,top_load,0.993597144140177,0.0008472948734571183,idle_or_done,idle
17.9,0.0085747841880762,-0.0137309829287047,1.010903630135172,0.0239469576633107,idle,top_load,1.0110332419047996,0.0008584697780344148,idle_or_done,idle
18.0,0.0391800522512047,0.0032364133302909,0.9277023410260038,0.048976057763668,idle,top_load,0.9285349667141133,0.001202050136925496,idle_or_done,idle
18.1,0.0065814750409156,0.0392865205458158,0.96530957019204,0.0484054087228638,idle,top_load,0.9661311053964943,0.001288511986327362,idle_or_done,idle
18.2,-0.0123278169250121,-0.0480677862317677,0.991186632395436,0.0859512233328928,idle,top_load,0.9924280464511092,0.0012589144180263389,idle_or_done,idle
18.3,0.0331886613017966,-0.0375494164231841,0.9678360093571944,0.0678842665702681,idle,top_load,0.969132595118535,0.0012799601645161597,idle_or_done,idle
18.4,0.0128626931538484,-0.0480383381135656,1.0214318944789198,0.0502289087818293,idle,top_load,1.0226417974357778,0.0013625970695373213,idle_or_done,idle
18.5,0.0460726797598797,-0.0238240887007627,1.05991889592244,0.0549757461960216,idle,top_load,1.0611872336944703,0.0016503017747020964,idle_or_done,idle
18.6,0.0054970331166571,0.0131890981805098,0.9647015584171208,0.0508842475620839,idle,top_load,0.9648073727414828,0.0015771907934199647,idle_or_done,idle
18.7,-0.036734070951615,0.0157256352843831,0.9748760978774442,0.045941720304089,idle,top_load,0.9756946724188504,0.0013549817985334363,idle_or_done,idle
18.8,-0.0410447759773699,0.0082882253798566,1.007063451049298,0.0283514560522342,idle,top_load,1.0079336102910257,0.001391714170597002,idle_or_done,idle
18.9,0.0495278379669374,-0.0423829765167709,1.0483334844549883,0.0469789624478614,idle,top_load,1.0503582332050516,0.0017305821978264796,idle_or_done,idle
19.0,0.0517099716234989,-0.0693031030989793,0.963328770623803,0.0350780348669497,idle,top_load,0.9672017171076664,0.001318566843534795,idle_or_done,idle
19.1,-0.005385576398478,0.0016306075617114,1.0074710836692082,0.024993689221537,idle,top_load,1.0074867978012283,0.001198998609409043,idle_or_done,idle
19.2,-0.0114956196340796,-0.01415328100915,1.0546389655243933,0.0602244362909507,idle,top_load,1.0547965738645808,0.0014568810521199864,idle_or_done,idle
19.3,0.043843328767266,0.0137815731514983,0.950447225554622,0.0578252931986647,idle,top_load,0.9515577217386254,0.001640050906141781,idle_or_done,idle
19.4,-0.0332113704613046,0.0210586087866381,0.9615679237946252,0.0142658497726384,idle,top_load,0.9623717224662478,0.0017853193231384633,idle_or_done,idle
19.5,-0.0268418105686747,0.0041472429617604,0.9872918018061748,0.0475463072500974,idle,top_load,0.9876653200008957,0.0013317249453375368,idle_or_done,idle
19.6,0.0192998038406713,0.0228039925612756,0.9843823476143376,0.0699140277179984,idle,top_load,0.9848355755148865,0.0012464167731627363,idle_or_done,idle
19.7,-0.0118381536857876,0.006876341223452,1.0243780386326091,0.0711844747779264,idle,top_load,1.0244695173523226,0.0012751739686498033,idle_or_done,idle
19.8,-0.0001536560016021,0.0159019411680439,1.0072497915946252,0.0705167368577047,idle,top_load,1.007375321322939,0.0012742044438639186,idle_or_done,idle
19.9,-0.0049032869557353,-0.0211401978860964,0.9467511382107362,0.0507782641380291,idle,top_load,0.9469998246530767,0.0011815241229786609,idle_or_done,idle
20.0,-0.0253513598390745,0.1364414706043947,0.9827899092742476,1.7927274149294017,washing,top_load,0.9925396577052547,0.0011203064264760114,washing,washing
20.1,0.0397520862945154,0.120833747314468,1.0349048744291942,1.73016198306171,washing,top_load,1.042693206064051,0.0013653420756714223,washing,washing
20.2,0.1369873359678129,0.1273866713552204,0.9908139376308536,1.6971589511462608,washing,top_load,1.0083179822149748,0.0009692333026323997,washing,washing
20.3,0.1610824102951956,0.0814647336910939,1.033134850756167,2.0320634229197414,washing,top_load,1.0487858053906138,0.0010649008642782997,washing,washing
20.4,0.1743439912180548,-0.0177481716490772,1.012868961733816,1.78765114827109,washing,top_load,1.0279174862382996,0.0009376244336701321,washing,washing
20.5,0.1211671773541334,0.0055731504490534,0.989714660412705,1.9905064400890389,washing,top_load,0.9971196788298442,0.000905605276426361,washing,washing
20.6,0.0148331253387105,-0.0799917673277509,1.014390715917926,1.7200121725975956,washing,top_load,1.0176478904748996,0.000843595190735034,washing,washing
20.7,-0.0925448592685277,-0.150097278091525,1.009613485415381,1.8367164425697984,washing,top_load,1.024896645423386,0.0008448552268935704,washing,washing
20.8,-0.1251501843266953,-0.1064012223185954,1.030626484630074,1.79167859756155,washing,top_load,1.0436353479874285,0.0009436676954139704,washing,washing
20.9,-0.1408261517649875,-0.1311823612446103,0.9835496338640496,1.5453566535722816,washing,top_load,1.002202923163145,0.0004135445688611909,washing,washing
21.0,-0.1487209748059551,-0.1774027326416751,1.0012361820034483,2.014250745939587,washing,top_load,1.027649526856705,0.0003180725368048356,washing,washing
21.1,-0.1200188891316329,-0.0585756866058955,0.9981545296118608,1.7797269589451377,washing,top_load,1.0070492092218821,0.00029774153193490045,washing,washing
21.2,-0.0297169386256313,-0.0508416687738142,1.0211244442491936,1.911962732944944,washing,top_load,1.022821148768547,0.0002794422665516368,washing,washing
21.3,0.0221847508324099,-0.0209744270714471,0.9692446241666748,1.6871956916307662,washing,top_load,0.969725338039834,0.0004334164121476602,washing,washing
21.4,0.0838400833775419,0.0795076306569614,1.0305093114471358,1.7752733427630354,washing,top_load,1.0369667612284816,0.00046945895146382056,washing,washing
21.5,0.1520020624733762,0.0851529527617386,1.0139898631651123,1.669972146011497,washing,top_load,1.0288494034414397,0.0004442627854453652,washing,washing
21.6,0.1352833102054271,0.1182560675440543,0.9604922477910116,1.985399772414509,washing,top_load,0.9771547623574025,0.0006127001305484726,washing,washing
21.7,0.122900118085719,0.1234206782313367,1.036247884764415,1.8467114021176012,washing,top_load,1.050783889065345,0.0007418533057674301,washing,washing
21.8,0.0634148035882653,0.167266056670115,1.067022792423932,1.8550580290021328,washing,top_load,1.0819135873905428,0.0011176326933973106,washing,washing
21.9,-0.0529828550673927,0.1523328661246,1.0300550190864823,2.003727622065747,washing,top_load,1.0426053075723722,0.0011164865333629507,washing,washing
22.0,-0.1026050215598332,0.1097856983099031,1.042809543016794,1.9734511945348532,washing,top_load,1.0535807671980262,0.0012015795621055816,washing,washing
22.1,-0.092590749672409,0.0435578917974768,1.0025611414480775,1.914801380420443,washing,top_load,1.0077694077537835,0.0011984152147941842,washing,washing
22.2,-0.1845663946462693,0.0208263533560043,0.9501548524078448,1.586740897944381,washing,top_load,0.9681387992333563,0.001550848374793552,washing,washing
22.3,-0.1901488222944183,-0.0375688131264227,0.9446763864649742,1.6956481320724974,washing,top_load,0.9643554663526326,0.001615811777643133,washing,washing
22.4,-0.1281184057125328,-0.123535572035254,1.0076524613160327,1.649416779598297,washing,top_load,1.0232491613662125,0.0015866023553461205,washing,washing
22.5,0.0008732983973,-0.1655069196959676,0.9822406357681006,1.90913005404387,washing,top_load,0.9960873303438111,0.0016283454928162238,washing,washing
22.6,0.0731905694562382,-0.1273495493736197,0.9725627116501796,1.825597791262508,washing,top_load,0.9835918845107166,0.0015761155697885225,washing,washing
22.7,0.1231208631625487,-0.2276304844906427,0.9981175994809396,1.5914231349554109,washing,top_load,1.0311222656935157,0.0014680701498735436,washing,washing
22.8,0.1861297041320957,-0.1303535797939116,1.0184675586358387,1.771688368048316,washing,top_load,1.0435096983349195,0.0010465623805826596,washing,washing
22.9,0.0555390248768148,-0.1210728433140076,0.9564172735971356,1.5758831496421832,washing,top_load,0.9656485995989347,0.0011051558473766634,washing,washing
23.0,0.1000458040767957,-0.0246194955283637,0.9865336713915884,1.792026526789536,washing,top_load,0.9918991719236437,0.0008019742034807169,washing,washing
23.1,0.0656431310887528,-0.0279817257572277,1.0452961204936095,1.5516941244019224,washing,top_load,1.0477289616854535,0.0010525119799141111,washing,washing
23.2,-0.0890521058494532,0.0589107523710412,0.9677413485933588,1.879324124007692,washing,top_load,0.9736139235233016,0.0010148789823123583,washing,washing
23.3,-0.126971181770065,0.0747284902762062,1.0260928356149488,1.856694393905111,washing,top_load,1.0366159055114745,0.0009312498506662612,washing,washing
23.4,-0.1699298451261618,0.1269423342488482,0.9854580771535302,2.086192274002032,washing,top_load,1.0080268499976976,0.000907258029986324,washing,washing
23.5,-0.1694888588265989,0.1673925700968961,1.0163738127954989,1.9271809934246011,washing,top_load,1.0439168899517082,0.0010116983699535525,washing,washing
23.6,-0.1124699260399944,0.1353659810574576,1.032919825216086,1.7365628616266249,washing,top_load,1.0478057064243922,0.0010105666270097966,washing,washing
23.7,0.005521075435807,0.1648074342699078,1.0222384530095507,1.9227105139911729,washing,top_load,1.0354532473636642,0.0010241201070905965,washing,washing
23.8,0.0924250833393535,0.0742370595587265,1.0272747880664164,1.5903504178582233,washing,top_load,1.0340923688138854,0.0009825792105371373,washing,washing
23.9,0.0926038891380987,0.0692737506338009,0.9654521939977612,1.6556291094478373,washing,top_load,0.972353984773789,0.0009083518787929726,washing,washing
24.0,0.199810283866207,0.0370977696130328,1.0334097912022389,1.8499713798112665,washing,top_load,1.0532028250064709,0.0009129171593043797,washing,washing
24.1,0.1484103819188421,-0.0229517646167857,0.9744192065609554,1.476262550587811,washing,top_load,0.9859235340913629,0.0009865967422987662,washing,washing
24.2,0.1681877172174007,-0.0321924011565653,1.0077862529671462,1.7944258822599175,washing,top_load,1.0222311825534312,0.0007315307930384958,washing,washing
24.3,0.0524197234130972,-0.1485323855256409,1.0077473856099168,1.646960506182237,washing,top_load,1.0199825930653257,0.0007124258980256641,washing,washing
24.4,-0.0148682502532616,-0.1875535084584442,1.0145536767660874,1.8151960582729896,washing,top_load,1.0318510291898981,0.0006936249804673486,washing,washing
24.5,-0.0772035536645858,-0.1786472584520252,1.0101087002818057,1.6383395462929105,washing,top_load,1.0286859666758674,0.0006517174729558287,washing,washing
24.6,-0.0403584474888766,-0.1134071903255787,0.9746857006442584,1.8636372206182783,washing,top_load,0.9820907341695284,0.0007236282701815378,washing,washing
24.7,-0.124165442018897,-0.0863622331900721,0.9595039776311284,1.8028991135501085,washing,top_load,0.9713513140997346,0.0008657831272702621,washing,washing
24.8,-0.1478671247238463,-0.0538991645388481,1.026170460398853,2.0100548875321995,washing,top_load,1.0381693601273723,0.0008891129958281019,washing,washing
24.9,-0.0431931150069812,-0.039342238873704,1.0055750373255674,1.8010101801152434,washing,top_load,1.0072708735171083,0.0007143914632308822,washing,washing
25.0,-0.0108549761125303,0.0693585679561138,1.0344813052287345,1.68470357925578,washing,top_load,1.0368606523169217,0.0005990051704615975,washing,washing
25.1,0.0575705456282205,0.0559377986340333,0.998658011974364,1.7629671216259075,washing,top_load,1.0018788499217566,0.0005304388041343588,washing,washing
25.2,0.1539072296220656,0.1624176597405106,0.9578450691796913,1.5983645404474904,washing,top_load,0.9836331166026137,0.0006091377104607105,washing,washing
25.3,0.1506365768973753,0.2327014105518329,1.0289838904301232,1.860920588205816,washing,top_load,1.065668415379232,0.0009174029400582021,washing,washing
25.4,0.144081335305257,0.1592912961078336,0.9888888817101668,1.8884775369472908,washing,top_load,1.011945832823597,0.0008813627701109582,washing,washing
25.5,0.0885873444998298,0.1489392460763121,1.0102601037226306,2.1703794055039225,washing,top_load,1.025015167595569,0.0008697152467051542,washing,washing
25.6,0.0288974788328092,0.0837020702960771,0.9805762171456144,1.7067246014093391,washing,top_load,0.984566309847308,0.0008536604846457725,washing,washing
25.7,-0.0424697059796172,-0.0008446178256167,1.0493290513070108,1.7598308139487226,washing,top_load,1.0501884817603637,0.00075190886189478,washing,washing
25.8,-0.1736859943975305,-0.0161966749084035,0.973703055274504,1.7136362213342675,washing,top_load,0.9892051338215199,0.0007996135944584603,washing,washing
25.9,-0.1273459075510173,-0.0827097889114106,0.9898771073768148,1.831817055169684,washing,top_load,1.0014562282298973,0.0008137871156671087,washing,washing
26.0,-0.1721190600391821,-0.1390237357547535,1.0032234610809194,1.857253580171942,washing,top_load,1.027331437655423,0.0007766640759932593,washing,washing
26.1,-0.145951039956086,-0.0779177143190555,0.9672345301873913,1.7919937733357234,washing,top_load,0.9812825855255929,0.0008749694345686061,washing,washing
26.2,-0.0390558203904886,-0.1394987746386076,1.009915585857628,1.9629488875309549,washing,top_load,1.0202523000661177,0.0007779894532648885,washing,washing
26.3,0.0398229131741614,-0.1362940227609614,1.0483573143240248,1.7074530744367835,washing,top_load,1.0579295740032626,0.000698030458678747,washing,washing
26.4,0.081876880952135,-0.1388591835348129,0.9852861351791888,1.947926107183607,washing,top_load,0.9983859297199393,0.0007253715284721129,washing,washing
26.5,0.1675894331743122,-0.1007997309356068,1.0118542845709515,1.8807746780461625,washing,top_load,1.0305803690508422,0.0007426337858894836,washing,washing
26.6,0.1070778326181762,-0.0209864112112684,0.9175169384188432,1.798195512015158,washing,top_load,0.9239823721149781,0.0015075301942958606,washing,washing
26.7,0.1033686739531915,0.0009147924216464,0.9988321239854548,1.7527595038864283,washing,top_load,1.0041670834603726,0.001288474358696822,washing,washing
26.8,0.037672458854712,0.069382599947729,0.9906087314222138,2.164000163809705,washing,top_load,0.9937498770322412,0.0012761459518529925,washing,washing
26.9,-0.020197603144826,0.0926077344275928,0.9754450719276884,1.6774487023886882,washing,top_load,0.9800393992062874,0.0013337006839565062,washing,washing
27.0,-0.0798018593044536,0.121181415284618,1.032443514088856,1.8446899765452625,washing,top_load,1.042589507880727,0.0014436519535696306,washing,washing
27.1,-0.165960846358609,0.1060903367426311,0.9902126895512852,1.6874671394636802,washing,top_load,1.0096134570332451,0.0013853254753108698,washing,washing
27.2,-0.1279755289405539,0.0876457859866232,0.9946756753871924,2.067843112293196,washing,top_load,1.006697183375316,0.0013611566703259942,washing,washing
27.3,-0.1247591177752615,0.1198023152372119,0.988684213756328,1.9330239493198809,washing,top_load,1.0037001079681254,0.0010146564245594213,washing,washing
27.4,-0.1290214387146144,0.0943738427233471,0.9424955238470476,1.6982475181738284,washing,top_load,0.9559554206709018,0.0012037864399492663,washing,washing
27.5,-0.0587577432119111,0.0077686480549785,0.9660404067976912,1.876889249014684,washing,top_load,0.9678568550389091,0.0011027693847910978,washing,washing
27.6,0.0718934723273773,-0.0066877733515283,1.0288328045836064,1.8386543581914836,washing,top_load,1.031363339208379,0.0007082918227500833,washing,washing
27.7,0.1200201692917116,-0.0553542874385547,0.9367014805936008,1.7225062857037892,washing,top_load,0.9459802333668951,0.0009874622718258213,washing,washing
27.8,0.1466014058570016,-0.1659801613999347,0.9770105395115288,1.913724632584226,washing,top_load,1.0017938812421476,0.0009939245403159346,washing,washing
27.9,0.1348845841739963,-0.1606742071064167,0.988008398311307,1.8583958086656616,washing,top_load,1.010034973162188,0.0009871153383074394,washing,washing
28.0,0.0949345830291765,-0.1365992883851075,1.052308656018747,1.8323548070828928,washing,top_load,1.0653757309861263,0.0012670557981540945,washing,washing
28.1,0.0472294733300952,-0.1345672690361143,1.023058112964891,1.7937120433136506,washing,top_load,1.0329505678154012,0.0013722182059584958,washing,washing
28.2,-0.0885518299302274,-0.1602394534983147,0.983284884188407,1.864658173889948,washing,top_load,1.0001836193993778,0.0013699091470908739,washing,washing
28.3,-0.1507361342033926,-0.0849323059436356,1.0391354109134665,1.8344081492238689,washing,top_load,1.0534406869690316,0.001641425234043697,washing,washing
28.4,-0.1801428033459248,-0.0120806726096826,0.9777845253849664,1.8088639999537528,washing,top_load,0.9943138087798715,0.0013577706185230103,washing,washing
28.5,-0.1339909774292119,0.0327307666991234,1.03027299411202,1.7038476126018656,washing,top_load,1.0394649236591365,0.0011946811150221623,washing,washing
28.6,-0.0653336445299104,0.0575773917466308,0.9592336826223096,2.054064936114374,washing,top_load,0.9631785395372259,0.0014493891783346868,washing,washing
28.7,-0.0502436662219146,0.0900087064721911,1.0321977349536746,1.642437008497718,washing,top_load,1.0373322309075876,0.00097064250596111,washing,washing
28.8,-0.0377475122500608,0.1160304532049206,0.9878159906358704,1.8641454328319615,washing,top_load,0.9953232500589614,0.0010007306519933031,washing,washing
28.9,0.0515622800109921,0.1632772460344847,0.969144872771762,1.751963888654785,washing,top_load,0.984154414821339,0.0011201901977042922,washing,washing
29.0,0.1176673757603925,0.1511405933635813,0.9934856916077106,2.063932090417395,washing,top_load,1.011782046544553,0.0008261776780824123,washing,washing
29.1,0.130611220984447,0.1424120098273303,1.0083203253916064,1.664477619416424,washing,top_load,1.0266695428364196,0.0007997810456802994,washing,washing
29.2,0.1033253275987273,0.0905921199069751,0.9851575470842286,1.6897105107359502,washing,top_load,0.9946951533458068,0.0008154786643690248,washing,washing
29.3,0.0563761165921286,0.0636891444539074,1.0166186051798598,1.6545272905107262,washing,top_load,1.0201705553686224,0.0006052582474051852,washing,washing
29.4,-0.0281523749593191,-0.0103399034938807,0.982510183490078,1.848519757642592,washing,top_load,0.9829678176226421,0.000649382388038037,washing,washing
29.5,-0.0566875995275685,-0.0403262322508095,1.0186111718179407,1.594042401064704,washing,top_load,1.020984039199469,0.000544350683021203,washing,washing
29.6,-0.1560045770403436,-0.0806056684703929,1.013266661861098,1.7282207257863351,washing,top_load,1.0283695979005933,0.000381934502729971,washing,washing
29.7,-0.175573548048507,-0.1606516945094933,0.998172308358762,1.4771451265718574,washing,top_load,1.0261495967437557,0.00032712672119967844,washing,washing
29.8,-0.1122829226696881,-0.2038181564452144,0.9867585306290216,1.8360632031192137,washing,top_load,1.0138252775449619,0.0003046058929247458,washing,washing
29.9,-0.1183323132130407,-0.0979993650574763,1.004546223872958,1.7249677711865607,washing,top_load,1.0162280884719912,0.00021630182190704352,washing,washing
30.0,0.0116907511595997,-0.1136527872348743,1.016507612291011,1.576791488410222,washing,top_load,1.0229082830608538,0.00022274188891092744,washing,washing
30.1,0.0753396466270446,-0.1349659193381129,1.0618539745819482,1.9628414104461087,washing,top_load,1.0730450713144115,0.000555014671171043,washing,washing
30.2,0.1222259141277566,-0.0568894344701214,1.0281826126539455,1.603849965242259,washing,top_load,1.0369836386378473,0.0004966624223693518,washing,washing
30.3,0.1973522924787186,0.0400846865021166,1.0292796984944752,1.9195415535042324,washing,top_load,1.048795216985402,0.0005532022134547767,washing,washing
30.4,0.1170578345110613,0.0588671774795175,1.0926553658458085,1.6948438764018294,washing,top_load,1.1004833618535363,0.0007836410498054066,washing,washing
30.5,0.1499767329595935,0.0939834515336374,1.0154787543030352,2.0402357066843138,washing,top_load,1.0307875678490952,0.000754488427200571,washing,washing
30.6,0.0120370415578033,0.1800612329142692,1.014539305339351,1.912432580838922,washing,top_load,1.030464429297064,0.0007496259520425579,washing,washing
30.7,-0.0935291762518074,0.1183919290993882,1.0211204522296495,1.648792819368896,washing,top_load,1.0322070207317426,0.0007346955923473618,washing,washing
30.8,-0.1134793989865239,0.1192850809793513,0.9697310206723524,1.662437617168454,washing,top_load,0.98360803015878,0.0010056118783672884,washing,washing
30.9,-0.1796304436188663,0.1254401540486232,0.9866829509074372,1.8908287807836464,washing,top_load,1.010715377410407,0.0010347725301909042,washing,washing
31.0,-0.1652111528786781,0.0920876672084668,0.98481492199923,1.760643280393475,washing,top_load,1.0028136886180548,0.0011380769833393438,washing,washing
31.1,-0.0907710668888391,0.0466913575185312,1.0194284193165868,1.7745986239467952,washing,top_load,1.024526120487602,0.000963180148158852,washing,washing
31.2,-0.0206360204152256,0.0066685977343739,0.994774763133364,1.9908358292658148,washing,top_load,0.9950111280289085,0.0010755026563814241,washing,washing
31.3,0.0186384520671009,-0.0646482312043541,1.004146702764229,1.6876966689945063,washing,top_load,1.0063982245441325,0.0010399327456897607,washing,washing
31.4,0.1323042202406953,-0.0972096536454748,1.0326236386044538,1.8136940658263183,washing,top_load,1.0455934690213369,0.00038026094935531755,washing,washing
31.5,0.1773837101849069,-0.14724275066269,1.0258945221611242,1.943194169047846,washing,top_load,1.0514775218053307,0.0004900811169461267,washing,washing
31.6,0.1904321403062021,-0.1480716792953935,0.9951483699087624,1.92136762325784,washing,top_load,1.023967724297512,0.0004767131920624556,washing,washing
31.7,0.1314593886301408,-0.1388387203476031,0.9799001470936534,1.776058099871899,washing,top_load,0.998379717042035,0.00048157753156441983,washing,washing
31.8,0.0961215442652721,-0.1103164011604821,1.0340582419495956,1.7566641178721014,washing,top_load,1.0443588977841045,0.0004369839707511387,washing,washing
31.9,-0.0752239378738674,-0.0539897358397438,1.023216735427296,1.5391776806218602,washing,top_load,1.027397693234606,0.00042919233806236153,washing,washing
32.0,-0.0977049843027245,-0.0114528267295146,0.9518122954511384,1.6415632511002207,washing,top_load,0.9568824781391168,0.0008359160095128516,washing,washing
32.1,-0.1617342155596053,0.025722084866237,0.9906053818327516,1.84775388398621,washing,top_load,1.004051096632317,0.0008454115870462158,washing,washing
32.2,-0.146127233430419,0.0496353216840116,1.0049654638605028,1.7793176716586647,washing,top_load,1.016745994366862,0.0007944072109652708,washing,washing
32.3,-0.1437926654012041,0.1163965143935984,1.0233648915136309,1.811239061784934,washing,top_load,1.0399520086854332,0.0008240251043207369,washing,washing
32.4,-0.0772477863737492,0.1399695451012087,1.0273030448481932,1.9558880414451087,washing,top_load,1.0396683317336606,0.0007949965438156521,washing,washing
32.5,0.0564652464061211,0.1557954473943959,1.008517180035264,1.6219015336406588,washing,top_load,1.0220408249707078,0.0006776235249602733,washing,washing
32.6,0.0671714572226452,0.2070058378622936,1.0175574259407656,1.7645729546651026,washing,top_load,1.040570293955041,0.0007296242635025647,washing,washing
32.7,0.139062958341008,0.098653193295481,1.0019241040713447,1.828306644511683,washing,top_load,1.016328130698504,0.0006795751899298075,washing,washing
32.8,0.1427359293665137,0.0865777718060049,0.9797844493545832,1.6943760093638227,washing,top_load,0.993904836138792,0.0006699889740117963,washing,washing
32.9,0.1379954565086079,0.056449436796562,0.9921620682687624,2.0147215670891128,washing,top_load,1.0033019757994184,0.0006657028731304306,washing,washing
33.0,0.0883482882569534,-0.0251671397648765,1.0005697355992031,1.936288020241972,washing,top_load,1.0047778862808128,0.00029414961129181784,washing,washing
33.1,0.0322497070138412,-0.0070305764920603,0.9989596224994424,1.843519999063313,washing,top_load,0.9995047773735339,0.00031044451358463375,washing,washing
33.2,-0.0202594568362852,-0.1281105239869972,0.943432812866696,2.069134766899288,washing,top_load,0.9523067910821021,0.0007390533268963994,washing,washing
33.3,-0.0661551664882688,-0.1323420690796102,0.9880754999521172,1.5751657080584789,washing,top_load,0.9990916489026366,0.0006452628101628111,washing,washing
33.4,-0.1380544851520283,-0.1739168007392844,1.0016861695926746,1.7988410578341478,washing,top_load,1.0260025715383096,0.000565183915399958,washing,washing
33.5,-0.124972070863205,-0.1500122149375369,0.991558900242829,1.8549505453401087,washing,top_load,1.0105991964063064,0.0005369380472000079,washing,washing
33.6,-0.1372080011648709,-0.1044231545017284,0.9925952861346524,1.6628167429809118,washing,top_load,1.0074599906877115,0.0003821889757727125,washing,washing
33.7,-0.039939785347198,-0.0452164679555691,1.0146397411241377,1.8451071812726596,washing,top_load,1.0164317585044331,0.0003825354837294159,washing,washing
33.8,0.0655121670212363,-0.0110956985819888,0.967631284388541,1.6340126259318184,washing,top_load,0.9699099242106239,0.00047974696356949565,washing,washing
33.9,0.1286611250418179,0.0695745119683498,0.9511587335814636,1.903583597741138,washing,top_load,0.9623394589649507,0.0006078213595845311,washing,washing
34.0,0.1490067694281244,0.0775250599290689,0.9895549062748996,1.958675215219336,washing,top_load,1.0037091534827893,0.0006055759386460407,washing,washing
34.1,0.173934906396342,0.1091335039020047,1.0229234321650538,1.840850010169249,washing,top_load,1.0433292008802237,0.0008440805355763984,washing,washing
34.2,0.1302999876861837,0.2243492349303775,1.0506265911845991,1.522080327740258,washing,top_load,1.0821861670290542,0.0011798776239148395,washing,washing
34.3,0.0912278706504809,0.1616376729741635,1.023463847172842,1.654980971825095,washing,top_load,1.0401574439370982,0.0012297529409750112,washing,washing
34.4,-0.0101192103259323,0.1164503307255244,0.9559520872039344,1.884706500481974,washing,top_load,0.9630718929411569,0.001488869596078698,washing,washing
34.5,-0.0988387373110016,0.0885173812457703,0.9930289828186968,1.803179796526855,washing,top_load,1.001853773508778,0.001495196739693433,washing,washing
34.6,-0.1256488201619118,0.0389770849775655,1.007699031432446,1.3958996073461267,washing,top_load,1.016250056389331,0.0014998274319373923,washing,washing
34.7,-0.2376218405398241,0.0450255384067269,1.0053277335077078,1.986424557580236,washing,top_load,1.0340093277964633,0.0015561451112455537,washing,washing
34.8,-0.1151626167337505,-0.0464061683403558,1.0161791365882862,1.820498475938075,washing,top_load,1.0237362933833658,0.0013462240707595144,washing,washing
34.9,-0.1817154358717008,-0.0797104682035334,0.9724885316061772,1.6771388003999932,washing,top_load,0.9925261721893319,0.0010702450844689193,washing,washing
35.0,-0.0517039022221629,-0.1232578093893899,1.0019482926265222,1.949243339635,washing,top_load,1.010824496229525,0.0010494178588984651,washing,washing
35.1,0.085816109143486,-0.1223593784996844,1.012609684893284,1.6983689980639651,washing,top_load,1.023579306177607,0.0009895218448469157,washing,washing
35.2,0.1409750689433054,-0.1749761578256128,1.0247701285991098,1.696732182359368,washing,top_load,1.049116029016819,0.0006332086572394317,washing,washing
35.3,0.1148311458600428,-0.16878306418704,0.9758284550016162,1.8537528976521052,washing,top_load,0.9969529017996478,0.0005832553657434426,washing,washing
35.4,0.1143609966135347,-0.1000014323659454,0.9896452939827132,2.0671557688863444,washing,top_load,1.0012375002584615,0.0003207980434784339,washing,washing
35.5,0.1292840175022953,-0.0458381151937646,0.9188854695977998,2.043538076695933,washing,top_load,0.92906727217356,0.0010633616885398053,washing,washing
35.6,0.0042790810874662,-0.003201710089683,0.9813561409726668,1.853956724835616,washing,top_load,0.9813706929123246,0.001118979489990895,washing,washing
35.7,0.012068926469389,0.0148426140705638,0.9842675532108688,1.869357848827548,washing,top_load,0.9844534415005525,0.0010367477762991053,washing,washing
35.8,-0.115634582011659,0.106960450776082,0.9694124647549768,1.918724839812724,washing,top_load,0.9821264793342825,0.0009838065326788778,washing,washing
35.9,-0.1351020023028653,0.101214061831395,1.0049683645069796,1.6114524486945978,washing,top_load,1.0190477177239967,0.001038826589970729,washing,washing
36.0,-0.0941522454893149,0.1296413148257028,0.998321637038642,1.8966222505727972,washing,top_load,1.0110972291624238,0.0010396247666773298,washing,washing
36.1,-0.0987512524034998,0.1209240468055349,0.9322235836726716,1.6898889797784709,washing,top_load,0.9452064562319734,0.0012049624525684668,washing,washing
36.2,-0.0673738024954535,0.1739455381945171,1.0064652390790527,1.847771710019487,washing,top_load,1.023605664792322,0.0009347295027384196,washing,washing
36.3,0.0340116595238998,0.1230506421027414,0.9721502760763292,1.7658798558588995,washing,top_load,0.980497023341096,0.0009269359222561479,washing,washing
36.4,0.1016137438035989,0.0785857666274179,1.0145706687757154,1.875181249067132,washing,top_load,1.0226703856014434,0.0010465378567160134,washing,washing
36.5,0.1017162278782259,0.046834920563671,0.96154446256814,1.817715519750969,washing,top_load,0.9680431055967671,0.0006887584224032332,washing,washing
36.6,0.1396681254690783,0.0416265880766648,1.0009001961559283,1.339045459376805,washing,top_load,1.0114549721920032,0.0007094617479677262,washing,washing
36.7,0.0933112235964461,-0.140962530575931,0.9915051001334048,1.826833756755777,washing,top_load,1.005812996071332,0.0007058780585609499,washing,washing
36.8,0.0829494156183243,-0.147780503432634,1.00909305654851,1.8963229428448891,washing,top_load,1.023224549901261,0.0007393447479052844,washing,washing
36.9,-0.0177616288090857,-0.1646642834432218,1.0037409183295405,1.866889252250768,washing,top_load,1.0173129473415987,0.0007327136609826036,washing,washing
37.0,-0.0966516603182976,-0.1743417938686525,0.9923450747493564,1.7846121080687132,washing,top_load,1.0121686380791142,0.0007352580976749812,washing,washing
37.1,-0.1389095157885807,-0.165547964750143,0.9539118305786728,2.046324253789561,washing,top_load,0.9780847420993168,0.00043571507462403485,washing,washing
37.2,-0.1430103487120558,-0.1102895131398155,0.955683761096169,1.8467059693682493,washing,top_load,0.972598163565139,0.00047692021793489716,washing,washing
37.3,-0.1081447628346086,-0.0934649757869524,0.9824833918272334,1.865650995028966,washing,top_load,0.9928265743037675,0.00044091400804007093,washing,washing
37.4,-0.1022544179753406,0.0043977436256298,0.9997516034821124,1.9566737841075852,washing,top_load,1.004976902624895,0.00038473283210336824,washing,washing
37.5,-0.0312476289786386,0.0479034987990991,0.9817525615840264,1.8543889499544897,washing,top_load,0.9834171300576269,0.0003038007470867397,washing,washing
37.6,0.1054034275773342,0.1071098019064602,1.018756357917384,1.6652973369878694,washing,top_load,1.029780029426957,0.00038326424791854216,washing,washing
37.7,0.1142790826591596,0.1428810258183505,0.9916233724236496,1.434249387933057,washing,top_load,1.0083608525766832,0.0003860608115408536,washing,washing
37.8,0.1071987464863345,0.1650684634604372,0.9710496182566148,1.7284318646972878,washing,top_load,0.9907959073359904,0.00034025277584570645,washing,washing
37.9,0.149038439151397,0.1370954936059709,0.9916571112103628,1.9141418288821677,washing,top_load,1.0121222539425914,0.0003218604805316431,washing,washing
38.0,0.102068882024852,0.1950803040855899,1.0067757950894969,1.7470355502873292,washing,top_load,1.0305687183773908,0.00041155291829396483,washing,washing
38.1,-0.0271214726830567,0.1055207968574062,1.0097465415647375,1.92017675584226,washing,top_load,1.0156073508260306,0.0003666657771313726,washing,washing
38.2,-0.0483342314387922,-0.0024127607717553,1.0563513739597938,1.822309226388041,washing,top_load,1.0574593347311587,0.0004926431717413542,washing,washing
38.3,-0.0935094936435173,-0.0281863663904836,0.9799327197998974,1.993209910539328,washing,top_load,0.984787607551085,0.000534414475745304,washing,washing
38.4,-0.1361114940581149,-0.1021380213492813,0.997795640152288,1.755717493931901,washing,top_load,1.0122028718230316,0.0005286995049101597,washing,washing
38.5,-0.1236990329314313,-0.0950935595877641,1.0127837184045827,1.8701422239851533,washing,top_load,1.024731719080002,0.00043228492882793276,washing,washing
38.6,-0.1448101388320249,-0.1332426693005257,0.9992973112239756,1.875882759680304,washing,top_load,1.0184884395270997,0.00041206758952963584,washing,washing
38.7,-0.0273722784248437,-0.1617374211163641,0.9849814556203405,2.0252402808946792,washing,top_load,0.99854729629172,0.0004372944336143789,washing,washing
38.8,0.0282248902906151,-0.0873568668073652,0.9535222847096728,1.5440044040498584,washing,top_load,0.9579314245019167,0.0007186455175661623,washing,washing
38.9,0.0881983611275623,-0.1131190263566193,0.9846749632284096,1.7312387588170264,washing,top_load,0.9950676601308713,0.0007444055906545689,washing,washing
39.0,0.1687751457268646,-0.0738306476189147,0.967788927618466,1.9272774158082755,washing,top_load,0.9851656829000152,0.0007383709205688971,washing,washing
39.1,0.1917213229295299,-0.0778551363167117,0.9482017995662868,2.031884471966797,washing,top_load,0.9705179754221389,0.0008353812812994585,washing,washing
39.2,0.16940808805438,-0.0280894407574293,0.9761296347498823,1.836010726896312,washing,top_load,0.9911191557109793,0.00043562637534482265,washing,washing
39.3,0.0946629190478785,0.0545659467798954,0.9685872483770064,1.756094375336777,washing,top_load,0.9747306133025638,0.0004660074892738074,washing,washing
39.4,-0.0220920104835488,0.1036780775525087,1.0175135963587885,1.9135677553011667,washing,top_load,1.0230205860427173,0.0005242321757893934,washing,washing
39.5,-0.0775861829530802,0.0757566549931453,1.0180327551224289,1.9303054012847525,washing,top_load,1.0237916668263825,0.0005178864804232192,washing,washing
39.6,-0.1127193717163761,0.142888551025201,0.9728836213125738,1.746050748199904,washing,top_load,0.9897602413678191,0.000443048245559498,washing,washing
39.7,-0.1460686707852569,0.1474004203438424,0.9921931410831064,1.849546096826632,washing,top_load,1.0136617629736628,0.0004913593746612802,washing,washing
39.8,-0.1227262631879557,0.12119469729607,0.944252720136624,1.9770790893617955,washing,top_load,0.9598766013473705,0.00047680516259730244,washing,washing
39.9,-0.0475504571589738,0.0682772295931509,0.9851698014945192,2.083568848991168,washing,top_load,0.9886770776313637,0.00047748582580636127,washing,washing
40.0,-0.0017784793807785,0.0301664936986083,1.0119694570210704,1.9113907438852935,washing,top_load,1.012420546153868,0.000510180971819105,washing,washing
40.1,0.0503844430240484,-0.0109593032076746,1.024748136688423,1.8066208344998391,washing,top_load,1.026044561445572,0.0005194022899111119,washing,washing
40.2,0.1142149968502257,-0.0542428636199662,0.9786085875492606,1.7918887235943135,washing,top_load,0.9867431891755576,0.0005302549888705579,washing,washing
40.3,0.168721320596253,-0.0831561737416369,1.0315556458158257,1.883609483579044,washing,top_load,1.0485651547088517,0.0006628859824002729,washing,washing
40.4,0.1358138566059026,-0.1007947811735042,0.954529242354596,1.7826490736280824,washing,top_load,0.9693972694762567,0.000762578224415825,washing,washing
40.5,0.0983740871499215,-0.1576476369029889,0.9625711660256864,1.8284460748533584,washing,top_load,0.9803435561616787,0.0007399252492827456,washing,washing
40.6,0.0389023623007102,-0.1598637168014475,1.0212898559691364,1.6413185603203688,washing,top_load,1.034457718636972,0.0008623477666826002,washing,washing
40.7,-0.0664639267896286,-0.1124995358002931,1.0501336368568974,1.994558579473674,washing,top_load,1.0582316638514804,0.0011763127535031294,washing,washing
40.8,-0.0928895415074743,-0.071360399966303,1.0148029596455108,1.6289722909276982,washing,top_load,1.0215409049617679,0.0009180051530039171,washing,washing
40.9,-0.135977809505551,-0.0557789023682651,0.9987897284039796,1.7351832359320485,washing,top_load,1.0095455275482288,0.0008504178822560048,washing,washing
41.0,-0.1797028700516175,0.0331303822383808,0.9341444876043338,1.814638989127772,washing,top_load,0.9518490780862338,0.0012483808225122641,washing,washing
41.1,-0.0594129221537151,0.0898235255917283,0.9393265883186956,2.098648031983296,washing,top_load,0.9454800900024345,0.0015864170471316017,washing,washing
41.2,-0.0523258253874371,0.1427985898416798,1.003882286106876,1.7365975522721508,washing,top_load,1.0153369261592018,0.001580030830142083,washing,washing
41.3,-0.012349377220827,0.1882604149365501,0.9892581199128648,1.7000976279059403,washing,top_load,1.0070879399354162,0.0013364617014768147,washing,washing
41.4,0.0713307546017125,0.1232501683874116,0.9668249445354364,1.717377462399931,washing,top_load,0.9772559306218227,0.0012903690812697606,washing,washing
41.5,0.1120271226239231,0.1457044204492701,1.0019659774249017,2.0488345751416968,washing,top_load,1.0186833042015029,0.0012689287204107824,washing,washing
41.6,0.1489082871690291,0.1238682205428237,1.0034539410252343,1.3781479509740968,washing,top_load,1.021976920388682,0.0011998836935793035,washing,washing
41.7,0.1073614712499822,0.0836936984573655,1.0283324760562085,1.649589298177712,washing,top_load,1.037303620924137,0.0009854167559830438,washing,washing
41.8,0.0451137238734837,0.0196483383551803,1.004098068490381,2.209693306373933,washing,top_load,1.0053030570071728,0.0009362418800670642,washing,washing
41.9,-0.0002089260701689,-0.0577445395795404,1.0368518310500314,1.8886323110237453,washing,top_load,1.038458566844705,0.0010877086559364314,washing,washing
42.0,-0.0779715270080893,-0.0610865103538888,1.0002398208864645,1.634102257599117,washing,top_load,1.005132240084943,0.0007792933711667244,washing,washing
42.1,-0.1262426217505748,-0.1297810213678308,0.99653995015578,1.7937123026737842,washing,top_load,1.0128534865962702,0.00030912076964450977,washing,washing
42.2,-0.13740915554438,-0.1339360911803196,1.0319293655874155,1.8101181849101795,washing,top_load,1.049618201113971,0.0004372893196928484,washing,washing
42.3,-0.108165148785235,-0.1733951412900576,0.970646773598757,1.9269187868858408,washing,top_load,0.9919277864504087,0.0004949028077666994,washing,washing
42.4,-0.1355016513685826,-0.1772939011132438,1.084433423597985,2.0759253004233846,washing,top_load,1.1071538624382846,0.0010681478226108598,washing,washing
42.5,-0.0109331475679344,-0.114323598344936,1.011257724345002,1.8582827521918823,washing,top_load,1.0177581264238122,0.0010703218116036796,washing,washing
42.6,0.0068567491805739,-0.0790036966690337,1.0114248775851302,1.719031754548056,washing,top_load,1.014528896628772,0.0010870770135139548,washing,washing
42.7,0.1277309866292353,-0.0180963904139323,1.015752879219178,1.9180626663147309,washing,top_load,1.0239123966108337,0.0010773347920892086,washing,washing
42.8,0.1495650200975103,0.0825043707235502,1.0563140942599494,1.6952620954705708,washing,top_load,1.070035575183122,0.0011890779086391832,washing,washing
42.9,0.1670900261135943,0.0755761683498285,1.023775222350178,1.6449993756016457,washing,top_load,1.0400704495115893,0.0011912435626254302,washing,washing
43.0,0.1237968196255051,0.123897747125135,0.9518483206298824,1.5360136692065334,washing,top_load,0.9678282542775868,0.0015638992363378953,washing,washing
43.1,0.0248832364822156,0.1057079372388608,1.0421041115430252,1.56523074082494,washing,top_load,1.0477472609117155,0.0015560441166931184,washing,washing
43.2,-0.0702295152246072,0.1112033202748113,0.9897731026166496,1.6655332265813594,washing,top_load,0.9984734137232771,0.001629408861151619,washing,washing
43.3,-0.1010221530399963,0.1907145651151964,1.0032146521851797,1.6233315348448694,washing,top_load,1.0261662434084187,0.0014726080639946649,washing,washing
43.4,-0.1631806167290322,0.0913941663991782,0.961622380834742,1.846985479106208,washing,top_load,0.9796419808532838,0.0009510542107826389,washing,washing
43.5,-0.1427002569875737,0.0490556971027904,1.0157860605437168,1.620089726126395,washing,top_load,1.026932882693647,0.0009577222340116077,washing,washing
43.6,-0.0730979763804795,0.0306280988518109,0.9804587712979734,1.3284500546962883,washing,top_load,0.9836568491121938,0.0010873660368532294,washing,washing
43.7,-0.0540366234544124,-0.0233743160040148,1.003005089139804,1.64341323381158,washing,top_load,1.0047315682128015,0.0010923339003792462,washing,washing
43.8,0.0614738422520033,-0.0976807850180972,0.9914770298391764,1.729221052841787,washing,top_load,0.9981719640130607,0.0007223400680338158,washing,washing
43.9,0.1230041069500706,-0.1210403683750184,1.0577503840520754,1.7091825768192053,washing,top_load,1.071735347959214,0.0010529044886659394,washing,washing
44.0,0.1140147229303481,-0.1025852013537339,1.0594678090043677,2.0279287018963776,washing,top_load,1.070511615489615,0.0011333897678445606,washing,washing
44.1,0.1765599114558251,-0.1741324366574488,1.0013953951064425,1.7079686161066274,washing,top_load,1.0316434680498574,0.0010628063374057569,washing,washing
44.2,0.1365339767775145,-0.1838749202801974,1.0019193313410657,1.93213851947988,washing,top_load,1.027761577233582,0.0010139052182062207,washing,washing
44.3,0.0582764595238812,-0.0884915366080603,0.9887967110095144,1.7971526100478707,washing,top_load,0.9944575574096299,0.0010857642527046904,washing,washing
44.4,-0.0416696887754727,-0.0623970227090866,1.0331801887450835,1.7936542911491102,washing,top_load,1.0359010830291324,0.0009111622004114928,washing,washing
44.5,-0.1139439684011374,-0.0467227558073196,0.9901324038899988,1.6746929566727946,washing,top_load,0.9977617055581044,0.0009808134962084596,washing,washing
44.6,-0.151853935176994,-0.0230694357045751,0.987359881760629,1.791182602262885,washing,top_load,0.9992353839825877,0.0008736121148035254,washing,washing
44.7,-0.133426175365482,0.0515704005390856,1.029357785909949,1.6852355809653876,washing,top_load,1.039249489727012,0.0008511640043385739,washing,washing
44.8,-0.1553179438473441,0.1127252435462388,0.9838510271405004,1.8255036471381856,washing,top_load,1.0023938785821387,0.0008262349182258669,washing,washing
44.9,-0.0591376836566633,0.1757802413445951,0.998867348966544,1.7645625551064468,washing,top_load,1.0159389448716352,0.0005836835415289315,washing,washing
45.0,-0.0372526658663525,0.1189025407539102,0.9525606765546702,1.65830581002126,washing,top_load,0.9606755007962764,0.0005934493515622244,washing,washing
45.1,0.0661409935820926,0.1382744822027367,1.021125710353695,1.9487841509550892,washing,top_load,1.0325658234736417,0.000597867776147173,washing,washing
45.2,0.1299386214625216,0.1346207164485659,1.058226008175456,1.8640260720032136,washing,top_load,1.0746390403403674,0.0009964547731146796,washing,washing
45.3,0.2230579136160082,0.0024710810285858,1.0216367611839938,1.7327905898786629,washing,top_load,1.0457067518528782,0.0010219410445699015,washing,washing
45.4,0.0944045882042929,0.0554091598174024,1.043853975026419,1.8218239570552963,washing,top_load,1.0495777829413828,0.0010877376351489216,washing,washing
45.5,0.1323282248385773,-0.0635807143540498,0.97461693591468,1.7874266217747057,washing,top_load,0.985612214868718,0.0011673302863537643,washing,washing
45.6,0.023295257454263,-0.067206065263517,1.007089728460846,1.669861359410509,washing,top_load,1.009598457506451,0.0011289622408153673,washing,washing
45.7,-0.0428835253622232,-0.1093688507467311,0.9717052022689184,1.8105744343531749,washing,top_load,0.9787806405817562,0.0012573884132682156,washing,washing
45.8,-0.1120265490147223,-0.1095271540052958,0.9931670336325598,1.706848236778894,washing,top_load,1.0054486072610305,0.0012493915428567885,washing,washing
45.9,-0.1340012830634462,-0.1334248969656888,1.0231663443205752,1.6582599246569851,washing,top_load,1.040494072613239,0.00131014843678867,washing,washing
46.0,-0.1472690305751338,-0.2107851876351376,1.003054618393099,1.5565849004600214,washing,top_load,1.0354888363341468,0.0009116695453452267,washing,washing
46.1,-0.0590605604455804,-0.1354345492283087,0.9576207693219634,1.7462088969692051,washing,top_load,0.9689521168569736,0.0012205715875989898,washing,washing
46.2,-0.0509976174014714,-0.0664594359442028,0.9605491268338674,1.8850455989375583,washing,top_load,0.9641951247895592,0.0010853532309485203,washing,washing
46.3,0.0712705202401036,-0.026517940186292,0.9585650820552768,1.6958010969931712,washing,top_load,0.9615766764760147,0.001095397289333508,washing,washing
46.4,0.0833510522829108,0.0461293883810096,1.0147435776981877,2.178106303823696,washing,top_load,1.019205497860364,0.0008528388101441497,washing,washing
46.5,0.1408509220522348,0.10405501591694,1.0619168360697,1.93285284804791,washing,top_load,1.0762591673517683,0.0014464377390670691,washing,washing
46.6,0.1151842110405965,0.1373521118900658,1.0408737473200065,1.995649519899072,washing,top_load,1.056196555085131,0.0017008393450631339,washing,washing
46.7,0.1292276980267936,0.1368014334353622,0.943120444025618,1.919286451811064,washing,top_load,0.9617123281243476,0.0018508881298269528,washing,washing
46.8,0.0985724616104976,0.0944204331572882,1.0426322781420936,2.0779297462407857,washing,top_load,1.0515292748227862,0.002027346462283712,washing,washing
46.9,-0.0211206704292708,0.1243703396392364,1.0280920125104394,1.6819497024791188,washing,top_load,1.0358027081877736,0.0020014689027950724,washing,washing
47.0,-0.0940743588049876,0.1218363385573819,0.9536410016341372,1.4158893921512068,washing,top_load,0.9659840777028361,0.0021386270239463264,washing,washing
47.1,-0.1691625667619402,0.0345440648369916,0.990903951498685,1.7330811587470676,washing,top_load,1.005832942145294,0.0019698532823004904,washing,washing
47.2,-0.15658278887081,0.0358666996346719,1.0328656723448744,1.8837327863321307,washing,top_load,1.0452827784966485,0.0018050675597503468,washing,washing
47.3,-0.1744330166169492,-0.0082230506355381,1.0165130053280436,1.8227275457621968,washing,top_load,1.0314035029264224,0.001418080270018915,washing,washing
47.4,-0.0996493907168243,-0.0797253331843507,0.9607271484283604,1.8413208916451675,washing,top_load,0.9691660247598854,0.0017320295733876487,washing,washing
47.5,0.0068035813832711,-0.2132659451456117,1.018322264673886,1.998136500400481,washing,top_load,1.0404368730533544,0.00141184036263789,washing,washing
47.6,0.1118334470474999,-0.1826468016192668,0.9358749821175824,1.857308636169375,washing,top_load,0.9600669540057396,0.0014843962497064509,washing,washing
47.7,0.2109255146621876,-0.0929881602824096,0.9933153347272836,1.9198369391386527,washing,top_load,1.019711589074377,0.0012406736774293933,washing,washing
47.8,0.1321064567121137,-0.152912029393601,1.0341387030820015,1.6590655887220862,washing,top_load,1.0536968548166135,0.001259932872924376,washing,washing
47.9,0.1787830625692663,-0.166254648275264,1.0005518264671396,1.6356909466175946,washing,top_load,1.02990676713065,0.00123319005798092,washing,washing
48.0,0.095480362255921,-0.0268094720854536,0.9850318735011416,2.042117088453673,washing,top_load,0.9900116358827262,0.001044427651917417,washing,washing
48.1,0.0142625556322556,-0.0127770117363034,1.0266803876131705,1.8151352302720605,washing,top_load,1.0268589439799425,0.0010478995155304245,washing,washing
48.2,-0.0422408493509155,0.0722744406122151,1.0292425544525974,1.7065156224830798,washing,top_load,1.0326413317390521,0.0009834564116482031,washing,washing
48.3,-0.1137194919059682,0.0949446657699192,1.0393011907860086,1.7067908259679323,washing,top_load,1.049806447668678,0.0010828109671636994,washing,washing
48.4,-0.1440312158409362,0.1372866637306272,1.0262302728533916,1.7026315317542613,washing,top_load,1.0453426194772943,0.0008494592074710287,washing,washing
48.5,-0.1549084723290727,0.15617775160073,1.0324412438181143,1.6936561468431237,washing,top_load,1.0556150088129106,0.0009250767893178896,washing,washing
48.6,-0.1446253556832682,0.1701673019048249,1.021987256723126,1.607527829609451,washing,top_load,1.04610293807471,0.0003977207846652782,washing,washing
48.7,-0.0836122391503902,0.2032337011916388,1.0079658594734942,1.5749369396669235,washing,top_load,1.0316443755965203,0.00037150028771902583,washing,washing
48.8,0.056900829573165,0.1331781859506976,1.0026852699929143,1.770749343351837,washing,top_load,1.0130902646260087,0.0003781670153163875,washing,washing
48.9,0.0943810631867315,0.013025785821684,0.992882208427078,1.71106111945194,washing,top_load,0.9974429988703924,0.0004993936652050667,washing,washing
49.0,0.1247758104545877,0.0228184233877659,0.9636289512082082,1.9660738928164945,washing,top_load,0.9719415820547724,0.0006880271370634039,washing,washing
49.1,0.1475982564109981,-0.008508466327399,0.9713406547354058,1.8439614979900376,washing,top_load,0.9825275094553934,0.0008864236320593069,washing,washing
49.2,0.1394249540038382,-0.0536047232625418,0.9915395655419436,1.8397976520116972,washing,top_load,1.0027280260320504,0.000909258542044212,washing,washing
49.3,0.0606296011934956,-0.1384273554980924,1.0072435647880729,1.6885319388668325,washing,top_load,1.018517393124959,0.0007972979885541575,washing,washing
49.4,-0.0384816331338721,-0.1112306975623422,1.0432243779401278,1.7818457376330037,washing,top_load,1.049842943919433,0.000828172708270788,washing,washing
49.5,-0.0513789991744,-0.1209849332106359,0.9987460831637346,1.854150165544716,washing,top_load,1.007358374291417,0.0006463608059218201,washing,washing
49.6,-0.0883484927804543,-0.0560449442129399,1.03010428872633,1.9074293609569013,washing,top_load,1.035403948998065,0.0005770105474432693,washing,washing
49.7,-0.1348673096045551,-0.12379997330561,1.0323794696929636,1.7859162260222452,washing,top_load,1.048486048564293,0.0006824520953960302,washing,washing
49.8,-0.0974392834849795,-0.0721888816202833,0.9930565960693364,1.9618685668986315,washing,top_load,1.0004334318646446,0.0006974693405860608,washing,washing
49.9,-0.0350042512108433,-0.0148370988542903,1.0178407063411057,1.8011983963361915,washing,top_load,1.0185505095920402,0.0006762359023503414,washing,washing
50.0,0.0339029794921345,0.0316458846550782,0.9926941587482542,1.918927067777652,washing,top_load,0.993776920061515,0.0005218770814355547,washing,washing
50.1,0.0906860264286348,0.0659783194706406,1.0396640768223544,1.7265221687116274,washing,top_load,1.0456952169080929,0.0004543643792774192,washing,washing
50.2,0.1445996002375478,0.0447689070989899,1.019075300147978,1.5281117450147037,washing,top_load,1.030256165622603,0.00041176554682023923,washing,washing
50.3,0.1652938264646356,0.1339372736459426,0.9642854873593494,1.8402538482027784,washing,top_load,0.987475439426666,0.0005516859896213348,washing,washing
50.4,0.1028039276334927,0.1593785035016847,1.004845739564615,1.908798609471994,washing,top_load,1.0225874609227648,0.0004556856575052331,washing,washing
50.5,0.1091894825496575,0.1166493466414022,1.0494433648547163,1.8863020997711355,washing,top_load,1.0615369938014019,0.0006090280236947933,washing,washing
50.6,-0.0218744340991517,0.1565492988688176,0.9945630689635988,1.863327999215616,washing,top_load,1.0070461121466925,0.0006202280532033326,washing,washing
50.7,-0.0790566665564536,0.0538630561884636,1.013431450902852,1.747711955106752,washing,top_load,1.017936388497847,0.0005309261582866326,washing,washing
50.8,-0.0764700343821257,0.0406157776380282,1.0163763651321744,1.6789880622831612,washing,top_load,1.0200579508786922,0.0004905214608396758,washing,washing
50.9,-0.1221364827284772,-0.0420803192965486,0.968901313025062,1.8827592403565672,washing,top_load,0.9774752314340616,0.000676960152732452,washing,washing
51.0,-0.0980365287536974,-0.0708213791655045,1.0153212384764054,1.8639671124297408,washing,top_load,1.0224989222577403,0.0006151595508774349,washing,washing
51.1,-0.110832297399923,-0.1212112659609171,0.9581849454389612,1.715865136373426,washing,top_load,0.972159636483977,0.0007238677300579406,washing,washing
51.2,-0.0718709483130329,-0.1066211112222736,0.981231276807958,1.9664136283788085,washing,top_load,0.989620287360694,0.0007232627949582786,washing,washing
51.3,0.0300903671626158,-0.1460064696754092,1.0322716890248258,1.66757017281786,washing,top_load,1.0429804213623686,0.0007801645163061934,washing,washing
51.4,0.1057430048065186,-0.1147048913362626,1.0107026887092507,1.712471493181344,washing,top_load,1.022672342505694,0.000780338725703676,washing,washing
51.5,0.1450281389344724,-0.0846236104528044,0.9908656657676042,2.0454637818512498,washing,top_load,1.0049920816235032,0.0004951845600109184,washing,washing
51.6,0.1813535019720042,-0.0585714954222674,1.0133938306373556,1.930287290660087,washing,top_load,1.031157974670886,0.000549583669693285,washing,washing
51.7,0.1047388736662647,0.0140343755502421,0.998197232567346,1.7462986041163466,washing,top_load,1.003775328676229,0.0005451503520685853,washing,washing
51.8,0.0657797170567895,0.120493369192918,1.000377355070555,1.8431071064465323,washing,top_load,1.009752680478488,0.000529849174807013,washing,washing
51.9,-0.0484587995176833,0.0903759551000792,1.0197045558016042,1.823218836678576,washing,top_load,1.0248480129431357,0.0004359930876378486,washing,washing
52.0,-0.0746582695025558,0.1440299487921758,0.978178967780226,1.3881579202533934,washing,top_load,0.9915405066671666,0.00046267328131068864,washing,washing
52.1,-0.1356308013643332,0.1860311302367701,1.0012100921666407,1.664028907578993,washing,top_load,1.0273387680566886,0.0003111185043320054,washing,washing
52.2,-0.1721984094127761,0.1811858562859655,0.9906319541618004,1.7923730074336075,washing,top_load,1.0216811025602832,0.00023402872849363697,washing,washing
52.3,-0.133724069690549,0.1280006648007866,0.9524318987619924,1.746508278516104,washing,top_load,0.9702539970458356,0.00036041742028488765,washing,washing
52.4,-0.0777883235107162,0.0211772808748314,0.9723863273125212,1.837065384724563,washing,top_load,0.9757226399157667,0.0004569909050634666,washing,washing
52.5,-0.0081046538801117,0.0618536337156957,1.0470461934119148,1.969422346942188,washing,top_load,1.0489028975823895,0.0006389342931366942,washing,washing
52.6,0.1254032883832884,-0.072237755159181,1.011541699437557,1.751769632301911,washing,top_load,1.021841909352323,0.0006048409008153837,washing,washing
52.7,0.123695808756066,-0.0128687474000314,0.9602923509579584,1.6413517805815705,washing,top_load,0.9683117561363312,0.0007762407861090072,washing,washing
52.8,0.1423871259589203,-0.096215705082352,0.9537893687245476,1.848727748776657,washing,top_load,0.9691469008542031,0.0009074366833251167,washing,washing
52.9,0.0728005291415989,-0.103230246725871,0.9966350829966824,1.7510064999648296,washing,top_load,1.0046083264348276,0.0008454523964558249,washing,washing
53.0,0.0613415672844874,-0.175880539342603,1.0468355959952944,1.7765904748767147,washing,top_load,1.0632786638690657,0.0012262671814830357,washing,washing
53.1,0.0109077823009564,-0.1927542551169887,0.9943972559558696,1.7562339421270383,washing,top_load,1.012965490642694,0.0011823101951388667,washing,washing
53.2,-0.0757942631880032,-0.1178065744820857,1.0392099866021205,2.136275670001648,washing,top_load,1.0486088668216549,0.0013506220542382724,washing,washing
53.3,-0.074125758615033,-0.090693850657314,1.0105579231245598,1.4638943608503083,washing,top_load,1.0173236056570834,0.0011735480281667987,washing,washing
53.4,-0.1522912208711893,-0.0574991141552148,1.0141375137353767,1.7417499145301032,washing,top_load,1.0271191074303132,0.0010111345577383131,washing,washing
53.5,-0.1040051499647264,0.0119584163513773,0.959928384720863,1.7994466461527412,washing,top_load,0.9656203077471098,0.0011367065720640445,washing,washing
53.6,-0.1008309268677917,0.1434590421180157,1.028125687652493,1.682828626157583,washing,top_load,1.0429716209894437,0.0012375083786559259,washing,washing
53.7,-0.0361866479820806,0.129083762292992,0.9899520388817916,1.9349738748192424,washing,top_load,0.9989880532149066,0.00103382202776501,washing,washing
53.8,0.0346395896433489,0.1663957459108535,1.0258927736083272,1.9219886518079456,washing,top_load,1.039876640938566,0.0008123937670580652,washing,washing
53.9,0.1027959534379466,0.1745607592937956,0.9755749005404166,1.792836807226719,washing,top_load,0.9963858957717571,0.0008511814131655655,washing,washing
54.0,0.1942223275357685,0.1896713384848609,1.0053114804252974,1.759398936698446,washing,top_load,1.041320652743886,0.0006946269735374632,washing,washing
54.1,0.077754765806767,0.1178277394572435,1.010560088618129,1.783206474865253,washing,top_load,1.0203729085482178,0.0006899863159390185,washing,washing
54.2,0.0555306140832064,0.0249930662830813,0.995379000502724,1.7842820019528285,washing,top_load,0.997240019806912,0.0006256711533080758,washing,washing
54.3,0.0389235579710204,0.0334686419533074,1.0121363557925849,1.7882440457811355,washing,top_load,1.013437317290229,0.0006249345767769575,washing,washing
54.4,-0.0183641485765158,0.0111743918172858,0.9920080877442248,1.77180013477248,washing,top_load,0.9922409763436401,0.0006474837071149574,washing,washing
54.5,-0.0674646551009515,-0.0929609055882118,0.9805282074087616,1.837867397188859,washing,top_load,0.9872328880157458,0.0004769870059907916,washing,washing
54.6,-0.1215314419290789,-0.1120213300960724,1.048164501483819,1.91298180972418,washing,top_load,1.061116153842112,0.0006307315334810082,washing,washing
54.7,-0.1612313866506578,-0.1572689878928181,1.0314685859908432,1.6154609778602136,washing,top_load,1.055772957827617,0.0007533883109648589,washing,washing
54.8,-0.0960778780280517,-0.1045129574837978,0.9771740576485548,1.6424004151150278,washing,top_load,0.9874325576310133,0.0008026022776708538,washing,washing
54.9,-0.0413571890206758,-0.1218204402757164,1.0170533291678383,1.5377222955774714,washing,top_load,1.0251576030660088,0.0007647382714448938,washing,washing
55.0,0.0055217349381459,-0.101806330536925,0.9777196343589654,1.92995961005364,washing,top_load,0.9830212113200557,0.0008042069856240863,washing,washing
55.1,0.1011427782898612,-0.0648833030796006,0.9644594606901302,1.8375484939785696,washing,top_load,0.9719165375346837,0.0009521057126561,washing,washing
55.2,0.1348285467282673,-0.0365923271301213,1.0310142832419693,1.875790127389916,washing,top_load,1.0404365370682664,0.001040626226594329,washing,washing
55.3,0.132859518460754,0.0228551462068453,0.948877011230578,1.5855752642454797,washing,top_load,0.9584057553018106,0.0013231626634577522,washing,washing
55.4,0.1566585630399042,0.0317019449975324,1.0278056774072963,2.067742218432021,washing,top_load,1.0401593287573907,0.0014033558059601613,washing,washing
55.5,0.0914861815212338,0.0437520347506917,0.9924183306228084,1.7086723637781964,washing,top_load,0.9975861390929225,0.0013592433593030047,washing,washing
55.6,0.0188401804372795,0.1425372110152307,0.993653601907584,1.8252308710666885,washing,top_load,1.0040016381992736,0.0010633375764827547,washing,washing
55.7,-0.0110300757370146,0.1595302511790669,1.0122925365886988,1.928157699101756,washing,top_load,1.0248452289224956,0.0008195827206948701,washing,washing
55.8,-0.1891031502725681,0.1795076187647588,1.0174359643598276,1.6519530366305892,washing,top_load,1.0503137284689827,0.0009933140448527972,washing,washing
55.9,-0.1898736127140902,0.1662386342796478,0.9752097046951328,1.7180513462231,washing,top_load,1.0073337284454598,0.0009633996866519485,washing,washing
56.0,-0.1782705902355044,0.1274739737968192,1.0215317682625018,1.8268757661901311,washing,top_load,1.044776134350312,0.0010046923680682516,washing,washing
56.1,-0.1135798853163685,0.0018603586894945,1.0034011161407568,2.228620961319706,washing,top_load,1.0098107006540629,0.0007940971171338834,washing,washing
56.2,-0.0449417281677068,-0.0312364946511891,0.9623183562139588,1.845168711427804,washing,top_load,0.9638734855960763,0.000994585600456969,washing,washing
56.3,-0.0079162863584654,-0.0561955609483559,0.9949037654926078,2.040954172594608,washing,top_load,0.9965210039188234,0.000701920038959696,washing,washing
56.4,0.0731273249199764,-0.0359340314813606,1.0414383704667678,1.9808509717787932,washing,top_load,1.0446208593307582,0.0007299234858713448,washing,washing
56.5,0.1168332270885662,-0.0950634967718198,1.050297843947371,1.855201505474178,washing,top_load,1.0610431811999501,0.0008959488715771823,washing,washing
56.6,0.2210658103715799,-0.1163707135325435,1.0215204537282605,1.6516206342553983,washing,top_load,1.0516255383303068,0.0009458843760220796,washing,washing
56.7,0.1696292448487826,-0.15369838441569,0.9642896953549488,1.9589630416227355,washing,top_load,0.9910862175652032,0.001064586199651343,washing,washing
56.8,0.0428662003721663,-0.1432653341697086,1.0147182070736769,1.575283448752793,washing,top_load,1.0256780717534728,0.0009708216575278204,washing,washing
56.9,-0.0297074837438489,-0.0534986935657299,1.025525827115776,2.040131268551564,washing,top_load,1.027349924263942,0.0009561614596577092,washing,washing
57.0,-0.1226439077595189,-0.0611270351148898,1.0217712394995615,1.8300007962327385,washing,top_load,1.0309192540645133,0.0009041149356243749,washing,washing
57.1,-0.1929679702666602,0.0172424842498198,1.0235486286606374,1.4024664679052736,washing,top_load,1.041722485139402,0.0009319007391546977,washing,washing
57.2,-0.1532104148564962,0.0704657627621874,1.010897892377426,1.7489240857452242,washing,top_load,1.0248675054636471,0.0004964955033035516,washing,washing
57.3,-0.1565847483226242,0.1621537393254003,0.9978276298350836,1.898092173138441,washing,top_load,1.0229724323982392,0.00037235449756583216,washing,washing
57.4,-0.07480856706512,0.130169159559289,0.9817489751228794,1.764446419044035,washing,top_load,0.9931623140058892,0.0004949863062410886,washing,washing
57.5,-0.0480061754713075,0.0768225108428215,0.9430619344449552,1.907250871649036,washing,top_load,0.9474028199528638,0.0009277710705209595,washing,washing
57.6,0.04940381736595,0.1559434180779547,1.0101892530014005,1.6724963748431558,washing,top_load,1.0233481390473582,0.0007818467934695124,washing,washing
57.7,0.1311080016843872,0.0933957210586006,1.0055815853095658,1.6041026440818589,washing,top_load,1.0183842072280131,0.0007243353679073961,washing,washing
57.8,0.1606902971977585,0.0751880319653807,1.0167272752847445,1.7892831895428591,washing,top_load,1.0320896104855777,0.0007428327267520216,washing,washing
57.9,0.1482482166321636,0.0217944337539688,0.9598736892012132,1.8047348500934872,washing,top_load,0.9714988575896629,0.0009166527260497081,washing,washing
58.0,0.0485531183191607,-0.0363183170623884,1.019350500679452,1.747742347340652,washing,top_load,1.0211522260114836,0.0008821700622531293,washing,washing
58.1,0.044440556938714,-0.0534557126136828,1.0616363528386232,1.984093671996329,washing,top_load,1.063909874933283,0.001089482873338911,washing,washing
58.2,-0.0792250338007593,-0.1627552915856338,1.002353503923337,1.6724688937291414,washing,top_load,1.0185668548245852,0.0010752666257424943,washing,washing
58.3,-0.0965912489781476,-0.1575751724978409,0.9981500404238036,1.8469748410998523,washing,top_load,1.0151173861011955,0.0010609723128735633,washing,washing
58.4,-0.1476622479078485,-0.1294314909989736,1.009270070682571,1.810195495674544,washing,top_load,1.0281939145389931,0.0010490094512288432,washing,washing
58.5,-0.1839501024166111,-0.1578890161435697,1.06097011074131,1.5664926071795875,washing,top_load,1.0883125274866103,0.000950241117424209,washing,washing
58.6,-0.1121679970267385,-0.1601553730917276,0.9692905671490032,1.6021454724497233,washing,top_load,0.9888152540546576,0.001105631571906872,washing,washing
58.7,-0.026342570812815,-0.0505489295270984,1.0060962080018172,1.8017866524372947,washing,top_load,1.0077096333116,0.0011317805356382748,washing,washing
58.8,0.0556924444889617,0.0130242953105464,0.9760102773310708,2.0971799998030445,washing,top_load,0.9776846843933713,0.0013243645461107358,washing,washing
58.9,0.0984524289659702,0.030451210259015,0.9835898583746502,1.8868904717848216,washing,top_load,0.9889737946341159,0.0011739498329790868,washing,washing
59.0,0.1886118441623042,0.0215486512927617,0.998512290763542,1.541154776228305,washing,top_load,1.0163983308411613,0.0011748273405904608,washing,washing
59.1,0.1775684107389003,0.1402776521981391,1.0404196972484068,1.3334267902320995,washing,top_load,1.064744808215108,0.001183161342066582,washing,washing
59.2,0.1078773629243743,0.0934330452694057,1.054029718020662,1.909958038950657,washing,top_load,1.0636474537413927,0.0013775228930961241,washing,washing
59.3,0.0777223372668122,0.1590745217963478,1.013444264338801,1.7855679775607702,washing,top_load,1.0287928567579416,0.0013693527693187974,washing,washing
59.4,0.0392138195210028,0.1114108623626167,0.9887021583092954,1.9711898954265556,washing,top_load,0.9957319226274042,0.001454051932196644,washing,washing
59.5,-0.0293532498203775,0.0745501155402066,1.0747821659991557,1.6678923118932838,washing,top_load,1.0777643700512243,0.0013099295739134164,washing,washing
59.6,-0.172564054294578,0.0540001819011145,0.9871733655601144,1.852531874678779,washing,top_load,1.0035963462225332,0.001225974398146315,washing,washing
59.7,-0.1775000025989552,0.0114295310382039,0.982865922569208,1.9269260194541795,washing,top_load,0.9988304695243346,0.0012630506497492279,washing,washing
59.8,-0.0821016252232891,-0.0548010970651494,0.9467517086626382,1.7328804542690277,washing,top_load,0.9518837297482684,0.001581504659682287,washing,washing
59.9,-0.104011482640387,-0.0658702441267721,1.0418827470773424,1.7360871644653402,washing,top_load,1.0491315152257135,0.001541511281174106,washing,washing
60.0,-0.0396762339987515,-0.1347346305100066,1.029047367771139,1.8037894246647583,washing,top_load,1.0385885178065957,0.001548078268182931,washing,washing
60.1,0.0576772271942844,-0.114898424587757,1.0725341660834933,1.8814014519840492,washing,top_load,1.0802119458356234,0.0017008036074646622,washing,washing
60.2,0.139255990109541,-0.1411386400697876,0.9583142994334564,1.7978498993232137,washing,top_load,0.9786105675909973,0.0017657539832787337,washing,washing
60.3,0.1466321080659076,-0.1574426118006394,1.0437451242243734,1.946099450663923,washing,top_load,1.0656889956589641,0.0019714040024806046,washing,washing
60.4,0.1162071492577364,-0.1327085480963651,1.002104065550984,1.7307097216099456,washing,top_load,1.0175107952598175,0.001882006944103525,washing,washing
60.5,0.0679414139921349,-0.1132917827061842,1.024183006504004,1.6007407191805336,washing,top_load,1.032667368795769,0.001568442541782971,washing,washing
60.6,-0.0025701268977361,-0.004455684146606,0.950566685766866,2.096546305216977,washing,top_load,0.9505806029807723,0.002062464012449063,washing,washing
60.7,-0.08160397176247,0.0284885995259413,1.044042454679959,1.709304939518633,washing,top_load,1.0476141731021558,0.0021103011527270456,washing,washing
60.8,-0.0471280000980835,0.0154700396714299,1.023595502539955,1.714733687442338,washing,top_load,1.024796625355833,0.0015180169269009066,washing,washing
60.9,-0.1384177554737365,0.1074584434611818,0.9988326989564136,1.7901295018391723,washing,top_load,1.0140875468153825,0.0014804683374113614,washing,washing
61.0,-0.1160557058121312,0.1182564532916451,1.0193533806298336,1.8100771664480968,washing,top_load,1.0327317319605036,0.0014662594492390042,washing,washing
61.1,-0.1173543899328722,0.1965129803123151,0.9770351409687326,1.7419974536267575,washing,top_load,1.0034874543089893,0.0011041899359812157,washing,washing
61.2,-0.0428821833903075,0.0838274293781571,0.982616797432549,1.797384915457649,washing,top_load,0.9871178704516846,0.0010392721591884584,washing,washing
61.3,0.0158968636336151,0.0608074718799028,0.986096661591238,1.794035665285774,washing,top_load,0.9880976089998373,0.0008126267670838091,washing,washing
61.4,0.0231308158417251,0.0937350546502242,0.9444181641492916,1.826222899053121,washing,top_load,0.9493402782390004,0.0011615858144164927,washing,washing
61.5,0.101318199138836,0.050121472653319,1.025852754826101,1.4463768811519029,washing,top_load,1.032061729782659,0.0011576366839759847,washing,washing
61.6,0.0930245272098913,-0.0651023775322635,1.035747808425477,2.0821314460511773,washing,top_load,1.0419526884082384,0.0009283227850489062,washing,washing
61.7,0.0480834730778201,-0.1086483221428941,0.9789596755070848,1.7779067529698165,washing,top_load,0.9861432576236723,0.0008214523146530323,washing,washing
61.8,0.0193579136737629,-0.1071421441097194,1.0104460904783443,1.887093392917048,washing,top_load,1.0162949717622336,0.0007931338694477695,washing,washing
61.9,0.020948685346804,-0.215992024826345,0.9920337857611228,1.5932847987698964,washing,top_load,1.015491228075304,0.0007961245494796018,washing,washing
62.0,-0.0895008728750006,-0.2046530157323386,1.009848218862431,1.7293499608126126,washing,top_load,1.0342565872322749,0.0008056620227359128,washing,washing
62.1,-0.097007145000267,-0.1416424693475537,0.9811726827636692,1.6991526200519378,washing,top_load,0.9960787161191788,0.0008143398701463344,washing,washing
62.2,-0.1373745319572143,-0.0548032042342803,0.9734972453173708,2.020458564676282,washing,top_load,0.9846684923695472,0.0008245008937804998,washing,washing
62.3,-0.1031724240538488,-0.0700387669732759,1.0315622465807124,1.7121279589746177,washing,top_load,1.0390720121988324,0.0008992354243822639,washing,washing
62.4,-0.0992899609743971,-0.0026254236484384,0.9980838824462652,1.9137119980410136,washing,top_load,1.0030138710898475,0.00046933855773668493,washing,washing
62.5,0.015718528625781,0.0803662273331606,1.0606632685256043,1.7024369320990207,washing,top_load,1.0638197083328278,0.0006912877631178736,washing,washing
62.6,0.094124478137488,0.1558854839618937,1.0013892989438242,1.7321071590519084,washing,top_load,1.0178114901758046,0.0006214928987620323,washing,washing
62.7,0.1093497700582914,0.1103437180747544,0.9722176587894852,1.7631674752198971,washing,top_load,0.9845508033577901,0.0006321936182492399,washing,washing
62.8,0.1664902203827254,0.1464731561456336,1.0368082262930782,1.9925767690243952,washing,top_load,1.0602568920140771,0.0008331684460237442,washing,washing
62.9,0.1527096906271482,0.2029594183509727,1.0189240049243806,1.5165221011454824,washing,top_load,1.050104234311977,0.0009190479356044547,washing,washing
63.0,0.0716812092099695,0.0857800237508373,1.021806185910893,1.6026504667088353,washing,top_load,1.0279028600963536,0.0009077042321927688,washing,washing
63.1,-0.0148830679334825,0.1293152954795615,1.0357180203660377,1.5079042251465276,washing,top_load,1.043865781155328,0.0008530675538060844,washing,washing
63.2,-0.0907425328596518,0.0229123158361492,0.980416111184626,1.6368746820357825,washing,top_load,0.9848730540314042,0.0008511243966965612,washing,washing
63.3,-0.1129818201587229,0.0049590769956002,0.9961824007304414,1.678259992321184,washing,top_load,1.0025810987925574,0.0008906640814023959,washing,washing
63.4,-0.1375327915456232,-0.0572015031004546,0.9948565050553662,1.5578278118864417,washing,top_load,1.005945697519633,0.0008779303211373054,washing,washing
63.5,-0.1664342523580115,-0.1243539464833365,0.9612776038925316,1.6898778380077997,washing,top_load,0.9834728751263644,0.0008155727615929901,washing,washing
63.6,-0.10188450564952,-0.1590815704086736,0.9920922954952528,1.4977928278599877,washing,top_load,1.0099180765369915,0.0008188652353117128,washing,washing
63.7,-0.0201873719905736,-0.1393922192517676,1.0400913837363048,1.647301691434848,washing,top_load,1.0495845879672205,0.0007967374053778997,washing,washing
63.8,0.0558492045146827,-0.1178184703345014,1.0071201431138157,1.98006305998653,washing,top_load,1.0155251391582965,0.0006150560365332817,washing,washing
63.9,0.1492384694929773,-0.1334805986745809,0.9596181601646504,1.8605382105421653,washing,top_load,0.9802837366379795,0.0005947666671004457,washing,washing
64.0,0.1809679024102139,-0.0935102037003102,0.953324817650052,1.8281201508258795,washing,top_load,0.9748444736707138,0.0006698584858234849,washing,washing
64.1,0.1173043446266073,-0.0327877096897197,1.049943281762448,1.6495832165581328,washing,top_load,1.0569845022955988,0.0008001120920923412,washing,washing
64.2,0.1660845727025077,-0.027263657207884,0.997290429692346,1.5695872561432915,washing,top_load,1.0113928976664153,0.0007435697787559174,washing,washing
64.3,0.0392893877660326,0.075652557059374,0.9805776938289514,1.629126588669858,washing,top_load,0.9842761700943269,0.0008034042286418209,washing,washing
64.4,0.0125461993389901,0.1230681562747323,0.99178024705309,1.7935185259655977,washing,top_load,0.9994654754674639,0.0008094426695783838,washing,washing
64.5,-0.0861281890623389,0.2095547909690921,0.95568076737048,1.9302265169590005,washing,top_load,0.9821695395862607,0.0008163035493117459,washing,washing
64.6,-0.1480885392236121,0.1370146359938992,1.0426928544853489,1.935355112570298,washing,top_load,1.0620318331955634,0.0011281152930012449,washing,washing
64.7,-0.2039349150574887,0.1332358038075935,0.9882084118724191,1.8945918543725,washing,top_load,1.0177902997627604,0.000961221261504931,washing,washing
64.8,-0.1317961241317952,0.1507181484164187,1.0410220458321526,1.6893664703898084,washing,top_load,1.0601005039649767,0.001229739758129065,washing,washing
64.9,-0.1190445481744263,0.1172520670309174,1.0015495514334194,1.8036824748605984,washing,top_load,1.0153921191586823,0.0010982671787709889,washing,washing
65.0,0.0290189770752818,0.0302999345549436,1.0428859592370532,1.7517986204944132,washing,top_load,1.0437295200569534,0.0009359734439884365,washing,washing
65.1,0.1177668308294332,-0.0177484077083895,1.0077008349712926,1.7698215354757876,washing,top_load,1.0147142480627893,0.0007985518915504935,washing,washing
65.2,0.1027418591464026,-0.0407329391817279,1.0255969798860722,2.105569184543972,washing,top_load,1.031534888943013,0.0008045968748161838,washing,washing
65.3,0.1587631315398187,-0.1261274484401902,1.02157279138265,1.5356999644494582,washing,top_load,1.0415012401719461,0.0006635306144566248,washing,washing
65.4,0.1139623122096649,-0.1455364869624805,1.0186987319875591,1.764798477611661,washing,top_load,1.0353334652152486,0.000573965087808212,washing,washing
65.5,0.06931324593977,-0.1461294221761183,1.0104380343154813,1.981762336079424,washing,top_load,1.0233001296196376,0.000302032835946136,washing,washing
65.6,0.0420348261506064,-0.1163008703733191,0.9930144785165324,1.5801162757449694,washing,top_load,1.0006850521530557,0.0003036284396653432,washing,washing
65.7,-0.056374830758004,-0.1437671644917077,1.057463040747186,1.7034378862100623,washing,top_load,1.0686791855722015,0.0004425228871387848,washing,washing
65.8,-0.063387545158435,-0.144957281319551,0.972791890447123,1.7206442253648542,washing,top_load,0.9855732628315641,0.0005573576042818559,washing,washing
65.9,-0.1618100619703907,-0.1002508133960454,1.0001292292702948,1.7665065416919024,washing,top_load,1.0180821170132714,0.0005517135745320679,washing,washing
66.0,-0.1126783874700387,-0.0283638140717887,1.0004465762562278,1.5606064260590675,washing,top_load,1.007171423787607,0.0005438733595563045,washing,washing
66.1,-0.0997596635005711,0.0210409338110505,1.0120732226003055,1.889292909050706,washing,top_load,1.0171956150426307,0.0005401090496791184,washing,washing
66.2,-0.0134301427823992,0.0994096731133235,0.9871158206231648,1.899943092376972,washing,top_load,0.9921997254425128,0.0006194050039173805,washing,washing
66.3,0.0238887533548272,0.0992443831270261,1.0094423891676876,1.8762562987526925,washing,top_load,1.01459058598416,0.0005570959310746819,washing,washing
66.4,0.1011953007627535,0.1281600037525586,0.994934722443911,1.6694439488563375,washing,top_load,1.0082462880580627,0.0005157838973815343,washing,washing
66.5,0.1391935110653052,0.1220648976198334,0.9525414244768632,1.8129766186180944,washing,top_load,0.9703658269426223,0.0006815581958530501,washing,washing
66.6,0.1222613741639296,0.1103146538188244,1.0002865685877054,1.6650839640646369,washing,top_load,1.0137506526540863,0.0006765806785087154,washing,washing
66.7,0.135439432453821,0.1263110354590366,0.9669830400090954,1.7501105008842732,washing,top_load,0.9845580314066708,0.00027954382563306576,washing,washing
66.8,0.074726153070057,0.0589846536264065,0.947968427126533,2.123020189075632,washing,top_load,0.952736755953516,0.0005012013252207743,washing,washing
66.9,-0.0009933441874776,-0.0126937970243298,1.0041061996206817,1.8143543066394383,washing,top_load,1.004186924497754,0.00045815840921679805,washing,washing
67.0,-0.0420588182263405,-0.0776976821521855,1.014636500260587,1.621871013601924,washing,top_load,1.0184758719103122,0.0004977446835413176,washing,washing
67.1,-0.092243713832813,-0.1197273312800807,1.0158009412631372,1.827050301099587,washing,top_load,1.0269834900660262,0.0005498804110821402,washing,washing
67.2,-0.1609523499597146,-0.1266835015041914,1.017015121210591,1.5972306110905037,washing,top_load,1.0374363234829933,0.0006900814883617212,washing,washing
67.3,-0.1154576192722783,-0.1320487628385232,0.9420223293717817,1.6201484411227485,washing,top_load,0.9582136539677591,0.0008643752652887261,washing,washing
67.4,-0.0909710717930063,-0.1715326759209323,0.959169492162776,1.6438315296076813,washing,top_load,0.9786241921736666,0.0008813522610279242,washing,washing
67.5,0.0007006594834331,-0.1202581264878176,1.05920564310441,1.7333535821706476,washing,top_load,1.0660108359178617,0.0012824854876277046,washing,washing
67.6,0.0542705676416916,-0.1444799295331216,0.9685837371976888,1.94054534933838,washing,top_load,0.9808028346787587,0.001320364778589723,washing,washing
67.7,0.1752512980993837,-0.0291234360284429,1.0183252309341009,1.8867597297025256,washing,top_load,1.0337056969798568,0.0013844925380508092,washing,washing
67.8,0.1606149537745293,0.0397929349897773,0.9793918713500246,1.8784492992370996,washing,top_load,0.9932719057325632,0.001071560419616805,washing,washing
67.9,0.1291831840267707,0.0588554236070783,1.002390182178027,1.6351613151614186,washing,top_load,1.012392381070779,0.0010681108584646435,washing,washing
68.0,0.1239763449995633,0.1638411039974124,0.981002373931792,1.7188028466846528,washing,top_load,1.0022872338498345,0.0010659550132709821,washing,washing
68.1,-0.0463184772592148,0.111597623681798,1.0168462346385894,1.8408001660324784,washing,top_load,1.0239998514871542,0.001054903617358239,washing,washing
68.2,-0.1156417607486622,0.1563337559500003,1.0041032235195009,1.705752002191738,washing,top_load,1.0227592793813889,0.000982636583100344,washing,washing
68.3,-0.0917018267597734,0.1421549393120192,0.986551306790673,1.7582450339548352,washing,top_load,1.0009499151966936,0.0006999902051840623,washing,washing
68.4,-0.1455290341657816,0.1160896297738754,0.9684948364095788,1.8662038038794924,washing,top_load,0.9862239857548981,0.0006502768928860893,washing,washing
68.5,-0.13514508843645,0.0769443542067095,1.0080332259247753,1.7476840978198047,washing,top_load,1.019958633053857,0.0003120802337124732,washing,washing
68.6,-0.1424739489888595,0.0350142173885942,0.9636184360287224,1.833908938365304,washing,top_load,0.9747231975357192,0.0003520277375808755,washing,washing
68.7,-0.0380004944002393,0.0047702187012162,1.0128244312636252,2.0389092684029357,washing,top_load,1.0135482825823376,0.0002731555713712202,washing,washing
68.8,0.0974087653867637,-0.0292735027365538,1.078794547271107,1.7742211801519503,washing,top_load,1.0835788299697042,0.0008530977099709018,washing,washing
68.9,0.1274080544831784,-0.1119586791487498,1.0405051015378604,1.976900671457881,washing,top_load,1.0542383148559127,0.0010128644835182908,washing,washing
69.0,0.1477496737985569,-0.1150069907180878,1.0215504366068249,1.883905510096104,washing,top_load,1.0385672190827153,0.001015980328276325,washing,washing
69.1,0.1341714703061555,-0.1710056367804984,0.9974317810677656,1.579913700976985,washing,top_load,1.020840373975694,0.001015472469847222,washing,washing
69.2,0.1037398008602853,-0.1190860821674247,0.9418374211898942,1.6346794456104714,washing,top_load,0.9549875230609814,0.0014563927167666546,washing,washing
69.3,-0.0086572537732962,-0.1396290909498654,0.9603314081229944,1.6749606175395155,washing,top_load,0.9704677452187035,0.001642866977051221,washing,washing
69.4,-0.0110707724070076,-0.0444461319845842,1.0384837856830813,1.6717747624600825,washing,top_load,1.0394934313292907,0.0016248953547506365,washing,washing
69.5,-0.0628032945894124,0.0382120291339326,0.9763073175962568,1.786456538083978,washing,top_load,0.9790711881032018,0.001765557907863464,washing,washing
69.6,-0.1829926376850214,0.0207330581400901,0.9790224370550786,1.8921966072122731,washing,top_load,0.9961933032318714,0.0016292615476187888,washing,washing
69.7,-0.1695465160334452,0.0081327965080217,0.9950304857294794,1.9882737625057083,washing,top_load,1.0094046913944694,0.0016324060311209095,washing,washing
69.8,-0.1613731277923075,0.0979241886543705,0.9681386122346034,1.8462262633087625,washing,top_load,0.9863684938179205,0.001089110063438886,washing,washing
69.9,-0.1012235869595211,0.1777663326767595,0.963196937963451,1.7331480665920185,washing,top_load,0.9846803668665605,0.0008112800095369599,washing,washing
70.0,0.0016044488046555,0.1665923036107573,0.9984857778165572,1.487663813455519,washing,top_load,1.0122891970085628,0.0006434821343890975,washing,washing
70.1,0.0097309864656013,0.1482774866083334,0.9732541163598388,1.8105884363126008,washing,top_load,0.9845326201522471,0.0005698802390319318,washing,washing
70.2,0.1450773019760152,0.1446264273303617,0.9777694426066332,1.803865529054249,washing,top_load,0.9989981531145443,0.00040404281145553007,washing,washing
70.3,0.172319661362251,0.0884427044096984,0.9765642692155898,1.827439313030844,washing,top_load,0.9955872385501339,0.00032378099628226016,washing,washing
70.4,0.1281909802287968,0.0609273304027722,1.0156708064150342,2.1159360446555,washing,top_load,1.0255399816710191,0.00021664172570683913,washing,washing
70.5,0.0137465325443341,-0.0005244868884487,0.9930362292851392,1.986089481928961,washing,top_load,0.9931315093764451,0.00017955937584383477,washing,washing
70.6,-0.0110925737454262,-0.0315149164851176,0.9946428409631844,1.9177591377374976,washing,top_load,0.9952038063797165,0.00018020244454214316,washing,washing
70.7,-0.0182316248796206,-0.1060054627178641,1.0179083769192665,1.65568843048926,washing,top_load,1.023575602520007,0.00023439199472878927,washing,washing
70.8,-0.1989168148382224,-0.114906963704391,0.9957388117530118,1.7230507876204886,washing,top_load,1.0218939723691718,0.00025305678290559104,washing,washing
70.9,-0.1577687899751086,-0.1591664405850685,0.9916523869462848,1.7857733089607246,washing,top_load,1.0166609087768617,0.00022127783158742233,washing,washing
71.0,-0.1780585007982925,-0.1575102972300093,1.014113510667105,1.683688931398447,washing,top_load,1.0416047887551123,0.00034336042648996706,washing,washing
71.1,-0.0785449568417596,-0.0606881426010601,1.0200459353067288,1.875069678747768,washing,top_load,1.0248639280574858,0.0002807021595213676,washing,washing
71.2,-0.0575569016390302,-0.064119449535121,0.995587795014742,1.853536327382356,washing,top_load,0.9993093406534774,0.0002796947554589481,washing,washing
71.3,0.0494221036967938,0.0034778733731703,1.0024182332686156,1.6367538310417962,washing,top_load,1.0036418456433496,0.0002536957439163114,washing,washing
71.4,0.1196458784643768,0.0355132669206497,0.976546293108,1.9795225063644184,washing,top_load,0.9844892030610928,0.00032188963600031297,washing,washing
71.5,0.1977452526361724,0.0627785497192476,0.9741795087050642,1.815346550071329,washing,top_load,0.9960271313703437,0.0003115921920648028,washing,washing
71.6,0.1412548292990421,0.1194280465746458,1.0230744250590045,1.5406393279886623,washing,top_load,1.039662091411796,0.00035588234461118114,washing,washing
71.7,0.1268583175050441,0.1863095022450286,1.0133482618763388,1.7922985712482546,washing,top_load,1.0381131745598828,0.0004041620370528928,washing,washing
71.8,0.0106670185288792,0.1664677457192853,1.013658953152497,1.842180968388436,washing,top_load,1.027292445682033,0.00041339540213207405,washing,washing
71.9,0.016912421864172,0.0866905823129682,1.0084256304617656,1.9459188542153607,washing,top_load,1.0122862931242735,0.00041580061837542115,washing,washing
72.0,-0.1109830532860106,0.1028879604159289,1.001386098274449,1.7493785395310075,washing,top_load,1.0127572701948673,0.0003395509780206676,washing,washing
72.1,-0.1525466827925362,0.1207262961946478,1.020892356724683,1.924190740117081,washing,top_load,1.0392624947734628,0.0003955422387056579,washing,washing
72.2,-0.1503714431097172,0.0105145518755286,1.0280532628306835,1.8280712980155325,washing,top_load,1.039045541793456,0.0004123771613000382,washing,washing
72.3,-0.1735357191855015,-0.089489210305576,1.0273368401557197,1.6027418086443632,washing,top_load,1.0457265167028535,0.0004434468567061428,washing,washing
72.4,-0.065399950247392,-0.0267398759105493,0.9969766625216204,1.587724983977623,washing,top_load,0.9994771833657945,0.00033609154400703295,washing,washing
72.5,0.0290239881877509,-0.100880773861857,1.0416097818972652,1.9683839805224024,washing,top_load,1.0468859824113408,0.00026769882198289123,washing,washing
72.6,0.0810510658201724,-0.1464045365022954,1.0068538204519697,1.9793976267572653,washing,top_load,1.0206655570448946,0.00026321246726231177,washing,washing
72.7,0.0789822618999403,-0.1607163671215541,1.018971285776974,1.8484363845607088,washing,top_load,1.0345870816869698,0.00025664987026429256,washing,washing
72.8,0.1459897304343506,-0.1040453377089987,1.0084626367250464,2.0243560081770045,washing,top_load,1.0242730707002439,0.0002579011728877398,washing,washing
72.9,0.1579849249592881,-0.1229898535881803,1.0074102012245252,1.958491477356241,washing,top_load,1.0271129704814714,0.00022976870168706955,washing,washing
73.0,0.0318281248648915,-0.0294192009992826,0.9779274402924903,1.9025443094219583,washing,top_load,0.9788874283577625,0.0004665830647819641,washing,washing
73.1,-0.0134429953798838,0.0030881790891114,1.0210405251503447,1.6633032766899492,washing,top_load,1.0211336861421043,0.0004443766916496395,washing,washing
73.2,-0.0289223747802578,0.0464666837081054,1.0853588318472291,2.0597143126548514,washing,top_load,1.0867379860511643,0.0008336280062766134,washing,washing
73.3,-0.1074741233904479,0.0910013496734056,0.9887561477562976,1.880445214831241,washing,top_load,0.9987345255706344,0.0008750710327331278,washing,washing
73.4,-0.1349839401455008,0.1182808485428377,1.0021298414627484,1.7421241838082568,washing,top_load,1.0180742813662327,0.0008089328518306577,washing,washing
73.5,-0.0868736332155748,0.1766566777755713,0.986613842069582,1.699759499204205,washing,top_load,1.0060623655191951,0.000783476171227035,washing,washing
73.6,-0.0886254825341171,0.1232823675841399,0.985359402953142,1.8385175672270784,washing,top_load,0.9969885512380413,0.0008445943674605231,washing,washing
73.7,-0.017566842761729,0.0862530339300489,1.04633348434356,1.5493411372742318,washing,top_load,1.0500294949596838,0.0009210410836233738,washing,washing
73.8,0.1186258488912772,0.1224811995586965,0.979810869468176,1.9049509913029292,washing,top_load,0.9945366138048897,0.0009865390723685313,washing,washing
73.9,0.0962679291465846,0.0793731151990688,0.9857775857990092,1.656964377795896,washing,top_load,0.9936423170649987,0.0010295199575338439,washing,washing
74.0,0.1187219945357176,0.0238258125047545,0.9523752152880608,1.855591216323643,washing,top_load,0.9600422553320405,0.0012141005731187153,washing,washing
74.1,0.1601769795567168,-0.0305210382819559,0.9772716482637326,1.721756949396276,washing,top_load,0.9907815465872556,0.0012486546922981015,washing,washing
74.2,0.1287467172980367,-0.0993019588087522,0.9487480032113996,1.7603371930912943,washing,top_load,0.9625795394853838,0.0006608695314583906,washing,washing
74.3,0.039417221144322,-0.1020047248747522,1.0189541409763578,1.6864635190852404,washing,top_load,1.0248054559926882,0.0007380354020336028,washing,washing
74.4,-0.0497718956212877,-0.1475457747206217,1.0839909166551194,1.77581558532288,washing,top_load,1.0951179409645568,0.00164526192076512,washing,washing
74.5,-0.018872455181169,-0.1634306120216269,0.9889996361904844,2.083406931902603,washing,top_load,1.0025896542929411,0.0016475453924839126,washing,washing
74.6,-0.1259187537582604,-0.142577206689695,0.9499972620102928,2.0077589440572963,washing,top_load,0.9688542667721097,0.0017899874850435512,washing,washing
74.7,-0.171672570706303,-0.0406807302548801,1.026999989932892,1.8531718432493185,washing,top_load,1.0420438439284314,0.0017152097716455793,washing,washing
74.8,-0.099171279756917,-0.1090161467896379,0.9781922512320952,1.7962058601652573,washing,top_load,0.9892317945557547,0.0017285895847278354,washing,washing
74.9,-0.0755374056620983,0.0093401157283795,1.0389804079166065,1.9266301786039328,washing,top_load,1.0417645729484843,0.0018604282119271398,washing,washing
75.0,-0.0075864433895408,-0.0040207636724765,0.9915391285663016,1.9694955591161336,washing,top_load,0.9915763027330944,0.00162533480794317,washing,washing
75.1,0.0891312372726902,0.0894319418138591,0.9810455293275164,1.6755272426688708,washing,top_load,0.9891373920178456,0.0016329683672571963,washing,washing
75.2,0.0878927207783525,0.1146403477145774,0.9946612733276294,1.7883841698551697,washing,top_load,1.0050963079962445,0.001358423505251064,washing,washing
75.3,0.1602828253817557,0.0844274089572397,1.0227333028280856,1.526706265564788,washing,top_load,1.0386539270658133,0.0014077102592090782,washing,washing
75.4,0.193112702101855,0.1599688894236999,0.9931773810773304,1.9684653165391344,washing,top_load,1.0243455821060374,0.0006706746602047803,washing,washing
75.5,0.1021531177097933,0.1200448601408149,0.9850982589161889,2.1097536386551283,washing,top_load,0.9976294941629209,0.000680563877182469,washing,washing
75.6,0.0075136219211416,0.0355116730861073,0.9940350519106338,1.812012393693463,washing,top_load,0.9946975509504006,0.0005177534623527472,washing,washing
75.7,-0.0704318413155525,0.0786488245302158,0.9618443444649736,1.4812484812645477,washing,top_load,0.9676212197189242,0.0005651195565055036,washing,washing
75.8,-0.1278871856167211,0.0449350913221749,1.011910948068819,1.8913335774865547,washing,top_load,1.0209495881279518,0.0005618024901838637,washing,washing
75.9,-0.1549619679507357,-0.005219201409544,0.9463982021846526,1.664386625077638,washing,top_load,0.9590151243191428,0.0006099787174842026,washing,washing
76.0,-0.1539926734270217,-0.0848449052427577,0.9866763563690344,1.700497583750331,washing,top_load,1.0022188551571596,0.0006040501119661928,washing,washing
76.1,-0.0751927226570647,-0.1282067684216113,1.0227815562649225,1.8939864584686503,washing,top_load,1.033524568089889,0.0006945517870034282,washing,washing
76.2,-0.0892997561710001,-0.1078399515525061,1.0090914484879816,1.8381831188269089,washing,top_load,1.0187587805828324,0.0007154073962338332,washing,washing
76.3,0.0631634845870852,-0.0972131426191791,1.0177096171895916,1.72678368369921,washing,top_load,1.0242914066823294,0.000630989851091078,washing,washing
76.4,0.091291470135024,-0.0955814514926577,0.9980486298184356,1.7025591551097503,washing,top_load,1.0067626402838525,0.0005836017078622341,washing,washing
76.5,0.1539669110151343,-0.1238597265291985,1.0350923854295655,1.8188754082831249,washing,top_load,1.0537852190639696,0.0008375834139589344,washing,washing
76.6,0.1135334503032781,-0.0438825860820047,1.0277409759030938,1.738580167123145,washing,top_load,1.0349236876452559,0.0008790325786535998,washing,washing
76.7,0.1554359184218517,0.015070390311242,1.0133842301274305,1.633614429959549,washing,top_load,1.0253463021197973,0.000640594608259874,washing,washing
76.8,0.0925877317078626,-0.0008267272605357,1.0278263733194062,1.750115522778246,washing,top_load,1.031988481152621,0.0006601198901646357,washing,washing
76.9,0.0099877307378578,0.1125686831515653,1.0225127066321074,1.8509388934882776,washing,top_load,1.0287388873839112,0.000215891376033615,washing,washing
77.0,-0.1336104311176792,0.1996357567859608,0.9868160945995932,1.773284479977055,washing,top_load,1.015633884454309,0.00016289227852507422,washing,washing
77.1,-0.1108504257379204,0.1674958466847102,0.95968303264926,1.5879737102627722,washing,top_load,0.9804765161378353,0.0003718124946830211,washing,washing
77.2,-0.1375583566351693,0.1911806503008895,1.0126108637752786,1.948359693206331,washing,top_load,1.0396408533553092,0.000400050313691339,washing,washing
77.3,-0.1748073262392808,0.133136614173066,1.0163826769249429,1.3891782844585,washing,top_load,1.039863791702311,0.0004247591627372306,washing,washing
77.4,-0.0729919726283809,0.0904823922440363,1.032714159734157,1.7330452267457348,washing,top_load,1.0392369446328453,0.00039343986772035405,washing,washing
77.5,0.010936034670994,0.0577906908586755,0.9719103617486412,1.7069702318169129,washing,top_load,0.9736884060512494,0.0005931800235284102,washing,washing
77.6,0.0889453093299518,-0.0301283268400197,0.9728070682216852,1.822226831680712,washing,top_load,0.977329307916247,0.0007460938529488223,washing,washing
77.7,0.1319670298337699,-0.0858801199453035,1.0137970079892331,1.8842492711704104,washing,top_load,1.025950810406078,0.0007474941619179406,washing,washing
77.8,0.158440951769662,-0.0633107845030716,0.9978649903344076,1.9690147212391556,washing,top_load,1.0123469413037993,0.0007130341718803042,washing,washing
77.9,0.1799323996374981,-0.0920501970360339,0.9434271516828662,1.693139268997176,washing,top_load,0.9648335077857354,0.0009020402648704919,washing,washing
78.0,0.1249488051411927,-0.1785503946647917,1.0112532449126257,1.8879873506000224,washing,top_load,1.0344687393476324,0.0009740709143448272,washing,washing
78.1,-0.0672116635788387,-0.1171390667813703,0.9444273125503314,1.8293727581822192,washing,top_load,0.9540345472667574,0.0012103208085139105,washing,washing
78.2,-0.0647418395478297,-0.1282380052745028,0.9716423034437988,1.5432690937225166,washing,top_load,0.9822042850784104,0.0011126146625235413,washing,washing
78.3,-0.1205165172426823,-0.0794914902239189,1.0405504411858033,2.0850810383151166,washing,top_load,1.0505181333981317,0.0012174119922580492,washing,washing
78.4,-0.1999060447911118,-0.0289463301874484,1.0547463705342135,1.58418373091397,washing,top_load,1.0739135081236493,0.0016287549119960284,washing,washing
78.5,-0.1398329856973035,0.0392490919731234,0.9635303089458412,1.8629245908464571,washing,top_load,0.9744149071966239,0.0016237640933768123,washing,washing
78.6,-0.0652193327169912,0.0629175114129391,0.9901182538776192,1.858493991629662,washing,top_load,0.9942566727279795,0.0015483250475218158,washing,washing
78.7,-0.0699005188624463,0.1463528557309779,1.0012786756923613,1.8413455173493616,washing,top_load,1.0143294471295312,0.001512099988443442,washing,washing
78.8,0.0473955112354194,0.1441931729277514,1.053436807827447,1.7258134676757588,washing,top_load,1.0643153262496603,0.0018608730497372847,washing,washing
78.9,0.0752073615704092,0.1679681807212806,0.985213931565268,1.9240878976710756,washing,top_load,1.0022554304764288,0.0016192477245548713,washing,washing
79.0,0.1225011167338808,0.1202895964231789,0.9856934793090016,1.5659448789085355,washing,top_load,1.0005337304463975,0.0015836017453645164,washing,washing
79.1,0.1916648966344047,0.1882896599654099,1.0464617667538858,1.7901256816989115,washing,top_load,1.0804030071827044,0.0015786243843297074,washing,washing
79.2,0.0993002518130125,0.1007306532094895,0.9887563254184524,1.7154187985171312,washing,top_load,0.9988224444620468,0.0014529468286131671,washing,washing
79.3,0.0690850575730232,0.0605161487038412,1.0216660512689937,1.698405308689945,washing,top_load,1.0257857816081246,0.0013759340535068804,washing,washing
79.4,-0.074936528516476,-0.0614232538189548,0.9556857110466273,1.864312168118032,washing,top_load,0.9605849664212457,0.00137561575651544,washing,washing
79.5,-0.0322982610020214,-0.0885479544271283,0.9948630176772302,1.9616217814079528,washing,top_load,0.9993179383153433,0.0012320143634201532,washing,washing
79.6,-0.1176444844807079,-0.0695938409438302,0.950212094850208,1.74851163572447,washing,top_load,0.9599929961336526,0.0015002034410898542,washing,washing
79.7,-0.1551790045437483,-0.1279091620539712,0.9683369865713288,1.9171021634888668,washing,top_load,0.9889983805601401,0.0015435681987092619,washing,washing
79.8,-0.1093827935253058,-0.2069872270839596,1.0251760406545678,1.8074610998166896,washing,top_load,1.0515675071185313,0.0014005722076929775,washing,washing
79.9,-0.1145576339836965,-0.1131554528684,0.9985028382673986,1.6660901686142988,washing,top_load,1.0114027516503237,0.0013996483419392528,washing,washing
80.0,0.0354759222525779,-0.1376660332868245,0.9904268277834108,1.7613071860138405,washing,top_load,1.0005777226051509,0.0013995780774338287,washing,washing
80.1,0.0625435078503661,-0.041191832896927,0.9775375112805724,1.7550771163812575,washing,top_load,0.980401980532604,0.0007849674212769716,washing,washing
80.2,0.1205271033738478,-0.0381099199116731,0.9933803178027616,1.695501013124183,washing,top_load,1.0013908350096279,0.0007862418984844979,washing,washing
80.3,0.1349543408152757,0.0230696583116313,1.0090333950130208,1.8642724392983752,washing,top_load,1.0182795664703304,0.0007455316924780856,washing,washing
80.4,0.1183045157875368,0.102626119771249,1.0294874861938528,1.835196928155714,washing,top_load,1.0413321099172754,0.0007396051484473642,washing,washing
80.5,0.1090079061927229,0.0824205049875714,0.921245599477096,1.5614025452595874,washing,top_load,0.9313266439927732,0.0012926663253201086,washing,washing
80.6,0.0264771905377766,0.1082493728698608,0.9750471647721156,1.5522711007140964,washing,top_load,0.9813948959902089,0.0011552033572775472,washing,washing
80.7,-0.03566623866061,0.1439155908789592,1.0047728872656705,1.8637026679808637,washing,top_load,1.0156536480820748,0.0011571344518009714,washing,washing
80.8,-0.1158408271009322,0.1680448657006349,0.9970341065211314,1.67770703568082,washing,top_load,1.0177107563930743,0.0009088576083867877,washing,washing
80.9,-0.1319470932769876,0.0791722422187711,1.0121012872758015,1.8453061732650489,washing,top_load,1.0237320426105303,0.0009554454549462443,washing,washing
81.0,-0.1552239397620234,0.0303329812501765,1.0080262085837963,1.9171397367163785,washing,top_load,1.0203584656475346,0.0009919257026605147,washing,washing
81.1,-0.0357901106470184,0.0565126942996251,0.9908539641101978,1.609357074389166,washing,top_load,0.9931093569340799,0.0009438133319016629,washing,washing
81.2,-0.0843413955676416,-0.0387578929797035,0.9841944041203848,1.5882694118135725,washing,top_load,0.988561718041116,0.0009689330272504692,washing,washing
81.3,0.0751316027816147,-0.0823723702124034,0.992634955307935,2.0511647523592944,washing,top_load,0.998876428598718,0.0009413278207215001,washing,washing
81.4,0.1437192894109329,-0.167595483871832,1.0344622704946822,1.852735617444369,washing,top_load,1.057759740886384,0.0011147997240330476,washing,washing
81.5,0.117093713265304,-0.1598358523137958,0.9780397620128286,1.7371139014990091,washing,top_load,0.9979079183217484,0.0004998824129445807,washing,washing
81.6,0.2142212959259825,-0.1501796472914294,0.9981157983056812,1.6599089321030605,washing,top_load,1.0318332408466848,0.00043919560195447273,washing,washing
81.7,0.1454416949047255,-0.114153410020524,1.0055002664199526,1.723433872663908,washing,top_load,1.0223576054427672,0.00044533359225243363,washing,washing
81.8,0.0843528531073899,-0.1399062502220931,1.0468105278962336,1.6214141495830037,washing,top_load,1.059481686483044,0.0006429281696772747,washing,washing
81.9,-0.0179593194238637,-0.0274446464602544,0.9909907522529106,1.9325118261135883,washing,top_load,0.9915333664704815,0.000715591151332395,washing,washing
82.0,-0.0946845725904297,-0.0486438779132556,1.0287641996803287,1.683487326959052,washing,top_load,1.034256821920445,0.0007478191947998478,washing,washing
82.1,-0.142006322681092,0.0039028207316753,1.0369593820979506,1.96403018823244,washing,top_load,1.046645015185203,0.0007434484812321511,washing,washing
82.2,-0.1379880913746554,0.1200298277891731,0.9980873720502804,1.7399056620344984,washing,top_load,1.014705018794405,0.0006121791870177871,washing,washing
82.3,-0.0846136005742893,0.1207101812226291,0.9936784306276972,1.643497472457403,washing,top_load,1.0045532503295524,0.0005817707414998295,washing,washing
82.4,-0.0668236245794178,0.1242493367777326,0.9901283898385536,1.7360547617979298,washing,top_load,1.0001287531392766,0.0005084842327662004,washing,washing
82.5,-0.0273433086941184,0.1453460060645822,0.9923253059727224,1.4063749833747876,washing,top_load,1.0032859168168984,0.0004845673770668701,washing,washing
82.6,0.0969958629868028,0.1814022859743448,1.0256271958173049,1.781884713498899,washing,top_load,1.0460526428403787,0.0005394034081765728,washing,washing
82.7,0.1542837112171457,0.1583524612404878,1.0069302993176654,1.7744821213304762,washing,top_load,1.0309159001644213,0.0005468373908300322,washing,washing
82.8,0.169343795117674,0.0494053058541392,1.007058691275096,1.9237114119821952,washing,top_load,1.0223920054774036,0.00038499868751058444,washing,washing
82.9,0.158089025065653,0.0231225604768619,0.9662432946886048,1.517054260802493,washing,top_load,0.9793635163614708,0.0004752988000531026,washing,washing
83.0,0.0800399439391416,-0.0254024923578256,0.9709752976787428,1.974279954129532,washing,top_load,0.9745997680823105,0.0006187241201534886,washing,washing
83.1,-0.0090696899792694,-0.1067531333827195,1.064303404743309,1.9230898942496484,washing,top_load,1.0696823024204658,0.0008478049371489267,washing,washing
83.2,-0.0812644858219265,-0.1184398968145535,0.9946652282413392,1.9878065345547995,washing,top_load,1.0049830058691238,0.0008569604688288863,washing,washing
83.3,-0.1646408838701021,-0.1419050599356596,0.9767568401326492,1.7920917935993794,washing,top_load,1.000648585379897,0.0008663312786216642,washing,washing
83.4,-0.1402346292629249,-0.1157463440243929,1.042932974967679,1.9520845251154133,washing,top_load,1.058665271780678,0.00103888323637577,washing,washing
83.5,-0.145161940941072,-0.1032437220339036,1.0084542564605066,1.5793133947639644,washing,top_load,1.0240660343017467,0.001009228060777169,washing,washing
83.6,-0.1158816970251946,-0.1217674537643976,1.0173446475059356,1.90695713478068,washing,top_load,1.0311382120310932,0.0009488934023208755,washing,washing
83.7,-0.1259720478050767,-0.0770241841406234,0.995858587741554,1.6843255856850083,washing,top_load,1.0067452550418778,0.0009467790097576397,washing,washing
83.8,-0.0001160410160978,-0.000739774541029,0.990439807282696,1.5522897251365595,washing,top_load,0.9904400903548245,0.001012207670614339,washing,washing
83.9,0.1363072854313941,0.0142454130204922,0.9949124088250813,1.631378922275346,washing,top_load,1.0043073777922402,0.0008822504288436054,washing,washing
84.0,0.1227196974423785,0.0980332237989675,0.9585178548910412,1.8008296707943907,washing,top_load,0.9713017632299916,0.0009140665926973083,washing,washing
84.1,0.1581608379390097,0.1164613651760939,0.9973621777174032,1.6763551187673595,washing,top_load,1.0165182800999941,0.0005648297370308269,washing,washing
84.2,0.0738564235171124,0.114147724379837,1.0088809923112785,1.85641102975437,washing,top_load,1.018000653694694,0.0005647127511976567,washing,washing
84.3,0.0983798473734855,0.1211054421045135,1.0555138970153126,1.5287643667493975,washing,top_load,1.0669839311203388,0.0008347173408032821,washing,washing
84.4,-0.0231208148362908,0.1814465379858139,1.0025799719501565,1.4809353684576207,washing,top_load,1.0191290489340925,0.0006409258480131276,washing,washing
84.5,-0.0794665759493651,0.1046526497389155,0.9299746887336908,2.005858115121536,washing,top_load,0.9392124549194487,0.0011874044158472043,washing,washing
84.6,-0.0659506641134504,0.1164681052304607,0.9971804370164612,1.9355700194102152,washing,top_load,1.0061228223240537,0.0011123383459214445,washing,washing
84.7,-0.1042108062465586,0.001519369909577,1.0821851239932492,1.6426054746129288,washing,top_load,1.0871921832021072,0.001810800117443631,washing,washing
84.8,-0.1358461574639168,-0.0267386935196086,1.0259909870495512,1.799550053479419,washing,top_load,1.035290607383144,0.0017978628607275852,washing,washing
84.9,-0.0900596566613693,-0.0117510407826772,0.9756733316857424,1.952926059030199,washing,top_load,0.9798914628060582,0.0019231202821369739,washing,washing
85.0,-0.0097663503455836,-0.1530741514961409,1.0177331954329167,1.8628800912435908,washing,top_load,1.0292268625242114,0.0017094891323546034,washing,washing
85.1,0.0875599985695513,-0.2012385857349055,0.9777395972533078,1.8222334644275215,washing,top_load,1.0020670844684727,0.0017407730441604393,washing,washing
85.2,0.1234924647977769,-0.1109761311004751,0.9593857744135944,1.9642731121968893,washing,top_load,0.9736463190928379,0.001940569687492406,washing,washing
85.3,0.1378466849141363,-0.1613201687645435,0.9895489191029778,1.690393128719817,washing,top_load,1.012043955907998,0.0015940246276286846,washing,washing
85.4,0.1797394953911739,-0.1073515425045824,1.002745793177166,1.8046767672996944,washing,top_load,1.024367983498162,0.0016092807419214206,washing,washing
85.5,0.0847414910905391,-0.0814444400483148,0.943835334926998,1.7973227042561413,washing,top_load,0.9511253632323081,0.0014389713957519647,washing,washing
85.6,0.0877876578257738,-0.0051327960539623,0.9655252212838408,1.7590856928493437,washing,top_load,0.9695215167272341,0.0016052651953062068,washing,washing
85.7,-0.0524964059901398,0.0106101397279114,1.0003100668954708,1.7415291732868872,washing,top_load,1.0017428201087086,0.0008019911292987395,washing,washing
85.8,-0.0620174345896258,0.0812377028768375,0.9877548047203314,1.8109302356742736,washing,top_load,0.9930283383720144,0.0006293714667289606,washing,washing
85.9,-0.136623504927985,0.1370243494409607,1.011844338134383,1.8051611243978287,washing,top_load,1.0301798964516504,0.0007283289042273644,washing,washing
86.0,-0.1137696602467902,0.1150382075810662,0.9635599501807433,1.642735853619821,washing,top_load,0.9770491811513129,0.0006465619337902328,washing,washing
86.1,-0.1244203974348398,0.1282401316578189,1.021423412456599,1.920269386485067,washing,top_load,1.036933823433271,0.0008346863621895898,washing,washing
86.2,-0.0629162597523532,0.1244893027270016,0.964487227088194,1.6535422188350613,washing,top_load,0.9745212432014779,0.0008302293267398015,washing,washing
86.3,0.0510946617251705,0.061183532845138,1.0492820290581288,1.767264983317924,washing,top_load,1.0523055001531474,0.0011264669571309123,washing,washing
86.4,0.1323386631632662,0.0477591358730854,0.9485272514686504,1.7557079290919924,washing,top_load,0.9589047938173302,0.0012161954381176784,washing,washing
86.5,0.143866172504287,0.0129824741264856,0.9672233718884976,1.8537155418988824,washing,top_load,0.9779504442213998,0.001029405853945707,washing,washing
86.6,0.1087512875567932,-0.0547393576181446,1.0125211240909548,1.4821344089674002,washing,top_load,1.019814819733523,0.0009728510047214314,washing,washing
86.7,0.074769235427689,-0.0978270422465764,1.0499269975449292,1.9336364722394188,washing,top_load,1.057122163675923,0.0012733816407295862,washing,washing
86.8,0.0124045908371194,-0.1262262561335149,1.0094512910834852,1.6984514478581754,washing,top_load,1.017388249726443,0.001252861273970055,washing,washing
86.9,-0.0718286484228255,-0.1658513347909555,1.0168857376054716,1.9829944942165585,washing,top_load,1.032822648537306,0.0012652834557602861,washing,washing
87.0,-0.0848832270604532,-0.128085328221166,1.0005261070501918,1.728275261322577,washing,top_load,1.0122566396081243,0.0011276711978542918,washing,washing
87.1,-0.1019727402186611,-0.0901411235779803,0.9692080463765442,1.7926734621398983,washing,top_load,0.9787175788084328,0.0011699170351857709,washing,washing
87.2,-0.1501064828719849,-0.1152313329840195,0.9852958495528186,2.0870679060102635,washing,top_load,1.0033036068147478,0.0010374727419426904,washing,washing
87.3,-0.1944616315454395,-0.042410917383945,0.9636427084005617,1.7583992686809498,washing,top_load,0.983982358332827,0.0008780301865907035,washing,washing
87.4,-0.0779858649252932,-0.0128420420635308,0.961638700966694,1.985827482701019,washing,top_load,0.9648811866594863,0.0008214109567542973,washing,washing
87.5,-0.0048839698989823,0.0573171695073928,1.0120524675795923,1.805856762834684,washing,top_load,1.01368600079919,0.0007357049822502738,washing,washing
87.6,0.1351430136220127,0.1396523278996416,0.9663046605373612,1.8623128245440237,washing,top_load,0.9856526283609522,0.0007657350034248872,washing,washing
87.7,0.0829350514377174,0.1429089585597476,1.0095866202017008,1.8104937884117065,washing,top_load,1.0230182485585981,0.000486885510544356,washing,washing
87.8,0.1379836811862647,0.0937758216933462,0.9609453174333672,1.9271777439450184,washing,top_load,0.9753201034045642,0.0005159904112281831,washing,washing
87.9,0.1868996382862386,0.1619176306540959,1.0088914906035027,1.6971702580720422,washing,top_load,1.0387544626716751,0.0005662498352243154,washing,washing
88.0,0.101667138084269,0.1684319143058517,0.9853395229311112,1.6523927215471224,washing,top_load,1.0047882822630294,0.0005480957565032973,washing,washing
88.1,0.035699377240145,0.0918399782630058,1.0421984660095194,1.7042135714434468,washing,top_load,1.0468460582603725,0.0007322689722343607,washing,washing
88.2,-0.0517811497919826,0.0833308259905284,1.009711566867372,1.8149565564486136,washing,top_load,1.01446673789721,0.0007429451977769796,washing,washing
88.3,-0.1056786802566456,-0.0188185602520459,1.037073486789824,1.7668771821674507,washing,top_load,1.0426138013057131,0.0008110475855470181,washing,washing
88.4,-0.1240148017009481,-0.0944891064641161,0.9773305985072442,1.9065412314706764,washing,top_load,0.9896883151072567,0.000618332820783718,washing,washing
88.5,-0.166943067011056,-0.0913785278973216,1.001684300207325,1.995709754973228,washing,top_load,1.019603579959181,0.0006221009347293218,washing,washing
88.6,-0.0763403085220606,-0.1822828142013113,0.9705673852565116,1.6536242494147488,washing,top_load,0.9904826683905454,0.0005939266936306636,washing,washing
88.7,-0.0784935735812951,-0.1548777805661883,0.9875918427176674,1.68990768125791,washing,top_load,1.0027392561424673,0.0005969258385874165,washing,washing
88.8,0.047154522259669,-0.1090793823000165,0.9921368733176612,1.584564087253072,washing,top_load,0.9992284203369296,0.00045639019869662484,washing,washing
88.9,0.1080442947878919,-0.1868813997513155,0.9782242533793858,2.1045559486138656,washing,top_load,1.00175891166931,0.00039731811589355443,washing,washing
89.0,0.1241696847985105,-0.1339985023397224,0.9635349142346292,1.845700424868274,washing,top_load,0.9807003824825319,0.0004897775160051942,washing,washing
89.1,0.1466625293495343,-0.0808838990333009,0.9575944802904204,1.8719703480077368,washing,top_load,0.9721313138258187,0.0004165303333632004,washing,washing
89.2,0.0969007818364009,-1.4689808826649558e-05,0.929807556528778,1.598968742245343,washing,top_load,0.9348432242436766,0.0008182784146264651,washing,washing
89.3,0.0230676430968524,0.0424902782375975,0.9683096060948962,1.799824501648969,washing,top_load,0.96951587566084,0.0005528395835534331,washing,washing
89.4,-0.0294084272830554,0.1404619548138237,1.0188248169001553,1.8763871976619628,washing,top_load,1.0288821234121128,0.000737976624111872,washing,washing
89.5,-0.1212874469050174,0.1600764518793274,0.9520450440396016,1.7620863464198362,washing,top_load,0.9729978834012841,0.0006484684067988617,washing,washing
89.6,-0.1260401339471017,0.1631559500927435,0.9589563146124008,1.9613558437239595,washing,top_load,0.980868590969793,0.0006466987166600268,washing,washing
89.7,-0.1842065740888114,0.1513471672879535,1.0537269571369874,2.1467746688464246,washing,top_load,1.0803603691272645,0.0015661149140620218,washing,washing
89.8,-0.1052898781355713,0.1394460655787503,0.9809051185045524,1.6579405759359074,washing,top_load,0.9963463329342999,0.0015623984485909756,washing,washing
89.9,-0.1077074231531195,0.0668194713041508,1.009631380274945,1.6466869131034956,washing,top_load,1.0175565118378154,0.0016221742189553036,washing,washing
90.0,-0.0169888474674322,0.0720688597629459,1.0192695143950148,1.6683365901707137,washing,top_load,1.0219554219538405,0.0016757589178829984,washing,washing
90.1,0.053524948868796,-0.0390148550312572,1.0198757838934385,2.0409298740024737,washing,top_load,1.0220243116662013,0.0016429115646975174,washing,washing
90.2,0.1664035906915458,-0.0319055545111997,0.9543305730817582,1.9563532975544529,washing,top_load,0.9692548489031477,0.0012436861780630052,washing,washing
90.3,0.159612707632738,-0.0657156461545835,0.9930682096030152,1.7796708273309527,washing,top_load,1.0079579512616121,0.0010799962552463537,washing,washing
90.4,0.1293720437935691,-0.1268945292593902,0.9514531819144484,1.8054839496601311,washing,top_load,0.9685569186405184,0.0011883758918540136,washing,washing
90.5,0.1031293710759626,-0.1541035969660308,1.0733895357673098,1.677518456070492,washing,top_load,1.0892881534613115,0.0017450339203457749,washing,washing
90.6,-0.0444157853852404,-0.1341697336686972,0.952153742079532,1.9335040736614777,washing,top_load,0.9625855951447501,0.0019188267897010144,washing,washing
90.7,-0.0565126905919281,-0.2114747571093431,0.9685647934339054,1.743014726383717,washing,top_load,0.9929919517156514,0.0013857641210823807,washing,washing
90.8,-0.055651561082222,-0.0806180009040691,0.9687819743547548,1.7609885190817502,washing,top_load,0.9737221740082505,0.0014797113851317092,washing,washing
90.9,-0.1433726924172228,-0.0461535093056958,0.9551001856983136,1.8913184657293889,washing,top_load,0.9669034285145273,0.0015678112744571843,washing,washing
91.0,-0.1406210823691949,0.0078997345376785,1.0405778172926965,1.771800759287517,washing,top_load,1.0500661352762892,0.001799450844915068,washing,washing
91.1,-0.0862382145000392,0.081631940743981,1.0726734370325048,1.764755100975323,washing,top_load,1.0792261606840852,0.0024023582937132354,washing,washing
91.2,-0.0104353257752965,0.1018049282249771,0.9857275264206214,1.8015862808293608,washing,top_load,0.9910256786674331,0.0022717158526775368,washing,washing
91.3,-0.0226205177119708,0.1007045820354183,0.9603873055946676,1.919303312068961,washing,top_load,0.9659176349005495,0.002451018790729911,washing,washing
91.4,0.0522122714355728,0.1450005724224336,0.9328922350382194,2.046973961322575,washing,top_load,0.9455364665024294,0.0026854727234803815,washing,washing
91.5,0.1489672161768561,0.1473141386917203,0.9926767384443368,1.8878229348369124,washing,top_load,1.014544131126119,0.001789756877863226,washing,washing
91.6,0.1258967907523797,0.1269779069916985,0.9905090373051568,1.92049713354364,washing,top_load,1.0065195198151546,0.0016736143807752279,washing,washing
91.7,0.1549377442829636,0.0914934865318937,0.9804611162091956,1.7700218906848313,washing,top_load,0.9968353741112104,0.0016702630562380671,washing,washing
91.8,0.0457634512061461,0.0703072972910461,1.006641257619287,1.6938303205246923,washing,top_load,1.010130699988872,0.001598063657435298,washing,washing
91.9,-0.0768359071060417,-0.045758716073636,1.011855194284465,1.8980979348352676,washing,top_load,1.015799463928766,0.0014485083038905514,washing,washing
92.0,-0.1262082053491891,-0.0585958800498125,1.009692497738137,1.8256861236900856,washing,top_load,1.0192354626115365,0.0012523415987279805,washing,washing
92.1,0.9424795271323438,1.09266140496832,0.9905162538409454,1.5866057026875378,washing,top_load,1.7502282862798355,0.057422683734048956,spinning,spinning
92.2,1.0039660902084329,0.9721396250802984,0.966951345112772,1.7507895564861604,washing,top_load,1.6994111523569184,0.09492333090018053,spinning,spinning
92.3,1.028393152947923,1.0165094309754714,1.0199749929342017,1.787565446477767,washing,top_load,1.7695290013174048,0.12798335438482822,spinning,spinning
92.4,1.075696933182451,0.9988283597940572,1.000375412782646,1.7234313199457283,washing,top_load,1.7763819833828158,0.14582622220267655,spinning,spinning
92.5,0.0323663711708921,-0.1324738606904367,1.0266507257450397,2.022260339181319,washing,top_load,1.0356681990009242,0.14450333193115444,spinning,spinning
92.6,0.1082186462107539,-0.1106755675696657,1.0237022664841668,1.8719758555353323,washing,top_load,1.035338923758484,0.14265577974339594,spinning,spinning
92.7,0.1215375361246184,-0.0405613710245767,0.9573471379285864,2.005976237683297,washing,top_load,0.9658830881668299,0.1449115067454167,spinning,spinning
92.8,0.0856631992399347,0.0721661261638255,0.956973333776272,1.839513789247824,washing,top_load,0.9635061468555279,0.14821263881936592,spinning,spinning
92.9,0.1542425052846714,0.0293245715781858,0.977333778437784,1.8122081754637616,washing,top_load,0.9898646348921712,0.1499356876538052,spinning,spinning
93.0,0.1048285946991265,0.0742569940388455,0.96831203775128,1.6595103273584626,washing,top_load,0.9767964669696114,0.1527684130277197,spinning,spinning
93.1,0.0280817321393565,0.098976739999975,1.022657553279283,1.801789429979485,washing,top_load,1.0278197556089972,0.13207804528202266,spinning,spinning
93.2,-0.0257742904234593,0.2016330920897456,1.0105392902796375,1.801958088851316,washing,top_load,1.030781196506503,0.10614891184172016,spinning,spinning
93.3,-0.1505218293101974,0.12935949054636,1.0329755198135593,1.594932917394865,washing,top_load,1.0518693471279572,0.059991400430311516,spinning,spinning
93.4,-0.0870804260237492,0.1183293879867438,1.0118946045223276,1.7190708795344407,washing,top_load,1.0225045404883017,0.0010639569773843068,washing,washing
93.5,-0.1714413100385304,0.068290531013667,1.006259487456201,1.7515076102225458,washing,top_load,1.0230414827901517,0.0010078860889617739,washing,washing
93.6,-0.0802053780732842,0.0034683801362199,1.0359918934103252,1.8620219316083584,washing,top_load,1.0390977507167256,0.0010315164454316771,washing,washing
93.7,-0.0879239139071254,-0.0277230630011252,1.0140918201920517,1.869202516797856,washing,top_load,1.0182737365950967,0.0008026559187493073,washing,washing
93.8,0.0093955424566254,0.0031417183472992,1.0020430289031317,1.7128022277052193,washing,top_load,1.0020920009587895,0.0005155280774144516,washing,washing
93.9,0.1481731252910652,-0.0701290441843985,1.0444135910179206,1.8703304403812828,washing,top_load,1.0572005992240485,0.0005447328459586331,washing,washing
94.0,0.1348314827542468,-0.1650546074170056,1.0034554264945836,1.7726881605977225,washing,top_load,1.0258388494947523,0.0002604815774340883,washing,washing
94.1,0.1725407657632885,-0.1305254053006442,0.9908697818524624,1.3695569962717566,washing,top_load,1.0142140414465903,0.00028513737406642587,washing,washing
94.2,0.1226856480779477,-0.1670104289292052,0.9748653022366706,1.7272946952072687,washing,top_load,0.9966476855541372,0.0003842780652783598,washing,washing
94.3,0.0520699382227036,-0.170060374400444,1.0210907637713624,1.9618482960213568,washing,top_load,1.036464257592571,0.00031629351068399925,washing,washing
94.4,0.0221155247133304,-0.0465806025372843,1.037111516255274,1.547729136505848,washing,top_load,1.0383925780336625,0.00033788945952163083,washing,washing
94.5,-0.0952675525834279,0.0066955882114435,0.9984823779569972,1.816903680062331,washing,top_load,1.0030392796732306,0.00038716513960851455,washing,washing
94.6,-0.189146201096805,0.0557771423106662,1.0392374687133952,2.037789182127793,washing,top_load,1.0577815896353662,0.0004883875369773592,washing,washing
94.7,-0.1738012120227919,0.0598131437556545,0.9408995490408528,1.685908057048428,washing,top_load,0.9586847421607408,0.0009324681978739613,washing,washing
94.8,-0.1101134369642544,0.1093631046316511,0.9983363987557624,1.8003223620641529,washing,top_load,1.0103270870046883,0.0009082428207131547,washing,washing
94.9,-0.0603977779243836,0.1633030452578246,0.998797152636867,1.604397561415812,washing,top_load,1.0138597182471525,0.0007364382990907379,washing,washing
95.0,-0.0470117475070696,0.1617448811204432,0.9781901688277796,2.044084671249536,washing,top_load,0.9925862770377469,0.000770797746196842,washing,washing
95.1,0.0505327755330089,0.1290009545091721,1.071515831139456,1.787500105950508,washing,top_load,1.0804355529367895,0.0012389690573624918,washing,washing
95.2,0.1091975483492355,0.0657942220481705,0.9980142210193372,1.806994026419103,washing,top_load,1.006123933507817,0.0012012538439347452,washing,washing
95.3,0.1387399214408137,0.0773253570565084,0.987768076851867,2.0031450698258437,washing,top_load,1.0004567708266836,0.0011973219306820368,washing,washing
95.4,0.0944466502118562,0.0567658639563199,1.0007788634030053,1.899221759196822,washing,top_load,1.006827128399488,0.0011410696844686443,washing,washing
95.5,0.0693166546002901,-0.0640348458588804,0.9399155878442252,1.668655690125489,washing,top_load,0.9446409753772604,0.0016115285677815946,washing,washing
95.6,-0.0030583295231312,-0.0580031486169375,0.9772039622396526,1.7029083113869026,washing,top_load,0.9789286503345517,0.0013464882533043788,washing,washing
95.7,-0.0320726851098472,-0.106823094381042,1.029497199083362,1.8742396956784948,washing,top_load,1.0355212762390658,0.0012435972856938637,washing,washing
95.8,-0.0913033470866601,-0.1195602978522415,0.9811316393520167,1.706381841740559,washing,top_load,0.9925977330970083,0.0012618067475303478,washing,washing
95.9,-0.1517174013519682,-0.1237933634009247,0.9751337451159918,1.482413503181921,washing,top_load,0.994599812768456,0.0012618283221281499,washing,washing
96.0,-0.1544196713203957,-0.1603004301410007,1.039285769095432,1.7920138802041383,washing,top_load,1.0628530343553488,0.0015887171904272873,washing,washing
96.1,-0.0984843365281349,-0.1603999538185795,1.040207632028555,1.5779681008312787,washing,top_load,1.0570994406662237,0.0012794576151146607,washing,washing
96.2,-0.0618007362983984,-0.0866111755952904,1.0155097141648342,2.042442263034559,washing,top_load,1.0210684630856863,0.0012956777308988177,washing,washing
96.3,0.0028985206096974,0.0060052759231108,0.98634647997884,1.826518145664473,washing,top_load,0.9863690198537693,0.001343707712720076,washing,washing
96.4,0.0744754296215351,0.0155409493825263,0.9928158680465105,1.6642237414884635,washing,top_load,0.9957265983039564,0.0013590478153900644,washing,washing
96.5,0.1236140825251292,0.0595527195311187,0.9758755011527512,1.695205137800632,washing,top_load,0.9854744854902205,0.000960472417897753,washing,washing
96.6,0.112438873615536,0.0644580495394304,0.9701568064291408,1.516590361818912,washing,top_load,0.9787755460324638,0.000961566742737701,washing,washing
96.7,0.1204387731882552,0.1958091083485246,0.968667505350747,1.6350807169829245,washing,top_load,0.9955719164991425,0.0009035467484994438,washing,washing
96.8,0.0771101531162182,0.1745819527336623,0.9814583677964438,1.9524484803811049,washing,top_load,0.999842668449174,0.0008855863106379046,washing,washing
96.9,-0.066412934058591,0.1611316565431259,0.9689583702794576,2.1347679218238587,washing,top_load,0.9845071923989307,0.0009252390160533386,washing,washing
97.0,-0.0874139265073915,0.1383770557165996,0.9530888464437056,1.908959476979844,washing,top_load,0.9670407195726703,0.0006482635801105574,washing,washing
97.1,-0.1423221317278918,0.0845587332598108,1.006582080092617,1.7861936192068455,washing,top_load,1.0201045301897522,0.00029225641087811437,washing,washing
97.2,-0.1394587486981365,0.0095985920756398,1.007037867426803,1.7352060936519125,washing,top_load,1.0166937306730124,0.0002673187644799495,washing,washing
97.3,-0.1270373518684118,-0.0403877726772223,1.0510237827528497,1.6565256279635456,washing,top_load,1.0594435581302457,0.0006934557166609037,washing,washing
97.4,-0.1158710295132059,-0.0963582734109906,0.9799498489493588,2.108964884900961,washing,top_load,0.9914699787643944,0.0006996107649266316,washing,washing
97.5,-0.0378716789657193,-0.0423103265237867,1.008883017688698,1.7716876947203437,washing,top_load,1.0104797727707793,0.0006820205574636073,washing,washing
97.6,0.0731457583827984,-0.1276267897989274,1.009381377378244,2.117344474509376,washing,top_load,1.0200439522107738,0.0006357391171743459,washing,washing
97.7,0.1575126164176692,-0.163487848279635,0.992384873166234,2.009027926441509,washing,top_load,1.0180207450513998,0.0006315191733217146,washing,washing
97.8,0.0832783881329505,-0.1225509923777635,1.0223300076624904,1.538880535298059,washing,top_load,1.0330114618095894,0.0006757732769760575,washing,washing
97.9,0.1460958552639493,-0.1370564191170859,1.0232568756055214,1.7001071406361064,washing,top_load,1.0426807250642338,0.0006577229080960979,washing,washing
98.0,0.1238564480025021,-0.0187316921770878,1.0098223328559262,1.6996432313739267,washing,top_load,1.0175620079082153,0.00034198037052501435,washing,washing
98.1,0.0142092087484661,-0.0330097523568373,0.9923308088485662,1.788023045384139,washing,top_load,0.9929813591170615,0.0004327040208198908,washing,washing
98.2,-0.0387126080219055,0.0541587889221563,0.989274096743364,1.7909528620329371,washing,top_load,0.9915115122502467,0.0005159564168346679,washing,washing
98.3,-0.1366690588432974,0.1186152344056262,0.9589673830360882,2.2494358643097216,washing,top_load,0.9758926412291968,0.00043936551008344504,washing,washing
98.4,-0.1509240735876104,0.1350729459704137,0.9758224666414692,1.6384158188287865,washing,top_load,0.9966204207839844,0.0004215361242881346,washing,washing
98.5,-0.1912858829935176,0.1481215739238839,0.9813397742829494,1.8343454903496583,washing,top_load,1.0107215453743965,0.0004215741691212318,washing,washing
98.6,-0.173012365141873,0.1495667150928761,0.9662808471271168,1.8924761613701704,washing,top_load,0.9929764127512581,0.0004338512689388977,washing,washing
98.7,-0.0090205090379709,0.133217554828345,1.0131977190006298,1.7997641993296205,washing,top_load,1.0219578779410756,0.00044487049172590006,washing,washing
98.8,0.0077536352429894,0.0867470412040991,1.0358988360696102,1.816527086667204,washing,top_load,1.039553541953237,0.00048610566111988607,washing,washing
98.9,0.0890162305391989,0.0469514624639618,0.9727581270301257,1.643278665854012,washing,top_load,0.9779502558055142,0.0004097782325944606,washing,washing
99.0,0.1010652098461651,0.0538062891389364,1.008503243072339,1.8159729291904023,washing,top_load,1.014981814950188,0.00040139079156756107,washing,washing
99.1,0.1050439965167875,-0.0460089883510492,0.9689766658141088,1.876709849426156,washing,top_load,0.9757391286125267,0.00046381679604468365,washing,washing
99.2,0.1103618554135291,-0.1132596355401102,0.9908523348718252,1.8491400876406692,washing,top_load,1.0033921634605,0.0004560740175846987,washing,washing
99.3,0.0333313670786356,-0.1411181339121618,0.9792901126246668,1.8855301355868137,washing,top_load,0.9899668845141307,0.00039742342569590994,washing,washing
99.4,-0.0074608550948049,-0.11316791049707,1.0180568694581933,2.011891185095435,washing,top_load,1.0243546406279591,0.00043880790528920573,washing,washing
99.5,-0.0745916352744796,-0.1285490062022381,0.9796363547847348,1.9405449812871516,washing,top_load,0.9908461770953284,0.00045374445191843194,washing,washing
99.6,-0.1260985684801608,-0.1164105919750665,1.0303498124111994,1.810694192024616,washing,top_load,1.044544403475757,0.0006028346043446785,washing,washing
99.7,-0.1425459855363872,-0.1090255571854507,0.992628376790134,1.6242362472175085,washing,top_load,1.0087204887981378,0.0005802652559689081,washing,washing
99.8,-0.0793161426773464,-0.0397659902230851,0.9805118887121552,1.7099992087933322,washing,top_load,0.9845181300379966,0.0004850826525931725,washing,washing
99.9,-0.1042908641866018,-0.0249603611490122,0.9624008421296452,1.7670553272123877,washing,top_load,0.968356847919881,0.0005444939592472722,washing,washing
100.0,-0.0016480459860898,0.0385641282158673,1.0075961353088605,1.8378518747012167,washing,top_load,1.008335202167401,0.0005275838371742139,washing,washing
100.1,0.1062437457308387,0.1217730765852952,1.0268565520667854,1.7282500857750909,washing,top_load,1.0394954517507298,0.000592077854319301,washing,washing
100.2,0.1645853831054416,0.1538775026367713,1.0081996376961062,1.6596400201223471,washing,top_load,1.0330697670536364,0.0006612863298804399,washing,washing
100.3,0.107051099783903,0.1175209624791114,1.0671649499924327,1.6217701966319495,washing,top_load,1.0789402880045362,0.00107222713098343,washing,washing
100.4,0.1263533946202249,0.1226319681234294,1.0428936235741126,1.5523233361416704,washing,top_load,1.057653482965675,0.001229256923612779,washing,washing
100.5,0.1289114207198889,0.1347070665909843,0.9907741670584896,1.7647573944338146,washing,top_load,1.0081654617631035,0.0011414744420562785,washing,washing
100.6,0.0340423581906224,0.150271834603032,0.990459176985788,1.5795501836894543,washing,top_load,1.0023721303495545,0.001119105067180609,washing,washing
100.7,-0.0493607919583074,-0.0040051731270791,1.0140909015845605,1.6499211473763913,washing,top_load,1.0152994070081574,0.0011084593203746702,washing,washing
100.8,-0.1221075272194043,0.0102348941696288,0.9748594245872294,1.7409147190733547,washing,top_load,0.9825303552404094,0.0011243601871772705,washing,washing
100.9,-0.1588571153805353,-0.0912042316256411,1.0349886491959746,1.5996124035912849,washing,top_load,1.0510734032111917,0.0008699141073119992,washing,washing
101.0,-0.1340119055515627,-0.1146435282680695,1.0108480156553077,1.8569628282748043,washing,top_load,1.0261169719664447,0.000825038861922111,washing,washing
101.1,-0.1102532896388398,-0.1405213651208485,1.007693767325756,1.911033459540853,washing,top_load,1.0234005914786193,0.0008150919067307866,washing,washing
101.2,-0.0385808417060605,-0.1602999004824878,1.0206086100331244,1.7175859470336905,washing,top_load,1.0338406426114182,0.0008160434198707486,washing,washing
101.3,0.0396614442581757,-0.1636985283691581,1.0516848965010717,1.7344459038584998,washing,top_load,1.0650874893074944,0.0006782319146378074,washing,washing
101.4,0.0823399200344984,-0.1293723007676367,1.005128660565625,1.8806144655208616,washing,top_load,1.0167598924660861,0.0005628449816400199,washing,washing
101.5,0.1586223586607147,-0.1116712654612239,0.9966087888738584,1.6929007354147982,washing,top_load,1.015313056282356,0.0005452416392763473,washing,washing
101.6,0.9414327175164704,0.6128656372306195,1.0452615886996774,1.682589913260406,washing,top_load,1.5344287665836798,0.02639352523248051,spinning,spinning
101.7,0.7689296776912871,0.7319432848128871,1.029026512479734,1.9794747717279435,washing,top_load,1.4784753581995573,0.04155929822552154,spinning,spinning
101.8,0.7716013490831055,0.782710237276156,0.9903706047884884,1.932628160806918,washing,top_load,1.4794721667787065,0.05077497564339328,spinning,spinning
101.9,0.6650566027614879,0.8304453831183264,1.0001555934597706,1.890232500351588,washing,top_load,1.460222938577552,0.05648432647451155,spinning,spinning
102.0,-0.0708457105182915,0.0852239671186534,1.005861427478164,1.938846693209114,washing,top_load,1.011948343819334,0.05709380008382466,spinning,spinning
102.1,-0.134327333670064,0.1572653062882106,1.0108543883381496,1.5034081911948955,washing,top_load,1.0317959117748663,0.056749188157296876,spinning,spinning
102.2,-0.126848366042967,0.1672576235318458,0.9593020044718266,2.003075332018966,washing,top_load,0.9820009961201442,0.05907876573629155,spinning,spinning
102.3,-0.0913839915300431,0.0967131102160187,0.9537254617659532,1.8588093174875613,washing,top_load,0.9629624686436639,0.06335483707482416,spinning,spinning
102.4,-0.0664904175822079,0.0929541394090169,0.9733782993399264,1.95161720760086,washing,top_load,0.9800646719933408,0.06496201390622047,spinning,spinning
102.5,0.033961568652425,0.0428645497969337,0.9710578467096598,1.8580742668674544,washing,top_load,0.9725965758890108,0.06683753155203849,spinning,spinning
102.6,0.0019341143015925,0.049610992356568,0.980685279580825,1.8073387237020235,washing,top_load,0.9819412451604504,0.055000478780574714,spinning,spinning
102.7,0.1743627577627823,0.0007680167821077,1.0190413192627,1.758703618145692,washing,top_load,1.03385113604865,0.040748158960543984,spinning,spinning
102.8,0.1609558738210105,-0.1512306130180535,0.994932125310258,1.8550716565329308,washing,top_load,1.0191503449470487,0.022065056568345412,washing,washing
102.9,0.1680593585422592,-0.0584026571501885,1.0058918381503057,1.7532378136643172,washing,top_load,1.0215053638690492,0.0006998454058234598,washing,washing
103.0,0.0515715154986307,-0.1762739768317706,0.9632708976987322,1.930181415009767,washing,top_load,0.9806237598958301,0.0007132761676500511,washing,washing
103.1,-0.0061231114135115,-0.116758832088165,0.9861507339123716,1.56203150331717,washing,top_load,0.9930575951876526,0.0005607813048038369,washing,washing
103.2,-0.0508405340783593,-0.0965142665804117,1.0176177298523452,1.7187636207308583,washing,top_load,1.023447901785317,0.0006333289359362966,washing,washing
103.3,-0.1160881230964899,-0.1195564542638848,1.017848573745304,2.106723487271497,washing,top_load,1.0313999792299628,0.000585259068246659,washing,washing
103.4,-0.1388510299690036,-0.0279548555553258,0.9782627851543628,1.7060879304641412,washing,top_load,0.9884630287929556,0.0005480824824043201,washing,washing
103.5,-0.1101230226163754,0.006192565601405,1.0048498715913865,1.7641974415404784,washing,top_load,1.0108851034692916,0.0004223490858630858,washing,washing
103.6,-0.1556386753483955,0.0770658654960128,1.06596543560447,1.6676128599974889,washing,top_load,1.0800207659078969,0.0008069185305364992,washing,washing
103.7,-0.0080889109232059,0.1109681649433398,0.9994720621223308,1.8503768509328735,washing,top_load,1.0056459451884048,0.0007886271367814777,washing,washing
103.8,0.0375519403734644,0.1708009722960599,0.9792043916157266,1.6895602664786709,washing,top_load,0.9946981255248333,0.0008281480778299706,washing,washing
103.9,0.0965686100555685,0.1515046388415771,0.9947871283191352,1.7721583597789423,washing,top_load,1.0108810922695175,0.0008192952624195616,washing,washing
104.0,0.0985250204127255,0.1402512520865066,1.002765313225805,1.9273299804052608,washing,top_load,1.0173081474007803,0.0006988025755042054,washing,washing
104.1,0.1624345476606106,0.1564118166359818,0.9954649485792836,1.6951854871777776,washing,top_load,1.0206860940108036,0.0006368511998526442,washing,washing
104.2,0.0431537508854393,0.1040477844591008,0.999059358979705,1.9182916678897832,washing,top_load,1.0053893725474072,0.000648978725118247,washing,washing
104.3,0.0746705032398705,0.0610806277731215,0.9566965960918948,1.923334397334053,washing,top_load,0.9615481808609864,0.0009062055739053339,washing,washing
104.4,-0.0635631600988397,-0.0331152796503681,0.9711210857474216,1.9582434142078944,washing,top_load,0.9737623222590428,0.000996712514611799,washing,washing
104.5,-0.0865640504653464,-0.0952247771767149,0.9955199428878552,1.821081149237706,washing,top_load,1.0038032923380757,0.000997317185587098,washing,washing
104.6,-0.1392991229897383,-0.1237620158789683,0.995041960899327,2.286188861546518,washing,top_load,1.012338770466939,0.00036276788413063226,washing,washing
104.7,-0.1146178648454243,-0.1551405371731641,0.9830143217542,1.9581800544813124,washing,top_load,1.0017599502824874,0.0003599258287735389,washing,washing
104.8,-0.1320088438957221,-0.1259878569795042,0.9946895924177068,1.848731643661024,washing,top_load,1.0112896025556066,0.00036710350596925675,washing,washing
104.9,-0.093087207949629,-0.1150246292290926,1.001830445662426,1.66861133788774,washing,top_load,1.0126994299738312,0.000371072598456732,washing,washing
105.0,-0.0151980808791343,-0.1260064578422164,1.0266824036957358,1.785441131118879,washing,top_load,1.0344976399870638,0.00045887233538812583,washing,washing
105.1,0.1104495341778946,-0.0406037719085,0.9970236479432184,2.013949046535005,washing,top_load,1.0039441819400687,0.00042399421485720654,washing,washing
105.2,0.1427380979007295,0.0055792322593933,1.0119730961589477,2.0564301923439405,washing,top_load,1.0220053032027032,0.00046373681451224234,washing,washing
105.3,0.1381351098185456,0.024230425223029,0.9837519909569824,2.0217493650660345,washing,top_load,0.9936983454665189,0.0002654838071726847,washing,washing
105.4,0.1286306652709675,0.0426007292672136,1.0171628717079544,1.917778846009443,washing,top_load,1.0261486138777962,0.00015321730252408882,washing,washing
105.5,0.0411524751263113,0.1566065935962727,1.0112719089283706,1.6116509690556642,washing,top_load,1.0241533211167557,0.00015657411791239793,washing,washing
105.6,0.0304542110602011,0.1362042565740257,1.0259745100953943,1.8730742726738503,washing,top_load,1.0354239488468802,0.00020004394409048115,washing,washing
105.7,-0.1080131541335684,0.153595499383832,1.0214038138733346,1.6137896432920504,washing,top_load,1.0385201827079935,0.00021425807339320476,washing,washing
105.8,-0.0930230924413036,0.1330415309438007,1.0176620686864344,1.5768793209928862,washing,top_load,1.0305287141687838,0.00021301456758267927,washing,washing
105.9,-0.1434844398345657,0.0924048500082615,0.9970474777402666,1.8358738026865855,washing,top_load,1.0115483743489067,0.0002155674844365992,washing,washing
106.0,-0.0710499234570561,0.0363148363373929,1.0073481768113342,1.8784799170904627,washing,top_load,1.0105034429860118,0.00020675154313159826,washing,washing
106.1,-0.1356861325010377,0.0507871161950367,1.031905267853546,1.9355065647721208,washing,top_load,1.0420261702799962,0.00021888390461507353,washing,washing
106.2,-0.0403833458059504,-0.0441705752195852,0.9804377629179162,1.874570436057914,washing,top_load,0.9822627251856807,0.0003896400866677196,washing,washing
106.3,0.0912521141024122,0.021180347045112,0.981147766639094,1.8797378978614123,washing,top_load,0.9856097074450886,0.0004425270631650474,washing,washing
106.4,0.1384237550980488,-0.1444733792920025,1.005442941938511,1.6523021122511437,washing,top_load,1.0251581355056707,0.00044097963252817576,washing,washing
106.5,0.1217721158968759,-0.1771879471326765,1.0124583907079636,1.7842534972973,washing,top_load,1.035034303650876,0.0004663112634994761,washing,washing
106.6,0.1540621104605077,-0.1346484669240916,0.97527680502208,1.5739324821548268,washing,top_load,0.9965090014338205,0.00048143921583034574,washing,washing
106.7,0.1156369671088217,-0.0961853413801941,0.9977571230976008,1.4994946305899708,washing,top_load,1.0090306262698632,0.0004193158180590963,washing,washing
106.8,0.0636773589245319,-0.1148316555267589,0.9971800367731364,1.911096406476461,washing,top_load,1.0057878210087323,0.000383171065873101,washing,washing
106.9,-0.0397603981141884,-0.0599986574616097,0.9335415965318958,1.6870313409313562,washing,top_load,0.9363122559331984,0.0009291329896013971,washing,washing
107.0,-0.0908473999248875,-0.0834136197116297,0.9934121803222372,1.930874775321458,washing,top_load,1.0010388813822817,0.0009219378799212206,washing,washing
107.1,-0.183665629128203,0.0040702284084707,0.995280465014546,1.9662521366820056,washing,top_load,1.0120932931908633,0.0007444730835734738,washing,washing
107.2,-0.1456503057081982,0.0417006293581172,0.9951912117153094,1.7071024013065204,washing,top_load,1.0066570925181726,0.0007138799198532336,washing,washing
107.3,-0.1131485686226493,0.0575150011532762,1.042477428237318,1.8885466641832949,washing,top_load,1.0501760625358532,0.0009053041747238778,washing,washing
107.4,-0.0790856334945738,0.1443194856687956,0.9635260510447338,1.7008264907079538,washing,top_load,0.9774789524131978,0.0009485041023019604,washing,washing
107.5,-0.0484515267175483,0.0827151713516869,0.9752613228638616,1.5231181688059765,washing,top_load,0.9799612226446358,0.0008599026744289132,washing,washing
107.6,0.1019190070007929,0.1011441996654619,0.92163412605042,1.8184964106663688,washing,top_load,0.9327524298626705,0.0012804973629916279,washing,washing
107.7,0.1375849399650879,0.0982505628313166,0.9855725000147758,1.729368918042636,washing,top_load,0.9999679702806699,0.0012526577552200097,washing,washing
107.8,0.1279235563332113,0.0489705261537132,0.98813069337622,1.7339866484119302,washing,top_load,0.9975794784822295,0.0012310032927001476,washing,washing
107.9,0.1273060444647601,0.0362878298454456,0.9847006847099724,2.096301467676829,washing,top_load,0.9935587924327599,0.0008833442297172892,washing,washing
108.0,0.0431477057604179,-0.0189397914307758,1.0332303201845128,1.5711214525900994,washing,top_load,1.0343042757140761,0.0010377096401764446,washing,washing
108.1,-0.0119623187986842,-0.0503519676891557,1.025818525670109,1.8574306703057208,washing,top_load,1.0271231987104599,0.0011058578826339694,washing,washing
108.2,-0.0713530232934126,-0.0941978332536689,1.0023357017280192,1.6507789144282874,washing,top_load,1.0092776350843196,0.0011104469704361103,washing,washing
108.3,-0.0787243620479586,-0.1078403620683684,0.988881608393804,1.9362392113900988,washing,top_load,0.9978546508837906,0.0008033385909942332,washing,washing
108.4,-0.1665281893359283,-0.1500101803927665,1.030785690043206,1.84476468542626,washing,top_load,1.0548714759926072,0.0011012091263514908,washing,washing
108.5,-0.1234520676644104,-0.1303624658587389,0.9994072642049244,1.856901652377092,washing,top_load,1.0154061577816833,0.0010475402207216632,washing,washing
108.6,-0.1188315519751544,-0.0965457607560534,0.9754518988324464,1.658266557359661,washing,top_load,0.9873947683680597,0.0004534186357868704,washing,washing
108.7,-0.0298650562491732,-0.0663558889030706,0.9485125396754636,1.6851618130067516,washing,top_load,0.9512996707129046,0.0008175289496980264,washing,washing
108.8,0.0330616180104083,-0.0325843729002171,0.9867605651831296,1.9390875761018829,washing,top_load,0.9878518233739795,0.00084706854541329,washing,washing
108.9,0.128873763892084,0.0218277904581069,1.022639308515178,2.065619658259134,washing,top_load,1.030958803627185,0.0008844232823548233,washing,washing
109.0,0.1266141372977168,0.0558472672969515,1.0682961606862926,1.872046172583628,washing,top_load,1.0772217710226875,0.0013038979523664345,washing,washing
109.1,0.1001672401092306,0.1317470646944663,1.0018483103856843,1.6653868918842851,washing,top_load,1.0154264139115934,0.0012832761308856824,washing,washing
109.2,0.0741185154754588,0.1404092264894401,0.9770393345463908,1.8508407783693104,washing,top_load,0.9898556291048219,0.0013360115586104294,washing,washing
109.3,0.0392623580844226,0.1299153309717998,0.9644510437514736,2.164120806650641,washing,top_load,0.9739534597593299,0.0014619708443353373,washing,washing
109.4,-0.0562717841549871,0.1181674325251441,1.016558646889168,1.8153634216078367,washing,top_load,1.0249495296680253,0.0012426589176553783,washing,washing
109.5,-0.0758614273734805,0.0730333322797297,0.947061518428472,2.01927612890904,washing,top_load,0.9528978662349215,0.0014948364814488376,washing,washing
109.6,-0.1496971028156412,0.0966227226506298,1.0165103530421469,1.6889505951241932,washing,top_load,1.0320070111029709,0.0015770152465737928,washing,washing
109.7,-0.0784658127634476,0.0192869878169764,1.0245313481878873,1.793687092254542,washing,top_load,1.0277126811961457,0.0012720989359100644,washing,washing
109.8,-0.1787806266794171,-0.0613588501407489,1.013088383596986,1.8929347809188315,washing,top_load,1.0305704701502143,0.0012321495541096443,washing,washing
109.9,-0.0661540557539614,-0.0592749099851688,0.9934101498418432,1.8595992462394295,washing,top_load,0.9973733502832535,0.0012299852623825088,washing,washing
110.0,-0.0338385907051727,-0.1381660134500697,1.0169482196064044,1.6850416979833258,washing,top_load,1.0268488588172227,0.0007558402380072091,washing,washing
110.1,0.0574610109037705,-0.1864991695482784,1.005128151133849,1.67857238143041,washing,top_load,1.0238976063152165,0.0007785786568396887,washing,washing
110.2,0.1308917730255167,-0.1189371663625184,0.9766562847441822,1.9482426604653988,washing,top_load,0.992540278436305,0.0007684706985807663,washing,washing
110.3,0.0799428680180116,-0.1526288052897375,1.0555123696712507,1.9787326218975216,washing,top_load,1.069482480866394,0.0009524470271575773,washing,washing
110.4,0.142828841373542,-0.118997324287658,0.9894496186116846,2.026821533718288,washing,top_load,1.0067626278753787,0.0009567415182454625,washing,washing
110.5,0.1452550117120964,-0.0626314931242866,1.0232725690134972,2.07058957248793,washing,top_load,1.0354267105179107,0.00048039462136175077,washing,washing
110.6,0.005196836083593,0.0210999972010832,0.9274415715191284,1.8201929154483896,washing,top_load,0.9276961170388912,0.0013889447984455443,washing,washing
110.7,-0.0474244471985351,0.0397273446694663,1.0382941264834278,1.753320113365261,washing,top_load,1.0401355840449635,0.0014426997186570579,washing,washing
110.8,-0.0848293356226025,0.0506623917289776,1.0440629123396374,2.0026486408167705,washing,top_load,1.0487278288674322,0.0015381988436897814,washing,washing
110.9,-0.1522616926101127,0.1398461997676262,1.000895013613799,1.906960392277738,washing,top_load,1.0220231948947687,0.0014920578187073165,washing,washing
111.0,-0.1600872831002196,0.1307377824414417,1.0167631310421328,1.6526317111998614,washing,top_load,1.0375584661187613,0.0015213641910435437,washing,washing
111.1,-0.1709541580009581,0.2058803716930793,1.016755455448227,1.6449546501721632,washing,top_load,1.051381808749813,0.001618111074984081,washing,washing
111.2,-0.0180737614928783,0.1348771960750202,0.9807164929107782,1.8737895302034464,washing,top_load,0.990112800817552,0.001635225113828011,washing,washing
111.3,0.0339084307828574,0.0369969309349621,1.0164136691631802,1.7734088007774,washing,top_load,1.0176518566968376,0.0013676876637664732,washing,washing
111.4,0.0723015503476583,0.0711569145217204,0.9757410859038234,1.7960355067888951,washing,top_load,0.9810002484136784,0.001496946924477281,washing,washing
111.5,0.1464563787526023,0.0677565116972123,0.9817372922906402,1.9608800047065291,washing,top_load,0.9949113160623203,0.0014787301101432725,washing,washing
111.6,0.1298326769051196,0.0045247192858724,1.033808294296369,1.9138555717477557,washing,top_load,1.0419388592585137,0.0006659673552111842,washing,washing
111.7,0.0997242024829008,-0.0347571187959324,1.0292397307210062,1.9994809872627648,washing,top_load,1.0346436087670452,0.0006475143197694472,washing,washing
111.8,0.0734074175859646,-0.1562220115677621,0.9788087349365262,1.510269584043995,washing,top_load,0.9939117191395627,0.0006223527432797667,washing,washing
111.9,-0.0589514573743629,-0.1188144590386821,0.9779927096949688,1.83800968758318,washing,top_load,0.9869457382347439,0.0007024466473314418,washing,washing
112.0,-0.056748329261656,-0.1704770413892734,0.9806321019262698,1.904203278359581,washing,top_load,0.996956425247946,0.000645767050909545,washing,washing
112.1,-0.1776546427634519,-0.126491785339529,1.0219791869939647,1.5710121214968475,washing,top_load,1.0449893791338916,0.0005895708082632123,washing,washing
112.2,-0.1695850515148988,-0.1394884940803468,0.970000456575688,1.7017656538035042,washing,top_load,0.9945436216854227,0.000573620320867043,washing,washing
112.3,-0.0689608030033093,-0.0763005372747601,1.0107013791710786,1.673927225650662,washing,top_load,1.0159205885292406,0.0005704949937290619,washing,washing
112.4,-0.038442408265981,-0.0259409283213983,1.022405404319029,1.8032547256589877,washing,top_load,1.0234566728964256,0.0004905777467746419,washing,washing
112.5,0.0029281197748626,0.0733092075605137,0.997352636491207,2.044178095304109,washing,top_load,1.000047546526928,0.0004727730916140198,washing,washing
112.6,0.0440471446502161,0.1167005156136349,1.030301910905948,2.103388410699736,washing,top_load,1.0378252207923901,0.00044831768827023984,washing,washing
112.7,0.1107710196243046,0.1359537641491256,0.9908706949153062,1.6778568670390075,washing,top_load,1.0062695358684302,0.0003918770930385186,washing,washing
112.8,0.1519022687018112,0.1064656153159746,0.9935843319701826,1.878983587574036,washing,top_load,1.010751725805106,0.0003597054852593891,washing,washing
112.9,0.1368497548400918,0.1389485786921959,0.9706826130660444,1.8838196778213476,washing,top_load,0.9900804503822397,0.00034339502988920805,washing,washing
113.0,0.0854416599550908,0.1090625075182988,1.0305153204286062,1.858143865727212,washing,top_load,1.0397868692381786,0.00038285622515734627,washing,washing
113.1,0.0178750096121232,0.1245781360637792,0.977004386590634,1.8598469452108848,washing,top_load,0.9850770525045744,0.00036073298524867995,washing,washing
113.2,-0.0616499361938557,0.0888073273915034,1.0104931545314515,1.8455613753676992,washing,top_load,1.0162597460226652,0.00033148835939254834,washing,washing
113.3,-0.1588363484855662,0.0335764735634373,0.997860517986222,2.053135518120963,washing,top_load,1.0109807013652217,0.0003302258357115173,washing,washing
113.4,-0.1628384098741282,-0.072579514260952,0.96841650810665,1.965369977155209,washing,top_load,0.9846901374514562,0.0003822748216457373,washing,washing
113.5,-0.1152197558246691,-0.1777995921309832,0.9817269056853004,1.64097691536026,washing,top_load,1.0043286336855457,0.00037637371131623947,washing,washing
113.6,-0.1437320948158437,-0.1825973695228201,1.041486167171222,1.9193581621320823,washing,top_load,1.0670961300866042,0.0006521194840415274,washing,washing
113.7,-0.0429901484209038,-0.1050358408369138,1.0060497262790344,1.9338560061767176,washing,top_load,1.012431100108886,0.0006487102789575586,washing,washing
113.8,0.012710865211601,-0.159722298358976,0.9697254897589948,1.8472450930727684,washing,top_load,0.9828734934750369,0.0007350815863009767,washing,washing
113.9,0.106022578771248,-0.1521102511268797,1.0091598486204607,1.9697136555754096,washing,top_load,1.0260516145764107,0.0007103577485375952,washing,washing
114.0,0.1309994820122676,-0.0463337896592172,0.9956165790521636,1.8282111051448555,washing,top_load,1.0052661621855181,0.000623710749187477,washing,washing
114.1,0.1916648975585447,-0.0119681333138063,1.1036213920673257,1.8300701581614376,washing,top_load,1.1202048233246304,0.0017161158457632522,washing,washing
114.2,0.1307744810420782,0.0026183676400888,1.0085537152402682,1.8181860817015565,washing,top_load,1.017000205145442,0.0017150585850551356,washing,washing
114.3,0.015864587929393,0.0446596890750621,0.988581254588009,1.4972633871300498,washing,top_load,0.9897166614244971,0.001817505973427007,washing,washing
114.4,0.0013368553137613,0.0945248269785518,1.042600837533613,1.787940240914119,washing,top_load,1.0468778517684125,0.0017029245949898794,washing,washing
114.5,-0.1114073435317323,0.1382608859582012,0.9447689149812146,1.6997624138318144,washing,top_load,0.961309508687772,0.0021064883463200027,washing,washing
114.6,-0.1530339490112266,0.1962991801502747,1.002829604691433,1.6220328032711164,washing,top_load,1.0332569737113881,0.0018885209054539129,washing,washing
114.7,-0.1402894386610271,0.1596522805847543,1.059832854840432,2.0151027427109285,washing,top_load,1.0809327719589963,0.0022501794855383584,washing,washing
114.8,-0.1414016114172096,0.1494300432603834,0.9965140214692074,1.8756311277801687,washing,top_load,1.017528352688472,0.002035467015032655,washing,washing
114.9,-0.0454773766255707,0.1277570452356559,0.9480009686605576,1.7955253378583178,washing,top_load,0.9576512366062317,0.00256052424689115,washing,washing
115.0,-0.0232353018454089,0.0112622691255174,0.988122461067682,1.715279497334636,washing,top_load,0.9884597695526892,0.002654905845268037,washing,washing
115.1,0.0536946545375135,0.0169923293737384,1.043635541228771,1.844425437694311,washing,top_load,1.045154054720795,0.001568534929491809,washing,washing
115.2,0.1069580620188593,-0.0658039269681126,1.0112820878896231,1.948715413997627,washing,top_load,1.0190493830632794,0.0015704172572333808,washing,washing
115.3,0.1327348468135893,-0.1767827770913326,0.9748343167146244,1.6759551234679588,washing,top_load,0.9995862318375636,0.0015269128744675455,washing,washing
115.4,0.1686998045363374,-0.197065553581604,0.9794427157846292,1.7992757441585083,washing,top_load,1.013213940864708,0.0014016197000889501,washing,washing
115.5,0.107031676652184,-0.1793607335427318,0.9832089918655056,1.930209974827676,washing,top_load,1.0051497272691012,0.0011037340336226729,washing,washing
115.6,0.0700983036550173,-0.1302423340602116,1.01083593652162,1.5095998306373806,washing,top_load,1.0215997887236974,0.0010726145404179022,washing,washing
115.7,0.0128106432142734,-0.1222152190461131,1.0401458839881597,1.7913645356391894,washing,top_load,1.047379650520079,0.000692335827600204,washing,washing
115.8,-0.1464984973743373,-0.0841547462433583,1.031572690383975,1.7356062944178692,washing,top_load,1.0453162423851718,0.0008069188169700152,washing,washing
115.9,-0.1452305137894849,0.0157754151101047,1.0136803654632738,1.7799255213367449,washing,top_load,1.0241526493561446,0.0004126521836485443,washing,washing
116.0,-0.1779444869435769,-0.0286541105164044,0.9600506571982756,1.724755716544215,washing,top_load,0.9768226875282637,0.0005101012667534069,washing,washing
116.1,-0.1260102437217568,0.059612964731532,0.9601620245801968,1.8206436907810943,washing,top_load,0.9702285300550804,0.000648378270681875,washing,washing
116.2,-0.0562059583824018,0.1131810615563315,1.0159975606364129,2.088544083063408,washing,top_load,1.0238262087248224,0.0006578778604935417,washing,washing
116.3,0.0055888368505718,0.1128225942388,0.9596358670620132,1.751411628910717,washing,top_load,0.9662614398908699,0.000866250306933637,washing,washing
116.4,0.0711254477023538,0.1500924548996829,0.993232989367942,1.843756651364116,washing,top_load,1.007024500941984,0.0008648286525966306,washing,washing
116.5,0.1383299460886651,0.0972889941467648,1.0091245133855853,2.099211962761367,washing,top_load,1.023197246811521,0.000882855993101831,washing,washing
116.6,0.1108415350577121,0.1658270761625204,0.9658721801391194,1.7174976632441168,washing,top_load,0.9862522666383362,0.0009212472566040706,washing,washing
116.7,0.1408407951904983,0.0661874689374273,0.969272129969234,2.0722013023393453,washing,top_load,0.9816849660503773,0.000764004836240449,washing,washing
116.8,0.027686076780182,0.1000682308868471,0.9971763680629654,1.8007984509940662,washing,top_load,1.0025671442370072,0.0005207864606589788,washing,washing
116.9,0.0654870840682485,-0.0141519092001283,1.0151095086257216,2.067284433879739,washing,top_load,1.0173181160365348,0.0004830061547577904,washing,washing
117.0,-0.1017093213728039,-0.0330252867727801,1.0318455631124126,1.912530168741948,washing,top_load,1.0373720266786224,0.000598071151348508,washing,washing
117.1,-0.1335635286123899,-0.108329437651124,1.0182116030431163,1.8460662543873636,washing,top_load,1.0326322442229052,0.0005528209260891207,washing,washing
117.2,-0.1885642447982217,-0.1374382105705636,1.002209697849766,1.7901553977170122,washing,top_load,1.0290140983510778,0.0005739726934255799,washing,washing
117.3,-0.0754664360814752,-0.1670947150357521,0.9776141573932884,1.7063937840181185,washing,top_load,0.9946583672314369,0.0003891254330081522,washing,washing
117.4,-0.03867803069117,-0.140730432856925,0.9678727901246644,1.811368732494653,washing,top_load,0.9788149889810368,0.0004947034630530072,washing,washing
117.5,0.0089074761220783,-0.1118125883238262,0.9846736873501256,1.934604218853004,washing,top_load,0.9910417088085808,0.0004920159161467706,washing,washing
117.6,0.0318589746518618,-0.1070590977406906,1.012298067549417,1.7980332853504994,washing,top_load,1.0184419582083226,0.00046055610881719694,washing,washing
117.7,0.1329691951570422,-0.0392261820293542,1.0100987111988202,1.7525065792407213,washing,top_load,1.0195679999798097,0.00037955182284919546,washing,washing
117.8,0.1160610778837229,-0.0013745082506976,0.9370029404282464,1.762382619873334,washing,top_load,0.9441644843159707,0.0008449161312555688,washing,washing
117.9,0.1795947157741029,0.136247404501945,0.9764296891519748,1.948871492037458,washing,top_load,1.002114042923718,0.0008308145769286635,washing,washing
118.0,0.1124436297994684,0.10665337101586,1.036135226548185,1.9837742182649785,washing,top_load,1.047661547984646,0.0009159206237088412,washing,washing
118.1,0.0216631561892852,0.1843917416557725,1.0023764514341242,1.6999274229347443,washing,top_load,1.0194254053713776,0.0008546466947018772,washing,washing
118.2,-0.1283099528001178,0.1439418735666718,0.9574897326069104,1.6997118213828766,washing,top_load,0.9767135173637688,0.0008431594335500098,washing,washing
118.3,-0.1450794657761339,0.1510083109580467,1.0706746354479446,1.8569038379500669,washing,top_load,1.0909609233881292,0.0016720915051169519,washing,washing
118.4,-0.1267102536613078,0.0794576376478176,0.999131748030557,2.0291298097135884,washing,top_load,1.0102639528786928,0.0015608066557485842,washing,washing
118.5,-0.1062719666925785,0.0669618414908132,1.0115300187794023,1.971898546246884,washing,top_load,1.0192990719177601,0.0015088254660507927,washing,washing
118.6,-0.0694069715445433,0.0381171066119926,1.011985742681354,1.6122221681730131,washing,top_load,1.0150790042680358,0.0015072804962372134,washing,washing
118.7,-0.0850638731419734,0.0269115713261064,0.9889721360151944,1.7603886045012207,washing,top_load,0.9929884092977168,0.0015481410698467916,washing,washing
118.8,0.0463500522791092,-0.063946106494507,0.978172789545358,1.6604094667965732,washing,top_load,0.9813559181505099,0.0011269157959565817,washing,washing
118.9,0.1331475223837893,-0.0703795609778345,1.0636502495519782,1.7598731217127113,washing,top_load,1.0742594652561177,0.0014314224428610362,washing,washing
119.0,0.0929084104768034,-0.1202445995771457,1.0300961760885323,2.0406614994053034,washing,top_load,1.0412439044032915,0.0014000859637850632,washing,washing
119.1,0.1471059521481068,-0.1011305882085543,1.0246581160332604,1.5866099026825475,washing,top_load,1.0400922131146062,0.0014302434823015386,washing,washing
119.2,0.1237922583656217,-0.1438360122683637,1.0172886757515462,1.5571702060079715,washing,top_load,1.0348379445443912,0.001154396208844126,washing,washing
119.3,0.0461957453573035,-0.0450626639155049,0.9699004782891496,1.6757168769849595,washing,top_load,0.9720450752685288,0.0009585626565760281,washing,washing
119.4,-0.0743648406966813,-0.0917278161546491,1.0383259057522083,1.843096590386399,washing,top_load,1.045019046881198,0.0010184746404814833,washing,washing
119.5,-0.0979387311460787,-0.0511010522137955,0.9747060202596476,1.8931132230961136,washing,top_load,0.9809460426171571,0.0011853682444601806,washing,washing
119.6,-0.1455432207775495,-0.0119060107114443,1.0084986039445194,1.86561726522923,washing,top_load,1.0190162002458096,0.0011845493427622368,washing,washing
119.7,-0.1541461814006732,0.1438398413789814,0.950818302836063,1.9763528104846528,washing,top_load,0.9739129274305742,0.0013277255838482385,washing,washing
119.8,-0.1435533315880554,0.1389498038302515,0.9387742344805744,1.5355371608649109,washing,top_load,0.959797723647584,0.0015414781635713938,washing,washing
119.9,-0.0855534157124997,0.1307864566466708,1.0095487360795934,1.9782504807538408,washing,top_load,1.0215738518101234,0.0011149133692810744,washing,washing
120.0,-0.0011911884704122,0.1874706809062048,0.9757270219841528,1.7531857019930563,washing,top_load,0.9935743034919289,0.000998979935912764,washing,washing
120.1,0.0855366892643419,0.1614408442016179,0.940324972861082,1.9097241464707304,washing,top_load,0.9579095604351332,0.0010167225039669826,washing,washing
120.2,0.1175163859396002,0.1733502007929904,1.0162182850884125,1.6014861859855194,washing,top_load,1.0375740918254026,0.0010411690333274953,washing,washing
120.3,0.1374145414132001,0.027474116250053,1.0636024231315238,1.800743504551361,washing,top_load,1.0727943408439338,0.0015168256244172148,washing,washing
120.4,0.138494679017535,0.016434771529803,1.0416868077574015,1.835440615588352,washing,top_load,1.0509815808505933,0.0015718006887919071,washing,washing
120.5,0.0305403100670161,-0.0419828387061378,0.9922804634420298,1.9733626556247628,washing,top_load,0.9936376539833545,0.0015149682324298026,washing,washing
120.6,0.0331110388514448,-0.1363764103594799,1.0002653592009083,1.5622118066088353,washing,top_load,1.0100622035368323,0.0015012195132092345,washing,washing
120.7,-0.0552355758163888,-0.0849595290916603,1.0266311877035177,1.804612882280236,washing,top_load,1.031620417588165,0.0014075983976917037,washing,washing
120.8,-0.1143861806184374,-0.1501766424233087,1.0336638405950471,1.6372147063286786,washing,top_load,1.0507607518363613,0.0011605531936543722,washing,washing
120.9,-0.1185210583814689,-0.1277636922428981,0.9896939284352292,1.8758244066312413,washing,top_load,1.0049203323233926,0.0011900451244010988,washing,washing
121.0,-0.20124294334572,-0.0686733148533496,1.0010253314717372,1.916582480468419,washing,top_load,1.0233603767331902,0.0011013124968010943,washing,washing
121.1,-0.1618970819850747,-0.1224884825684611,1.0090184442029362,1.9930755363762127,washing,top_load,1.0292387061604904,0.0005726136567676561,washing,washing
121.2,-0.0290893677150222,-0.0832401793045135,1.016616289608365,1.719745581853744,washing,top_load,1.020433142867178,0.0005750300764269401,washing,washing
121.3,0.0370899774208686,-0.0171086185109821,0.996007706739662,1.939083972853319,washing,top_load,0.9968448841907328,0.0004090191687970657,washing,washing
121.4,0.1077873741850609,0.0614184870778051,0.9963974426479376,2.004135238121558,washing,top_load,1.0040907390788878,0.00031841879914137547,washing,washing
121.5,0.128794665189098,0.0633726284875412,1.0413949698926317,1.55351295452168,washing,top_load,1.0512409995525607,0.00035761773063610697,washing,washing
121.6,0.1672736978365031,0.100169711883204,1.0362856210732865,1.891851738014768,washing,top_load,1.054467803970282,0.00043446377679625964,washing,washing
121.7,0.1435561517061003,0.1749453598192367,1.0143223172030826,1.943776688067016,washing,top_load,1.0392612812912727,0.00044866048597680164,washing,washing
121.8,0.0697381517212495,0.1611697232060437,1.051573272100688,1.7611910420418844,washing,top_load,1.0661357493679482,0.0005519039323955669,washing,washing
121.9,-0.0266248387867848,0.0766929292147361,0.9884066271332076,1.6183839633712338,washing,top_load,0.9917350190412773,0.0006398425302174332,washing,washing
122.0,-0.1513984694722937,0.072583540129144,1.0486892034588815,1.9414433634164492,washing,top_load,1.0620446847037348,0.0007523489205696771,washing,washing
122.1,-0.1126469716287858,0.1122945583283274,1.0162754633060664,1.6200736758663363,washing,top_load,1.0286472793748354,0.0007526875763988795,washing,washing
122.2,-0.1130521492777132,0.0289863062233926,1.0981307836664378,1.773247284823365,washing,top_load,1.1043152685898405,0.0012502006863444,washing,washing
122.3,-0.1073124364657828,-0.0583407274846711,0.9642255421965256,1.7939813913295006,washing,top_load,0.9719313225366528,0.0015505175583787909,washing,washing
122.4,-0.0986523239362791,-0.0886436321902742,0.9793196424334798,1.9073307077556,washing,top_load,0.988259549208583,0.001692717918346423,washing,washing
122.5,0.0202138318100233,-0.1209554489721851,1.0125639348460165,1.7060052660731202,washing,top_load,1.0199630100073998,0.0016832510544750468,washing,washing
122.6,0.0980789423540957,-0.122232149929505,1.0119170215893698,1.6973124466758218,washing,top_load,1.0239805837963862,0.001628560652938131,washing,washing
122.7,0.1734136762592739,-0.1903217368848558,1.0585041695252506,1.8148373218144669,washing,top_load,1.0893694247347705,0.001986918183272862,washing,washing
122.8,0.1234207115374021,-0.1617443697628631,0.979948759501014,1.9509585716429625,washing,top_load,1.0008463840340136,0.0019561981464877426,washing,washing
122.9,0.1289304203335762,-0.0985416789354906,1.0271475555608165,2.143117500097972,washing,top_load,1.039887309601083,0.0017988396410272322,washing,washing
123.0,0.1105859493781805,-0.0668619311496305,1.03487389014046,1.573877820033184,washing,top_load,1.042911184392698,0.001711632854660485,washing,washing
123.1,0.0205222871777937,0.003978095996484,1.0211394349666194,1.8473013026679868,washing,top_load,1.0213533840756155,0.0017207844323762428,washing,washing
123.2,-0.0887385109642402,0.0022410040226919,0.9711701097422704,1.6370197460648563,washing,top_load,0.9752183998899907,0.0012634964834220865,washing,washing
123.3,-0.103138497865559,0.0973497658014696,1.042232764157626,1.9528216864810115,washing,top_load,1.0518382296376236,0.0010951126623896267,washing,washing
123.4,-0.1299832385948498,0.1562773982255914,1.0368797479394625,1.659218317903615,washing,top_load,1.0566162402683241,0.000998764882286795,washing,washing
123.5,-0.1400195905543445,0.1598920305837705,1.0179875355937114,1.6988027672726516,washing,top_load,1.0399372912860492,0.000984352424267728,washing,washing
123.6,-0.0960945180739059,0.1534160047400428,1.0061304306162686,1.7116093711404006,washing,top_load,1.0222861978557332,0.0009884858723872248,washing,washing
123.7,-0.0450646601252977,0.1320342796579765,1.006783240301331,1.7885701591920296,washing,top_load,1.016403644005991,0.0006235204606439506,washing,washing
123.8,0.0816518511461996,0.079002461288781,0.9976379262328188,1.848479639528806,washing,top_load,1.0040865727333503,0.0006059331789705695,washing,washing
123.9,0.0756613003779179,0.0582760075838617,1.0192235540275794,1.8725552090412767,washing,top_load,1.0236881256121915,0.0005859763911125366,washing,washing
124.0,0.1250388545613587,0.0472097535158147,1.0009340455883493,1.7991348680725825,washing,top_load,1.0098180230095422,0.0005669637463160015,washing,washing
124.1,0.1476726530151289,-0.0463237445684957,0.9745442507394207,1.600516346633913,washing,top_load,0.9867571121652141,0.0006925831872718166,washing,washing
124.2,0.1419456072473922,-0.1163798671390772,0.9685422506551722,1.9091679225465283,washing,top_load,0.9857823898793925,0.0006017498033044391,washing,washing
124.3,0.0102974877998735,-0.1403966186692767,0.9774389123904312,1.7920562004505458,washing,top_load,0.9875242155227101,0.0005563649665089127,washing,washing
124.4,-0.058108887527604,-0.1401535219997063,1.0066639672764837,1.974260218502205,washing,top_load,1.0180333960884815,0.0003337507082934186,washing,washing
124.5,-0.1492996430759117,-0.1600226251125971,0.9991913249069436,1.6938391830780095,washing,top_load,1.0228787453749417,0.0002472098663057397,washing,washing
124.6,-0.1347432011122988,-0.1186613688301451,1.0064603137986623,1.559658790897351,washing,top_load,1.0223495556561537,0.00024741527041707606,washing,washing
124.7,-0.1832531837804366,-0.0856146083956818,1.0150243940063832,1.7948960995975387,washing,top_load,1.034981212855788,0.00031772671166858626,washing,washing
124.8,-0.1381856921258432,-0.0302973689161364,0.9811803722224935,1.99439290324264,washing,top_load,0.9913264542552115,0.00034961400805823734,washing,washing
124.9,-0.0524217054185083,0.0370532567674555,1.0439698050503603,1.824141320492408,washing,top_load,1.0459416488948832,0.000475164865651856,washing,washing
125.0,-0.0192462816234842,0.0762283108874088,0.9919686751885758,1.7700495301240715,washing,top_load,0.9950794075311056,0.0004992498245422415,washing,washing
125.1,0.0792015117975476,0.064651770039102,0.9869971904565548,1.669447947351385,washing,top_load,0.9922782799242048,0.00047492751480287675,washing,washing
125.2,0.1176690515927462,0.1005431388719099,1.0144715871199737,2.0636649700021232,washing,top_load,1.026210275504329,0.0004242346100047418,washing,washing
125.3,0.1698674387171335,0.1447051135638403,0.9449046939287478,1.6455596107672832,washing,top_load,0.9708961825223249,0.0005484597567721332,washing,washing
125.4,0.1499778998903434,0.1347625009935047,0.9762839665083124,1.691190861355764,washing,top_load,0.9968874988637112,0.0005648115197258111,washing,washing
125.5,0.06740977695863,0.0972962001977509,1.029432183960755,1.8855051294126035,washing,top_load,1.0362148667032058,0.0006211109156230163,washing,washing
125.6,0.0137404324326419,0.0852371095377588,0.9478773421281368,1.5215968965169815,washing,top_load,0.9518012502858403,0.0009442804746466442,washing,washing
125.7,-0.0239063809710812,0.039226393798422,1.0335272259079946,1.991188599807201,washing,top_load,1.0345476072731687,0.000941329607254696,washing,washing
125.8,-0.103775680308744,-0.0182705262103282,1.045334096990774,1.8936289671326036,washing,top_load,1.0506315140348028,0.0011244555133897135,washing,washing
125.9,-0.1892519493418375,-0.0593966162630943,0.9889163398652876,1.9348846607716663,washing,top_load,1.008612802618402,0.0009660583110111551,washing,washing
126.0,-0.1229899356091298,-0.0602600729527511,1.0087543830227892,1.8837175517924485,washing,top_load,1.0180094331198983,0.0009613803336624065,washing,washing
126.1,-0.1352203845623961,-0.1236113713414427,1.033572612545531,1.7758314723815445,washing,top_load,1.0496840805358099,0.001082594839020358,washing,washing
126.2,0.0050719090240981,-0.073530377897715,0.9859963243586944,1.6405276934766866,washing,top_load,0.9887472843875655,0.0011242005846354506,washing,washing
126.3,0.0680264482699588,-0.1425694045987913,1.0260332656157851,1.778988683816256,washing,top_load,1.0381222928644156,0.0009829462788336952,washing,washing
126.4,0.111378630166858,-0.1382904857970424,0.97986553614608,1.653714553237105,washing,top_load,0.9958242448578326,0.0009878884792116956,washing,washing
126.5,0.1473754627473559,-0.0954896119826626,0.9856719312000046,1.8729232965114573,washing,top_load,1.0011927631441129,0.0009627085017361723,washing,washing
126.6,0.1410721199284817,-0.0422281723251471,0.9760199060702508,1.9210169745822152,washing,top_load,0.9870660659775613,0.0006018561032713679,washing,washing
126.7,0.1359327049583704,0.01494252469763,1.010279415975844,2.021521294679731,washing,top_load,1.0194927550827082,0.000566630710247431,washing,washing
126.8,0.044095337818838,0.1157631215827548,1.0347390715769664,1.8557651460829292,washing,top_load,1.042127845028576,0.0005079241396822001,washing,washing
126.9,-0.0117328889154545,0.0731282494136143,0.9944766120364852,1.938686303489278,washing,top_load,0.9972307322942711,0.0005367513467804783,washing,washing
127.0,-0.0620097568482814,0.1572173837519066,0.961862525202628,1.755428289415479,washing,top_load,0.9765971703252849,0.0006690482026476762,washing,washing
127.1,-0.1525782541756691,0.1545302796391094,0.9675187953313956,1.7282584292987708,washing,top_load,0.9915908179749102,0.0004891709492400054,washing,washing
127.2,-0.1681897914639615,0.0998453255805184,1.011837982641116,1.8710507836225203,washing,top_load,1.0305692592486027,0.0005241896587033179,washing,washing
127.3,-0.1624801532470429,0.150770135732055,1.055323492401828,1.7420290690924638,washing,top_load,1.0783501785797767,0.000955463405955641,washing,washing
127.4,-0.1041972334990355,0.1307076487876656,1.011811749979432,1.8403778683241487,washing,top_load,1.0255264844541523,0.0009368900636997003,washing,washing
127.5,-0.0548518593432503,0.0206372570429243,0.9883931034804624,1.640821171599687,washing,top_load,0.9901290571735624,0.0009830141910681606,washing,washing
127.6,0.0941579147857219,-0.0059215434372448,1.0229855190055086,1.667755847628555,washing,top_load,1.0273267005624083,0.0009053139839089032,washing,washing
127.7,0.1809166250877866,-0.108727492188498,0.9928150409323976,1.895311395152744,washing,top_load,1.0150045311683848,0.0009057339278221052,washing,washing
127.8,0.1924638775683492,-0.1390641150086756,0.988651443479074,1.9330035113109143,washing,top_load,1.0167658771541497,0.0008309460959067446,washing,washing
127.9,0.0869415232111104,-0.1017795799935095,0.971246226829142,1.652151574654998,washing,top_load,0.9804270215022475,0.0009251963115767041,washing,washing
128.0,0.1099134279905595,-0.1628097003773935,1.0422534653273907,1.9005921465759632,washing,top_load,1.0606037177836813,0.0009470642774841454,washing,washing
128.1,0.0614631755323516,-0.1794431201661276,0.92382376247513,1.7200896490447088,washing,top_load,0.9430948517700546,0.0015059720046412355,washing,washing
128.2,-0.0689229823248657,-0.1187453950725675,1.023935776008378,1.8024757764300463,washing,top_load,1.0330998595166747,0.001514366996280217,washing,washing
128.3,-0.1125335634968613,-0.1053581204015634,0.986087651866074,2.012541662368597,washing,top_load,0.9980646239651019,0.0010649668017058457,washing,washing
128.4,-0.2075798791334425,-0.0568775391037674,0.9876897780564516,1.9211230851034424,washing,top_load,1.0108687146967987,0.0010326343167690935,washing,washing
128.5,-0.1346563924049741,0.0315983586996399,1.0507694546835344,1.919380798203329,washing,top_load,1.0598335941004917,0.0012488361549787862,washing,washing
128.6,-0.1345888577723552,0.0255839645890082,0.9785760672339984,2.086318553768545,washing,top_load,0.9881193345156838,0.001290880072722269,washing,washing
128.7,-0.0313144325373763,0.0768870394914641,0.9795979253791476,1.6944180988425304,washing,top_load,0.9831095086174427,0.0013613074124574432,washing,washing
128.8,-0.0095326045909445,0.1395331874994174,0.996088172832414,1.6521187537511182,washing,top_load,1.0058588514402267,0.0013504997492129718,washing,washing
128.9,0.1189678126236291,0.1783249462696403,1.0124154215743673,1.6916816594657114,washing,top_load,1.0348613978423027,0.0013337398047026522,washing,washing
129.0,0.173393857707074,0.1824322832139899,0.986744326531214,1.7618248419890077,washing,top_load,1.0183375343130339,0.0010535385853364474,washing,washing
129.1,0.1238476917578505,0.1035780380334241,0.9527842320839236,1.4468174078562162,washing,top_load,0.9663666248501926,0.0007744961798057023,washing,washing
129.2,0.0814693089740606,0.1147572145209343,0.974029054573547,1.7688857644954783,washing,top_load,0.9841438237080761,0.0007612493399571427,washing,washing
129.3,-0.0094620083737935,0.0156019571393769,1.0384400156939355,1.7183143902157632,washing,top_load,1.038600316225383,0.0008634829201911271,washing,washing
129.4,-0.0267923910569002,0.0416086009245963,1.0022433036740654,1.9175639651096696,washing,top_load,1.0034643728847343,0.0008659069522143001,washing,washing
129.5,-0.1056156058723216,-0.0978800244973501,1.0135326185111146,1.852862906851506,washing,top_load,1.0237106642921017,0.0005824724787136205,washing,washing
129.6,-0.1822546402403403,-0.0668759872576335,0.9921573637848088,1.7098955058345997,washing,top_load,1.0109724952110422,0.000550711734721153,washing,washing
129.7,-0.1361134465748759,-0.1562104788073071,0.980215069114802,1.888494126804436,washing,top_load,1.0018733281944558,0.0004865422591900481,washing,washing
129.8,-0.1401483002812429,-0.0891764413952534,1.0503270834962624,1.9084894589735653,washing,top_load,1.0633818533797759,0.0007795933385116087,washing,washing
129.9,-0.1045351298746129,-0.126564528872338,0.9943542442884676,1.6847181315312885,washing,top_load,1.0078127487192592,0.0007307959847516446,washing,washing
130.0,-0.0166371721692251,-0.1518330450384976,0.9866989036141862,1.7260463616926374,washing,top_load,0.9984511983351455,0.0007417453706490503,washing,washing
130.1,0.1044021872831388,-0.099198496859508,1.0328842709906605,1.466195521935303,washing,top_load,1.0428758678522567,0.0005873334238610977,washing,washing
130.2,0.1447372971379567,-0.0120394133968508,0.9783291892339784,1.6364010038446073,washing,top_load,0.989050977030484,0.0005533359849917738,washing,washing
130.3,0.145803227419286,0.0485077902594855,0.98215817968678,1.6886295659364632,washing,top_load,0.9941057673946909,0.0005478148340189179,washing,washing
130.4,0.1542972084238469,0.0651360146617686,1.000307400520507,1.8111249264909035,washing,top_load,1.0142313466214226,0.0005352284420746007,washing,washing
130.5,0.0533404291522765,0.1106850425421087,1.000008103122645,1.6581925980960277,washing,top_load,1.007527958091312,0.0005288207312590029,washing,washing
130.6,0.0197710880564623,0.1607853680841989,1.0077883404370964,1.7229822019426335,washing,top_load,1.0207253154663427,0.0005338768322081447,washing,washing
130.7,-0.0507990129881057,0.1537644963012268,1.0627500726818646,1.6162003977626105,washing,top_load,1.0750171054586266,0.0008717099274081019,washing,washing
130.8,-0.1296720816713313,0.1044245359318447,1.0100874473905712,1.8256670847796903,washing,top_load,1.0237167498119573,0.0006582716266224108,washing,washing
130.9,-0.1342793375305818,0.0947093390579684,0.928658381117476,1.863857189187736,washing,top_load,0.9430838712501558,0.0012144616929070503,washing,washing
131.0,-0.1660714810836089,0.0874276175414039,1.0097889683029468,1.8603548022629732,washing,top_load,1.0270818300625317,0.0012173652644868209,washing,washing
131.1,-0.0873874446560224,0.0682655389832432,1.001136399834688,1.801854169785789,washing,top_load,1.0072590731138353,0.0011136283317549041,washing,washing
131.2,-0.0207477199287893,0.027810929122169,1.0013035007305435,1.568839050524791,washing,top_load,1.0019044945682813,0.0010697980097375765,washing,washing
131.3,-0.0502113133461964,-0.0472197072016467,1.007378419281885,1.7070069504160723,washing,top_load,1.0097337056724554,0.0010339335876665518,washing,washing
131.4,0.1383912369946125,-0.1032724489825355,0.999139651369756,1.7389039991522273,washing,top_load,1.0139513677366518,0.0010338665662519555,washing,washing
131.5,0.0512295004836887,-0.1170020563037601,0.9984216372083384,1.7395057030619063,washing,top_load,1.006558348306195,0.0010351396667946829,washing,washing
131.6,0.1288616168426198,-0.1699551538987004,1.0183913262931237,1.8112471826984755,washing,top_load,1.0404859269116005,0.0011085367450858192,washing,washing
131.7,0.1463374274440995,-0.1466616745569575,0.983737576084165,2.0138312058556527,washing,top_load,1.0053178144521047,0.0006628767335319902,washing,washing
131.8,0.0457000811451386,-0.1414932668752469,0.9715694099308247,1.92181443190269,washing,top_load,0.9828814579088534,0.0006861841545511693,washing,washing
131.9,-0.0627855645087248,-0.1146282083884615,1.0907134435786716,1.651872333022696,washing,top_load,1.0985160305030928,0.0010040447824978364,washing,washing
132.0,-0.1209798996953684,-0.0181007268387764,0.9785242766865628,1.9017604312944951,washing,top_load,0.9861407265230224,0.0011014907178240909,washing,washing
132.1,-0.1049168854802845,0.0299609739767718,1.0030042873738023,1.8960453551498604,washing,top_load,1.0089216091009,0.001098805655606894,washing,washing
132.2,-0.2073491451806996,0.0945386757675123,0.955130192473739,1.6790898790572653,washing,top_load,0.9819393636054944,0.0011987243148036037,washing,washing
132.3,-0.0927794557964465,0.1307497315784843,1.0034940524515426,1.927329888395316,washing,top_load,1.016220366373037,0.001197582760419401,washing,washing
132.4,-0.0739161140865303,0.148089406787794,0.97200323347932,1.7759435046082106,washing,top_load,0.9859940923852776,0.0012766254785483544,washing,washing
132.5,-0.0357718599132741,0.1666984999703266,0.9867258117144996,1.5885069764978332,washing,top_load,1.0013470144548542,0.0012848296530969263,washing,washing
132.6,0.0547695989461639,0.139529585761262,1.0313519399731337,1.8682804086955715,washing,top_load,1.042187621475989,0.0012963540010939205,washing,washing
132.7,0.0961324585922565,0.1267531185083873,1.0141602870513422,1.8325442735421784,washing,top_load,1.0265616837183502,0.0013149114459204887,washing,washing
132.8,0.1756907652899962,0.052124769151657,1.0170522857372446,1.7658483556221258,washing,top_load,1.0334309790647132,0.0012313109159400519,washing,washing
132.9,0.1576968921627893,0.0354867525484101,0.946863854848244,1.7943820372525052,washing,top_load,0.9605616997477626,0.000669970668535812,washing,washing
133.0,0.0365929538275888,-0.0080546666292757,1.0551068550948703,1.6921371781667307,washing,top_load,1.0557719439313231,0.0008733597209876479,washing,washing
133.1,0.0066922214790777,-0.0972563729093832,0.9642435606717438,1.8915195755695664,washing,top_load,0.9691590334907563,0.0010524255082421533,washing,washing
133.2,-0.0811142527730221,-0.1152143822652622,1.045856824428816,1.793482404823661,washing,top_load,1.0553058196977874,0.0011769347267163433,washing,washing
133.3,-0.0767716873625843,-0.1607728210380897,1.0306463159794446,1.8249673265922344,washing,top_load,1.0459319388024468,0.00127555435861908,washing,washing
133.4,-0.1878460611530957,-0.1657478292879786,1.0173199822535404,1.853571288664331,washing,top_load,1.0477110440845572,0.0012226360220518812,washing,washing
133.5,-0.0945316043037216,-0.1732143535363015,0.9743504565727484,1.6268121578360513,washing,top_load,0.9941319070962151,0.0012638369493737913,washing,washing
133.6,-0.1036809080748188,-0.0739179240586399,1.0045476953445858,1.6658575467176924,washing,top_load,1.0125856321410434,0.0012257401155481129,washing,washing
133.7,-0.0721615152661369,-0.0386350345832023,0.9858723576806542,1.4685083310575686,washing,top_load,0.9892645024570335,0.0013114176755229493,washing,washing
133.8,0.0169852575544474,-0.004545527975879,1.0008711871451588,1.884711338773561,washing,top_load,1.0010256210787662,0.0012936802937566173,washing,washing
133.9,0.0786335006662507,0.0909669450466202,0.9925038322274332,1.6181684964379852,washing,top_load,0.9997610061931226,0.000989288736499898,washing,washing
134.0,0.1044199253838094,0.0746966483497964,0.9388416848028276,1.819885456484348,washing,top_load,0.9475794527190136,0.0012292241470632282,washing,washing
134.1,0.150187893401216,0.2100514322504888,1.0336535245295375,1.855648233740933,washing,top_load,1.0654189862617953,0.0013624996124725437,washing,washing
134.2,0.0787395198956157,0.1364037992510974,0.9975667853035192,1.890352925833878,washing,top_load,1.00992346224074,0.001170762502554597,washing,washing
134.3,-0.0101923033594436,0.1574663440435834,0.9854559880149328,1.619397462924591,washing,top_load,0.9980095374638013,0.0010319632233398055,washing,washing
134.4,-0.0301902791600942,0.1261014396866733,0.983190183015107,1.7902257572788964,washing,top_load,0.9917035656001725,0.0008332416751391648,washing,washing
134.5,-0.1422534737363995,0.1205150609150302,1.010753787291003,2.0505420631181623,washing,top_load,1.0278050151758027,0.000895682380991939,washing,washing
134.6,-0.158288883911926,0.0923259302500958,0.973187309851166,2.057147201997648,washing,top_load,0.9902893457075957,0.0009043797901656698,washing,washing
134.7,-0.1769770959223415,0.0135109659394328,0.9323447332457788,1.9480984641040424,washing,top_load,0.9490891108283062,0.001180183615016511,washing,washing
134.8,-0.1527856709860757,0.017826745859972,1.0122138940962482,1.850623970822826,washing,top_load,1.0238350558210596,0.0012472400908312498,washing,washing
134.9,-0.0122341580675477,-0.0763568639342233,1.0155730899387043,1.6492340416731934,washing,top_load,1.018513007428545,0.0012799850560284134,washing,washing
135.0,0.0016923470150794,-0.1132379875729309,0.994011045259671,1.907793243808658,washing,top_load,1.000441734418457,0.0009175944450303211,washing,washing
135.1,0.0796241813851139,-0.1715740815733222,0.9655629137442996,1.776296815687974,washing,top_load,0.9839153500821909,0.0005329069198621514,washing,washing
135.2,0.0733572399350334,-0.137018862802581,1.0026680662266785,1.8840792412909264,washing,top_load,1.0146421558585794,0.0005462182034467327,washing,washing
135.3,0.1300851152551322,-0.1405367122270362,0.9560640289505924,1.7050734817721829,washing,top_load,0.9750544252234153,0.0006081697199213146,washing,washing
135.4,0.142183136768145,-0.1249775434615088,0.9691830820993702,1.7740600330740106,washing,top_load,0.987497482213771,0.0006153836656394589,washing,washing
135.5,0.0574319204564852,-0.0871611259792153,0.9774790619048752,1.824622104011464,washing,top_load,0.9830365221250529,0.0005104172181375335,washing,washing
135.6,0.0460418703401868,0.0669752219100862,1.0253181721267466,1.8369417137240789,washing,top_load,1.028534339858257,0.0006367801585075182,washing,washing
135.7,-0.0912995804797345,0.0312219084381116,0.9891216714868925,1.8740584071690372,washing,top_load,0.9938169358424706,0.00036603481824401036,washing,washing
135.8,-0.1241679704923165,0.0429263428898943,0.9865640076467062,1.713120752321265,washing,top_load,0.9952732775444197,0.000302224284799214,washing,washing
135.9,-0.1649246368085686,0.1025832458522821,1.0586407754623377,1.5985073321834695,washing,top_load,1.0763102478502784,0.0008988105158166879,washing,washing
136.0,-0.1377288576628166,0.1437404389850063,1.0105738749156614,2.0437177559849693,washing,top_load,1.0299951983843234,0.000963752913790604,washing,washing
136.1,-0.1218967680449657,0.1656426635256902,1.0101698353142448,2.173388125353504,washing,top_load,1.0308925308772499,0.000945457785833072,washing,washing
136.2,-0.0454302918868522,0.1515546833867137,0.9889089776437368,1.8671131066803568,washing,top_load,1.0014857460502133,0.0009535958735458298,washing,washing
136.3,0.0302195803213799,0.1243464324252259,0.9821088499708966,1.6014011857904835,washing,top_load,0.9904105469363899,0.0008572788977585945,washing,washing
136.4,0.0806504331675605,0.0410901561579327,0.9344078067994854,1.6840207324735683,washing,top_load,0.9387815734828965,0.0013568871675642394,washing,washing
136.5,0.157211293499186,0.0196317912344459,1.0290622159577067,1.8763676353576453,washing,top_load,1.0411867471028173,0.0013872600828461834,washing,washing
136.6,0.1544947388544287,-0.069034673293804,1.0134492911726911,2.001167341752193,washing,top_load,1.0274793799531505,0.0013836519105006886,washing,washing
136.7,0.1129185680587693,-0.1082750369490476,0.9946250202035976,1.6180664048187217,washing,top_load,1.00685302673914,0.001346339600770373,washing,washing
136.8,0.0423049328988493,-0.1531604752413245,0.9958831989449124,1.781350076872665,washing,top_load,1.008479640084259,0.0013092130326989452,washing,washing
136.9,0.0050963358809572,-0.181830696555933,1.0220843278678315,1.8293898096665957,washing,top_load,1.0381448589298432,0.0009364783177911617,washing,washing
137.0,-0.095242815158297,-0.1168909205314321,0.9533586978076044,1.9296867676928813,washing,top_load,0.965208520386851,0.0010880752796873635,washing,washing
137.1,-0.1449249765046757,-0.1125621162926713,0.9823035600533858,1.7484598358399432,washing,top_load,0.9992966341045694,0.0010053493561361735,washing,washing
137.2,-0.1465633083675974,-0.0719999601188192,0.965910914113224,1.5654277963017114,washing,top_load,0.9796166044018502,0.0010543752823290995,washing,washing
137.3,-0.0757515883361792,-0.0557874723475443,1.0531452784746025,1.8931796339179356,washing,top_load,1.057338887386504,0.0013664479588234707,washing,washing
137.4,-0.1124737373558942,0.0176507035654618,1.026269665955599,1.9687193947756856,washing,top_load,1.0325654052851931,0.0008401270620881033,washing,washing
137.5,0.0230957067916635,-0.0064861329830355,0.933919220765939,1.7876112807382258,washing,top_load,0.9342272702663624,0.0013763978228330002,washing,washing
137.6,0.0154679162781051,0.1185715675049038,0.9545871512008008,1.8607860136959649,washing,top_load,0.9620473492984725,0.0014765241931061204,washing,washing
137.7,0.1331673835721575,0.1329627671693505,0.9960296297992756,1.7288263155859394,washing,top_load,1.0136506661265836,0.001493947516844841,washing,washing
137.8,0.1969564940925025,0.1657915458621106,0.9858267936378272,1.673134080791116,washing,top_load,1.018888200097929,0.0015265746712422156,washing,washing
137.9,0.1503841136039216,0.1596984606821463,0.9602685337576934,1.9539638520820828,washing,top_load,0.9850048918121344,0.0013596746216306297,washing,washing
138.0,0.0932865402000744,0.1018343473704794,1.0583428671295148,1.8581243771721687,washing,top_load,1.0673154347664955,0.0017311665537218038,washing,washing
138.1,0.0019865009705614,0.0535466701012215,1.0093761974194777,1.8735552899102823,washing,top_load,1.0107974574473562,0.001729829570879205,washing,washing
138.2,-0.054287266888041,0.0321001568215015,1.0142444896858926,2.025317272199192,washing,top_load,1.0162034305552876,0.0016480007721578417,washing,washing
138.3,-0.1231388708784687,0.0188324244206923,0.9792395515230335,1.641773649852214,washing,top_load,0.9871311670683979,0.001399285805027862,washing,washing
138.4,-0.1709223858472446,-0.0292201892231851,1.02166822441534,1.7171960597760867,washing,top_load,1.0362790368534658,0.0014252427793710794,washing,washing
138.5,-0.1513547459085222,-0.1366518667837527,0.9885870171705397,1.8236900023252045,washing,top_load,1.0093989708349531,0.0008389042682062106,washing,washing
138.6,-0.0967306310705145,-0.1590214936029678,0.991499704788775,1.7153530143358138,washing,top_load,1.0088192677636796,0.00055227609983222,washing,washing
138.7,-0.0603199951306495,-0.1693817207576048,1.0183300587947577,1.9174704802908675,washing,top_load,1.034081610794962,0.0005863083279670314,washing,washing
138.8,0.0131150284541892,-0.1584038019873862,0.951130073048191,1.7718901168644023,washing,top_load,0.9643195447112282,0.0008659380251238882,washing,washing
138.9,0.061874762761542,-0.1704500375045029,1.0479108357955296,1.6511200788754217,washing,top_load,1.0634842835367944,0.0010121806539019947,washing,washing
139.0,0.1543802282269375,-0.1382751514465168,1.0054716764417162,1.8098657512781493,washing,top_load,1.0266092559983442,0.0007479104073079664,washing,washing
139.1,0.1637027854683158,-0.0745779905706772,1.0384283262634126,1.8255508156210185,washing,top_load,1.0538946187517413,0.0008865757869644963,washing,washing
139.2,0.1225267997434639,0.0044725210692512,0.9677374073014354,1.9402023094344496,washing,top_load,0.9754734796961905,0.0010870320055399217,washing,washing
139.3,0.084173797684574,0.0180439516143741,0.9723050462791544,1.8589711354721137,washing,top_load,0.9761085571935193,0.0011697704855519369,washing,washing
139.4,-0.0161639559222313,0.0950137580637906,0.9651429933520056,1.8691719587039757,washing,top_load,0.969943238189189,0.001293876438367898,washing,washing
139.5,-0.0764074597228937,0.1632025864908304,1.0075089301799451,1.848043752601084,washing,top_load,1.023497644614261,0.0013174685051692413,washing,washing
139.6,-0.1266089351007752,0.1092443695882808,1.0019794990575477,1.7717666218062105,washing,top_load,1.015838112725501,0.0013211410734820224,washing,washing
139.7,-0.1524502098467868,0.1407848851053219,0.9860676454230646,1.6925671327333105,washing,top_load,1.0076660417552208,0.001251465196014366,washing,washing
139.8,-0.1425738436691976,0.1583918742817337,0.9695779242134416,1.8433257527489064,washing,top_load,0.9927218330726567,0.0010584375433817404,washing,washing
139.9,-0.0058384726415064,0.0801308902526452,0.9620021119080748,1.750031285117454,washing,top_load,0.9653512887291669,0.0008665171156785463,washing,washing
140.0,0.1013893572264609,1.2078734000067028,0.985683801131654,3.5460367432278934,spinning,top_load,1.5623093509340247,0.03264709091558926,spinning,spinning
140.1,-0.6248113650645746,-1.2103107468530994,0.8199133186719048,3.886781569885692,spinning,top_load,1.5898110566974746,0.06132178811930771,spinning,spinning
140.2,1.1792381674952803,0.767876351556644,1.338684936993488,3.1296674848124657,spinning,top_load,1.9422446054734785,0.1263421791095612,spinning,spinning
140.3,-1.1185598031966053,-0.0795177845837841,0.6759670350843688,3.2722243637322377,spinning,top_load,1.3093626479753782,0.12053050363457302,spinning,spinning
140.4,0.7000647596920977,-0.6530365999509731,1.2317330636416204,4.20111562318402,spinning,top_load,1.5600364767229815,0.120217179010047,spinning,spinning
140.5,-0.0756674238808289,1.0206074458257068,0.9864267898146184,3.4317256790110062,spinning,top_load,1.4214087832765097,0.11187640899033043,spinning,spinning
140.6,-0.718312636150285,-1.0757830336665293,0.8211545022475655,3.027251547524181,spinning,top_load,1.5321804382445887,0.10172364321851451,spinning,spinning
140.7,1.1473518215584992,0.712705230679533,1.319610799946462,3.3543624641629584,spinning,top_load,1.888316078310756,0.10478621251360926,spinning,spinning
140.8,-1.127500431087505,-0.0063638257582553,0.6809576807345709,2.8077816946339094,spinning,top_load,1.3171943984591632,0.08044069210371065,spinning,spinning
140.9,0.7335144847719186,-0.6865388954836199,1.1998965320002948,3.5602301781140384,spinning,top_load,1.564969917247107,0.04397830424645615,spinning,spinning
141.0,0.0552798118726593,1.0809166240469266,1.0104867384589613,3.702446190069555,spinning,top_load,1.4807160613510986,0.04476143672531836,spinning,spinning
141.1,-0.7468715470525381,-1.0876414098973328,0.7745375191040823,3.272084405957812,spinning,top_load,1.5299311464311118,0.0447316158553354,spinning,spinning
141.2,1.1002832831216427,0.8187994209414967,1.343879625107453,3.3823190194371238,spinning,top_load,1.9201740133722305,0.04287927135785013,spinning,spinning
141.3,-1.0542164187695957,-0.0554081900296249,0.6253788430829914,3.730913538842228,spinning,top_load,1.227004899135114,0.048006083960273255,spinning,spinning
141.4,0.7516011981025587,-0.6035872660123892,1.2190294003659548,3.0624461337884825,spinning,top_load,1.554108949732319,0.047988728334694426,spinning,spinning
141.5,-0.0234462565280019,1.1011337363452878,1.001325635048787,3.1696071969501136,spinning,top_load,1.488522173052443,0.04661677166529585,spinning,spinning
141.6,-0.7117749728880997,-1.1609308625883945,0.7721927025525361,3.44297120457109,spinning,top_load,1.565460203778901,0.04659343534053011,spinning,spinning
141.7,1.1351049827536868,0.7194688811849995,1.3407295068745453,3.3119162906332957,spinning,top_load,1.8983293717028937,0.04734817570619817,spinning,spinning
141.8,-1.1393733722173025,-0.0136842470094492,0.6616397884187818,3.426533275631603,spinning,top_load,1.3176213984118859,0.04732566288663522,spinning,spinning
141.9,0.7337032882852941,-0.6908610988708017,1.19311197922734,3.1840624201483694,spinning,top_load,1.561770075314995,0.047319372584065565,spinning,spinning
142.0,0.1520995647659863,1.2075562838569427,0.9961372427281088,3.553578371480377,spinning,top_load,1.5727733030015327,0.046660201632652644,spinning,spinning
142.1,-0.6939569090812125,-1.1793788550244486,0.7582307509478609,3.462691728705003,spinning,top_load,1.5644246696544026,0.04652133590892235,spinning,spinning
142.2,1.181023708579698,0.7603968585738027,1.4127523370350852,3.637297623558258,spinning,top_load,1.992207205225989,0.052693300564888426,spinning,spinning
142.3,-1.242456421925597,-0.0224044627282141,0.6893932139399891,3.550099875120073,spinning,top_load,1.4210780850329108,0.04148516902216073,spinning,spinning
142.4,0.6762483031842411,-0.647824433729392,1.2197955139942378,3.551672518124006,spinning,top_load,1.5378196774839499,0.041654761219232124,spinning,spinning
142.5,0.0737289001629833,1.1005724043035494,1.035163387824297,3.138423161367472,spinning,top_load,1.5126991793894826,0.04115725865448068,spinning,spinning
142.6,-0.6812033792695671,-1.16223021179377,0.7290197348741974,3.623147887911218,spinning,top_load,1.531759407665092,0.041487702235045505,spinning,spinning
142.7,0.8779209444622953,0.8127954459462717,1.2656499537312351,3.4172833995488894,spinning,top_load,1.7416232161568257,0.033242751876772225,spinning,spinning
142.8,-1.100826427415214,-0.1076992772956689,0.645640922281247,3.4583504230875954,spinning,top_load,1.2807303221794712,0.03549193691265187,spinning,spinning
142.9,0.8204321664287049,-0.656830519437155,1.1702457665172303,3.7620660940977024,spinning,top_load,1.5728987332395181,0.03547979296814971,spinning,spinning
143.0,-0.1197544551671928,1.1190641068009193,0.9929018342665484,3.320141110870776,spinning,top_load,1.5008329877612656,0.03599778272186705,spinning,spinning
143.1,-0.6141790422122394,-1.1085536931936002,0.7945670083925559,3.83779608211475,spinning,top_load,1.4958087837059288,0.0364866301575328,spinning,spinning
143.2,0.9749504817166268,0.7531756223005379,1.369992780816473,3.861118824843273,spinning,top_load,1.842466330578808,0.02430510845236366,washing,washing
143.3,-1.084987882850984,0.0405698017021473,0.623471734605487,3.688196109341093,spinning,top_load,1.2520230104097874,0.03177239773449874,spinning,spinning
143.4,0.704823385190252,-0.6586486136636425,1.223591611410098,3.2548447973081447,spinning,top_load,1.5581304284639474,0.03186308907666297,spinning,spinning
143.5,-0.1409982729146746,1.1041858848563506,1.0004316907945676,2.953426688593267,spinning,top_load,1.496653115864528,0.0319465956051978,spinning,spinning
143.6,-0.6785740331165754,-1.17069073222233,0.7988225884727037,3.769708728564985,spinning,top_load,1.5713360674233827,0.032142511248802706,spinning,spinning
143.7,1.210318204503303,0.6801678590133639,1.326787187343646,3.52784626533277,spinning,top_load,1.920380877088237,0.043694779269833395,spinning,spinning
143.8,-1.119434599324897,-0.1301317547730235,0.6991137083296062,3.3137006322946343,spinning,top_load,1.3262081559620922,0.04118914549294645,spinning,spinning
143.9,0.7404319609745432,-0.6810963123851033,1.2084974313723982,3.793390585938901,spinning,top_load,1.5724495913099656,0.04118724684322031,spinning,spinning
144.0,-0.0247005667403507,1.186596694091672,1.0532254667051109,3.284610279780548,spinning,top_load,1.5867910121193585,0.04091762830360907,spinning,spinning
144.1,-0.8170256880642163,-1.1624163684869893,0.7646856495642468,3.393961185442264,spinning,top_load,1.6135324388845673,0.04056601890949346,spinning,spinning
144.2,1.182779660894411,0.730087693355883,1.3646651660649227,3.631222591079248,spinning,top_load,1.9478980419124137,0.0479676412903061,spinning,spinning
144.3,-1.0362825843874062,0.0056639407689179,0.655829599716929,3.221599292096281,spinning,top_load,1.226387434212591,0.049927642155049044,spinning,spinning
144.4,0.7731171540046216,-0.5561856710272141,1.2017704183252893,3.4726297725982334,spinning,top_load,1.533396482594746,0.05011988847245616,spinning,spinning
144.5,-0.1192725497760972,1.1937698508151264,1.0189694602140216,3.772284295978341,spinning,top_load,1.5740429341965596,0.04929397078587886,spinning,spinning
144.6,-0.7962359671836033,-1.2116142047593803,0.7794221047990282,3.552777685905282,spinning,top_load,1.6460557445180468,0.04958816072734831,spinning,spinning
144.7,1.0905097550463438,0.7294514275212134,1.2625213857515354,3.81185658420592,spinning,top_load,1.8207886094887429,0.04337249475860113,spinning,spinning
144.8,-1.2368463466309954,0.0408960202513959,0.5657336104385148,3.7834005895015,spinning,top_load,1.3607041881418018,0.0415095275405145,spinning,spinning
144.9,0.7079936979243163,-0.6347879174807691,1.2497753556338076,3.5019345836054048,spinning,top_load,1.5703977891062284,0.04151713214296479,spinning,spinning
145.0,0.0236049483108054,1.1023892792668926,1.036907753736383,2.915814655910653,spinning,top_load,1.5136039793770253,0.042072420377970245,spinning,spinning
145.1,-0.7911574997454819,-1.1173279272454233,0.8450175375623965,3.2235569261961734,spinning,top_load,1.6088525492393926,0.0420404455786837,spinning,spinning
145.2,1.1878955271107132,0.8196042887743267,1.3418544984177891,3.6908335280961215,spinning,top_load,1.9706396089673437,0.043950327720619325,spinning,spinning
145.3,-1.105201582912989,-0.1022151182231924,0.6188406100738064,3.1124371449286783,spinning,top_load,1.2707801422524978,0.040634460964945454,spinning,spinning
145.4,0.6724527552603394,-0.6360899014835667,1.1990151755457583,3.4183268528532627,spinning,top_load,1.5147410544431748,0.040891178986906966,spinning,spinning
145.5,-0.0103513191590402,1.1740405073136897,1.000342735460839,3.584620153422258,spinning,top_load,1.5424538408039938,0.04106830828427192,spinning,spinning
145.6,-0.8223303732901417,-1.2300460336828585,0.7581861624461588,3.8673926739403774,spinning,top_load,1.662554283245894,0.04133073894065287,spinning,spinning
145.7,1.121332090176954,0.7599070721784157,1.3918375875554696,3.3562450758863966,spinning,top_load,1.9421782320218755,0.04920386309445348,spinning,spinning
145.8,-1.1408247211063731,-0.1347915231505488,0.7248047405230543,3.339128072729218,spinning,top_load,1.3583047194519244,0.04932973716346215,spinning,spinning
145.9,0.7154671584646606,-0.7082711288163633,1.2259511118471962,3.486888558376125,spinning,top_load,1.5863471799690247,0.04926638049470605,spinning,spinning
146.0,0.0227326147211998,1.0846608985118444,0.9996740875990509,3.5877282424525254,spinning,top_load,1.4752472057081074,0.050124737988513066,spinning,spinning
146.1,-0.6906877981571178,-1.131801632652501,0.7495482998204813,3.4614382931509766,spinning,top_load,1.5231044691556022,0.05056193826418955,spinning,spinning
146.2,1.1254071977182458,0.73984498701454,1.3887733627509375,3.7623170872214526,spinning,top_load,1.9345809413340984,0.04759889229407892,spinning,spinning
146.3,-1.124096123000926,-0.1068332314655856,0.6599088584592159,3.300214041742882,spinning,top_load,1.3078551657442954,0.045180238840139796,spinning,spinning
146.4,0.7654642223495917,-0.6461630252012491,1.2029277588729748,3.530040233344761,spinning,top_load,1.5654064404817214,0.04464885767023717,spinning,spinning
146.5,-0.0057298843985986,1.0496291394646735,1.0144352226602302,3.6113031775617546,spinning,top_load,1.4597372992981592,0.046203411224855134,spinning,spinning
146.6,-0.6862866093010439,-1.1347006118552372,0.770825963305041,3.399941797523536,spinning,top_load,1.5338537917140989,0.04554253510415922,spinning,spinning
146.7,1.130097555794336,0.827049550450334,1.3467866010599097,3.709927484139992,spinning,top_load,1.9429270684477418,0.045604747380046134,spinning,spinning
146.8,-1.180073354542973,-0.0726803864268054,0.6143456486083707,3.5372396353105877,spinning,top_load,1.3323948876506149,0.046883490469004155,spinning,spinning
146.9,0.7367150827660408,-0.6614152385987513,1.2442153065028685,3.697211428288069,spinning,top_load,1.5900600491684722,0.04690153709760143,spinning,spinning
147.0,-0.0333135566502076,1.1408533243536023,0.9968676687659312,3.548526027012208,spinning,top_load,1.5153881515229604,0.04624852329419835,spinning,spinning
147.1,-0.6821734886914054,-1.2821369700551668,0.8231613349937393,3.594101142871807,spinning,top_load,1.6693802628773116,0.04684655562001705,spinning,spinning
147.2,1.142963141844783,0.7913753921287148,1.3363462605310057,3.3419020607876613,spinning,top_load,1.9283311652612414,0.04636516990083572,spinning,spinning
147.3,-1.1595039001453888,0.1181850042572257,0.6535336628702265,3.342307073702194,spinning,top_load,1.3362347242113652,0.044700819406624986,spinning,spinning
147.4,0.6856537328221924,-0.656616872267614,1.1752331679765389,3.806099119982194,spinning,top_load,1.510774555448854,0.04526594730896194,spinning,spinning
147.5,-0.0304872595449459,1.111299401137685,1.0227927091905429,3.658877611130083,spinning,top_load,1.510635878673901,0.044143163833699185,spinning,spinning
147.6,-0.8040903730762701,-1.1158123849192956,0.7621221105540285,3.2442587084443995,spinning,top_load,1.5723958527700805,0.043836537462424115,spinning,spinning
147.7,1.164241525263879,0.8578863048247278,1.3277876746702764,3.545215856163708,spinning,top_load,1.963274649701587,0.04546991115324453,spinning,spinning
147.8,-1.127375010037484,-0.0094300733014273,0.6576510697162211,2.9065559866161434,spinning,top_load,1.3052081324594853,0.04711758662339284,spinning,spinning
147.9,0.7563225178978542,-0.7785927117157935,1.215239416335964,3.3565149590751457,spinning,top_load,1.629428489020883,0.04727162662279559,spinning,spinning
148.0,-0.0318874141384218,1.1522508334204262,0.948817091793463,3.7402569191549766,spinning,top_load,1.4929677370854022,0.047714087130181375,spinning,spinning
148.1,-0.5916192852223217,-1.0061129962107789,0.781473133210083,3.46871360282221,spinning,top_load,1.4046269959389168,0.050162869639506474,spinning,spinning
148.2,1.1184836626831969,0.7965128075384251,1.366237252425564,3.529478167416508,spinning,top_load,1.9370189947900143,0.050871126350834385,spinning,spinning
148.3,-1.193774398085868,-0.1372042587637897,0.646269513098027,2.745904688369947,spinning,top_load,1.3643997235810912,0.04951077173310444,spinning,spinning
148.4,0.6457212075603922,-0.6323465215356556,1.204860738198886,3.401936595465962,spinning,top_load,1.506156499054683,0.04957273237110346,spinning,spinning
148.5,-0.1040353441938032,1.0416056680801942,1.0048721815252748,3.584568055956803,spinning,top_load,1.451045768341466,0.050695555267995886,spinning,spinning
148.6,-0.6133846292073816,-1.0864605835691328,0.7846184961982993,3.6163224688495847,spinning,top_load,1.4738600637691959,0.051453132059529845,spinning,spinning
148.7,1.2235318630002912,0.7018133894511891,1.3114648807946234,3.740588927833591,spinning,top_load,1.9260094462249102,0.048192786134626055,spinning,spinning
148.8,-1.1052231097811036,-0.0634735258859728,0.6565292704237362,3.447435562056643,spinning,top_load,1.2870810750709272,0.049207986861336345,spinning,spinning
148.9,0.651576974284413,-0.7007230991202754,1.2414248859254648,3.458586046843963,spinning,top_load,1.5673867303423896,0.04846003598272539,spinning,spinning
149.0,0.1086760608935142,1.0856600197077753,0.9684647215819774,3.1669706426475344,spinning,top_load,1.4589009841493954,0.04894013195753266,spinning,spinning
149.1,-0.726445452442261,-1.0712597661736367,0.777162852490137,3.4488696152067004,spinning,top_load,1.5097359309783425,0.04693786253639542,spinning,spinning
149.2,1.1251262696805695,0.7653737746264938,1.3009314061481982,3.18460623440055,spinning,top_load,1.8825856318144067,0.04253039967043239,spinning,spinning
149.3,-1.0550322747280063,-0.1014802923909787,0.6858611126484591,3.0380324700486456,spinning,top_load,1.2624566591787982,0.04760922218492361,spinning,spinning
149.4,0.7448769378198197,-0.71796997725396,1.208831944620154,3.2287051574723558,spinning,top_load,1.5910993718394921,0.04783307332517651,spinning,spinning
149.5,0.1320661883252332,1.006144813976685,0.9744940109918114,3.877171226950993,spinning,top_load,1.406914155963271,0.04891017518462472,spinning,spinning
149.6,-0.6904189671318128,-1.23550564293663,0.7911652771790092,3.432359699621681,spinning,top_load,1.621448438809373,0.04903060164451919,spinning,spinning
149.7,1.1174459715794425,0.7658838992195418,1.3062723394193865,3.5549693407558416,spinning,top_load,1.8819168608668797,0.045554088041942706,spinning,spinning
149.8,-1.1779761125617616,-0.009114117844085,0.6266147881899355,3.371625937200486,spinning,top_load,1.3343001467767714,0.04305018735749245,spinning,spinning
149.9,0.5945225321195373,-0.6828773885460807,1.1677986849297393,3.052362245137026,spinning,top_load,1.47767802227311,0.04354172487987628,spinning,spinning
150.0,-0.016715746368424,1.2126795192037887,0.9679966228732624,3.734028281232427,spinning,top_load,1.5517372504283793,0.04267471014880338,spinning,spinning
150.1,-0.6366667024213036,-1.203478830258965,0.8291174366947103,2.956950465036103,spinning,top_load,1.5940958279490949,0.04259429900217723,spinning,spinning
150.2,1.177197869913527,0.7448856413600937,1.320386795927771,3.361301830802085,spinning,top_load,1.9193933245934218,0.04536490284214266,spinning,spinning
150.3,-1.1400493391605524,-0.1327027471876893,0.6716064078132913,3.486346279787485,spinning,top_load,1.3298036252948948,0.04130401230742936,spinning,spinning
150.4,0.6456462361220028,-0.5898105949266694,1.1865136482266172,3.557622410857464,spinning,top_load,1.4739573391161283,0.04214882100311476,spinning,spinning
150.5,0.0136123810807712,1.2442975400033434,1.022786012372899,3.318382598867782,spinning,top_load,1.6107615875984613,0.03940915686630266,spinning,spinning
150.6,-0.6445734804392164,-1.2661378225814457,0.7576148491467788,3.040509629236257,spinning,top_load,1.610142918223257,0.03931657291282984,spinning,spinning
150.7,1.167110974942359,0.7383966206148119,1.3435571836991007,3.2997266769161406,spinning,top_load,1.9267909858196184,0.042544832687057985,spinning,spinning
150.8,-1.131263709376178,0.0079586468555384,0.6592051934298145,3.3128105030950845,spinning,top_load,1.30934044742235,0.04398582724230359,spinning,spinning
150.9,0.6575248435541177,-0.7360730302862688,1.281436850918095,3.30672662621123,spinning,top_load,1.6174742126836401,0.04274991009498342,spinning,spinning
151.0,0.0520309088467184,1.152447937578931,1.0189127586394042,3.742514647551901,spinning,top_load,1.5391642777895762,0.04288477712913352,spinning,spinning
151.1,-0.8932565918755822,-1.087140472912822,0.7706101887448424,3.1965993054652144,spinning,top_load,1.6042511679196796,0.04289735457700964,spinning,spinning
151.2,1.164238562086087,0.7638600735942584,1.3629318147757687,3.57524481860954,spinning,top_load,1.948465235308979,0.045083353563772834,spinning,spinning
151.3,-0.9870485006975066,-0.0349123597110651,0.7217648882483014,3.5395742593044788,spinning,top_load,1.223285808590075,0.05254302284142113,spinning,spinning
151.4,0.6148398995110871,-0.5436021558330686,1.1627136081107703,3.740113769367917,spinning,top_load,1.4231775505337096,0.05406931618046905,spinning,spinning
151.5,-0.0144821672820937,1.2353524964067313,0.9747255387229348,3.466717032065767,spinning,top_load,1.5736566968008763,0.05396394680369768,spinning,spinning
151.6,-0.7058169621584073,-1.1641468377073474,0.7812903824013241,3.6977827417993896,spinning,top_load,1.5696592322690128,0.05383484586365925,spinning,spinning
151.7,1.1135128507107803,0.7272236737749015,1.3298676990519942,3.456944965476476,spinning,top_load,1.8807746375838224,0.0504341654567825,spinning,spinning
151.8,-1.079085365000647,-0.1231269506319042,0.6476369531838482,3.6085981316462,spinning,top_load,1.2645232675042988,0.05322032215420317,spinning,spinning
151.9,0.7336893636122682,-0.5906384499750517,1.1724757228574878,3.12426472818819,spinning,top_load,1.503945870554155,0.053171296831112456,spinning,spinning
152.0,0.0091380223528179,1.036140369693201,1.042118681606494,2.840430480927223,spinning,top_load,1.4695855591675298,0.05387074107595523,spinning,spinning
152.1,-0.6575059490807591,-1.175583247204753,0.7457190512204266,3.5943867133914638,spinning,top_load,1.5396125965768643,0.05345373167912049,spinning,spinning
152.2,1.1422728620984768,0.7653277309901306,1.3363739615775767,3.607795781509808,spinning,top_load,1.9173964620004111,0.050727856640291634,spinning,spinning
152.3,-0.9504759502247776,-0.0981082947306171,0.6889945718865645,3.6188755832879695,spinning,top_load,1.1780251650706761,0.05408361400973846,spinning,spinning
152.4,0.7144231187703624,-0.6324670830996191,1.2106971451109116,3.36876687131133,spinning,top_load,1.5414936201677332,0.052621334611366706,spinning,spinning
152.5,0.0117169259093516,1.2723177022582208,0.9706181749929076,3.872430563052593,spinning,top_load,1.600321612507613,0.05286895448821609,spinning,spinning
152.6,-0.8079703857253602,-1.1677247203460583,0.7479370394834922,3.3850305460657446,spinning,top_load,1.6049320801042637,0.05317463848343544,spinning,spinning
152.7,1.108660799915964,0.7330420070872267,1.3354803699854174,3.605219754918093,spinning,top_load,1.8841409639517852,0.05342316941990286,spinning,spinning
152.8,-1.0724251586462026,-0.00700823450459,0.6349087671582286,3.64865905625102,spinning,top_load,1.246296104006823,0.05461432134238053,spinning,spinning
152.9,0.6252148917293731,-0.6348812803520272,1.217759623576379,3.9296850399372776,spinning,top_load,1.5089421466028725,0.054567266627023436,spinning,spinning
153.0,-0.1294534304581572,1.2048070494333347,0.9579564655682626,3.4207425950525416,spinning,top_load,1.544667862987277,0.05380473016330012,spinning,spinning
153.1,-0.7034033744797014,-1.1505475477360851,0.8127883812813418,3.336701773442712,spinning,top_load,1.5745351439637332,0.053794989733260884,spinning,spinning
153.2,1.2235124900026653,0.7442609522546154,1.345846831561184,3.125463653896169,spinning,top_load,1.9652508420725194,0.05782385867865996,spinning,spinning
153.3,-1.1387249458324054,-0.1749516372531158,0.6633147459643224,3.8880917516656175,spinning,top_load,1.329394234172946,0.047102915355688016,spinning,spinning
153.4,0.6851748265933925,-0.7464403806294551,1.2548349941724923,3.605352726762135,spinning,top_load,1.6128386923159457,0.04700146966411647,spinning,spinning
153.5,-0.1115092762645081,1.0083049817350227,0.9868661350488293,3.6132652764735753,spinning,top_load,1.415280192538182,0.04988314004146204,spinning,spinning
153.6,-0.6782070553887616,-1.1376684549482163,0.7666228083327353,4.27917606033098,spinning,top_load,1.5303479518133536,0.04983770345511841,spinning,spinning
153.7,1.1809443260871677,0.6774313759407313,1.3259474370158493,3.581261185296575,spinning,top_load,1.9004418897075825,0.0510342166434093,spinning,spinning
153.8,-1.248171769500263,0.007406497987711,0.6518438570480432,3.174419648724992,spinning,top_load,1.4081505730429291,0.042270016873513866,spinning,spinning
153.9,0.7734142496727586,-0.6474415051095004,1.2088737439815378,3.451024106251756,spinning,top_load,1.5743969744074306,0.041679641471461956,spinning,spinning
154.0,0.0459417315535359,1.1037956880145945,0.9750790679019496,3.2563043977878365,spinning,top_load,1.4735178153786552,0.04283195750872783,spinning,spinning
154.1,-0.6374033461980999,-1.2110601094375162,0.727704751583726,3.401032901354307,spinning,top_load,1.5500012322230186,0.042913304039755074,spinning,spinning
154.2,1.1762793250641612,0.7965018696290515,1.3255524758398771,3.399352599311348,spinning,top_load,1.9429713443849863,0.041035572981310955,spinning,spinning
154.3,-1.1020468570254998,-0.1161980131399379,0.6684144241223531,3.353243902233237,spinning,top_load,1.2941356558383932,0.04307435103745701,spinning,spinning
154.4,0.7365855566730927,-0.7083789792449852,1.2156904400129014,3.1516793736611506,spinning,top_load,1.588163186349041,0.04290147728052368,spinning,spinning
154.5,0.0521083392900035,1.1897478983969874,1.0359866340947543,3.898125408418074,spinning,top_load,1.578443425272692,0.04003571327561709,spinning,spinning
154.6,-0.8144677688984234,-1.1391515352787394,0.8470619054936172,3.5747120111095985,spinning,top_load,1.6366239148444466,0.03989673101097177,spinning,spinning
154.7,1.051204253536888,0.7450705790378972,1.365160359010008,3.44363199132494,spinning,top_load,1.8771849552492816,0.03837060235095608,spinning,spinning
154.8,-1.185428293565589,-0.0294421648834477,0.6990952734059859,3.689409457378936,spinning,top_load,1.376532339452088,0.039764871877060674,spinning,spinning
154.9,0.6975530924505875,-0.6487203866141997,1.2346059195931758,3.617766818712348,spinning,top_load,1.5593813624289492,0.039836803783588726,spinning,spinning
155.0,0.0232882153984813,1.1414276921877888,1.0512969776778187,3.568922683185512,spinning,top_load,1.5519745013189177,0.03846168126059929,spinning,spinning
155.1,-0.6858614035571945,-1.2094396790677877,0.8439229182034603,3.671249518191707,spinning,top_load,1.626455069795069,0.038272488040180276,spinning,spinning
155.2,1.2082941682415167,0.8833902612674911,1.3709153009896142,3.533483685939664,spinning,top_load,2.0297196636964796,0.04557518349251491,spinning,spinning
155.3,-1.0723581016393635,-0.1027053420279855,0.6788110585264822,3.6675553642478977,spinning,top_load,1.2732967991047917,0.04708995182481784,spinning,spinning
155.4,0.6529991962533759,-0.5558953193837778,1.20544572566718,3.688278075219444,spinning,top_load,1.479367078837981,0.04879617902759398,spinning,spinning
155.5,0.0143145666029412,1.1071147722023913,0.9987598815710568,3.5406796837582006,spinning,top_load,1.4911168051771175,0.04995571090851802,spinning,spinning
155.6,-0.7562121956142834,-1.112002977985948,0.7782621892342002,3.444901376625971,spinning,top_load,1.5537372825020972,0.049786996433790136,spinning,spinning
155.7,1.129972997252959,0.8032197546743762,1.3610178941931037,3.882599450363477,spinning,top_load,1.9427739593513784,0.054521406370380575,spinning,spinning
155.8,-1.1219603374112568,0.0008829613416494,0.6360092130129695,3.380524615056641,spinning,top_load,1.2896912411046642,0.05936485556303354,spinning,spinning
155.9,0.5008195781626544,-0.6996937214306745,1.2058695045318897,3.5978284001068364,spinning,top_load,1.481388813121157,0.06032618585194519,spinning,spinning
156.0,0.1446746423783528,1.182985027237413,0.9293449034446426,3.603477102684767,spinning,top_load,1.5113127659004735,0.06067204012512842,spinning,spinning
156.1,-0.6713577821071721,-1.049642413870544,0.8400900060178691,3.347610536934091,spinning,top_load,1.5027380632708238,0.060592408464200824,spinning,spinning
156.2,1.1055256230293449,0.7436447659783567,1.3357661083886552,3.298044403672127,spinning,top_load,1.8866545888055923,0.0475631181576045,spinning,spinning
156.3,-1.025625634240377,-0.0658457799389034,0.6712870672538402,3.411536994782537,spinning,top_load,1.2275463066658625,0.0504962194607368,spinning,spinning
156.4,0.6844964325218471,-0.6806630975495698,1.2553362916666475,3.376945786706098,spinning,top_load,1.5835740663689466,0.0502560231129472,spinning,spinning
156.5,0.007951163149714,1.0976607280295965,1.0090088031232445,3.135467359590284,spinning,top_load,1.4909798991381806,0.05025772677752997,spinning,spinning
156.6,-0.7345692513748155,-1.0577434369893008,0.8317276202375156,3.337126229370181,spinning,top_load,1.5330309839743153,0.05026978359713168,spinning,spinning
156.7,1.2403873298007675,0.6989122731650104,1.305128211501709,3.5665557461586403,spinning,top_load,1.9314240192067123,0.04927931866740432,spinning,spinning
156.8,-1.1475669019325252,-0.1244552732784184,0.7295409518216793,3.8164858960371495,spinning,top_load,1.3655141558558452,0.045572041127419805,spinning,spinning
156.9,0.7143113487954521,-0.5526022428158326,1.2442159967799875,3.638597833793408,spinning,top_load,1.5374275229832086,0.04501401844304,spinning,spinning
157.0,0.0722269291814797,1.155919808713976,1.0062760747745851,2.850116375407441,spinning,top_load,1.534261670035489,0.044833586690362706,spinning,spinning
157.1,-0.6702339353033409,-1.033206589982684,0.8311496891534617,3.660325928689332,spinning,top_load,1.4857789847065899,0.04507556880925072,spinning,spinning
157.2,1.138006935646141,0.7321400264632261,1.3073212992865744,3.3604620535260707,spinning,top_load,1.8815360170606967,0.044703924088477925,spinning,spinning
157.3,-1.0746443612127483,-0.0603512757331954,0.6489612077706564,3.613270018671941,spinning,top_load,1.2568426427998571,0.042644211292608036,spinning,spinning
157.4,0.857651296516711,-0.6888969156270529,1.2549302027173814,3.496466185197343,spinning,top_load,1.66883028510078,0.04381700282063588,spinning,spinning
157.5,0.019044626927977,1.127044973279557,0.9439881945731546,3.451828093478293,spinning,top_load,1.4702743897324158,0.0442168501252561,spinning,spinning
157.6,-0.6983366974785886,-1.2668746067623131,0.8052110424234813,3.474441068009465,spinning,top_load,1.6555996602878296,0.0448077624616207,spinning,spinning
157.7,1.1515054445713064,0.8002636181321378,1.358345630661603,3.494393922932555,spinning,top_load,1.9523036392223343,0.04648774092634725,spinning,spinning
157.8,-1.062642049504287,-0.0485196989578505,0.7166964286384114,3.836101243022561,spinning,top_load,1.2826597590104265,0.05113876732873125,spinning,spinning
157.9,0.6693904386491213,-0.6527095787486346,1.164114028233662,3.4950849532287283,spinning,top_load,1.4930756257723472,0.0516816570996452,spinning,spinning
158.0,-0.0166990535827655,1.0950250436846876,1.0482889317109292,3.7713840332953,spinning,top_load,1.5160040860877826,0.05185234729300668,spinning,spinning
158.1,-0.7975888796985886,-1.2141140441673262,0.7716131868802358,3.7349764664614153,spinning,top_load,1.6448731998031532,0.051537018051791214,spinning,spinning
158.2,1.0702357477957811,0.8028291194547574,1.3289700620688982,3.666761386895913,spinning,top_load,1.885762598202623,0.051819952952518844,spinning,spinning
158.3,-1.1723358197160805,-0.1381935431096727,0.6209595225249456,3.053345294967581,spinning,top_load,1.333813876881249,0.046840035714040766,spinning,spinning
158.4,0.7019860831074238,-0.6185425442777744,1.1789671297013071,3.7791581640404015,spinning,top_load,1.5051055886130595,0.04666414228240739,spinning,spinning
158.5,0.1061449995462001,1.2429139868492562,1.0121056704236155,3.385524676466103,spinning,top_load,1.606380972166258,0.04538096298003638,spinning,spinning
158.6,-0.6731827344555243,-1.0712975156065672,0.755027351731248,3.678931820268693,spinning,top_load,1.473404107085399,0.04594561693041427,spinning,spinning
158.7,1.0865431089427675,0.6688586681726126,1.3645888758758342,3.256866791689897,spinning,top_load,1.8681677242005679,0.03949324983294881,spinning,spinning
158.8,-1.1849466486760307,-0.1001324275880078,0.6377306727246523,3.203731489174186,spinning,top_load,1.3493796627328654,0.035812668019221096,spinning,spinning
158.9,0.7878272237448409,-0.6239692545674581,1.175211676649841,3.9940971842078,spinning,top_load,1.5463285065124757,0.035214374009971613,spinning,spinning
159.0,0.0675966209176668,1.1142299878397997,0.9841657256091776,3.2607542332904718,spinning,top_load,1.488173358323823,0.03564384403163153,spinning,spinning
159.1,-0.7036533081375228,-1.24439314802219,0.7984985249273967,3.786526659762937,spinning,top_load,1.6374499012820771,0.035526071328642314,spinning,spinning
159.2,1.114716231621844,0.7822853018212157,1.3340597480083216,3.52960508035913,spinning,top_load,1.9063782367994924,0.03701792433368671,spinning,spinning
159.3,-1.0737718494118873,-0.0685291576743288,0.6586459576837341,3.3949699854099573,spinning,top_load,1.2615453727924737,0.04135668672741551,spinning,spinning
159.4,0.6457426751475832,-0.5343967744844862,1.2324889146804017,3.4887927789174484,spinning,top_load,1.4905007346178176,0.041569910905864975,spinning,spinning
159.5,0.0235218238834255,1.1032531810036352,1.0324726435485008,3.174726375867172,spinning,top_load,1.5111984043365956,0.04155345576486839,spinning,spinning
159.6,-0.5689827632974226,-1.0903486018056343,0.7790944499170103,3.4965614050976925,spinning,top_load,1.4558810460613056,0.04189509264924288,spinning,spinning
159.7,1.1535891604892374,0.6831410405450679,1.31105368539896,3.22931492152601,spinning,top_load,1.8751830306595292,0.042393685004615364,spinning,spinning
159.8,-1.187804388309886,-0.1296087018412189,0.6599024885014186,3.401139051421504,spinning,top_load,1.3649721516615472,0.041715219281033715,spinning,spinning
159.9,0.729964424911309,-0.6059565814121931,1.2257221784084271,3.731324890992394,spinning,top_load,1.5499762252483584,0.04171052499583322,spinning,spinning
160.0,-0.0282005231410243,1.1834707499970962,0.9561782408208104,3.5635476691394143,spinning,top_load,1.5217342454657767,0.041331286310049724,spinning,spinning
160.1,-0.7889892533761647,-1.2178723684897133,0.7616790602644845,3.12945737527987,spinning,top_load,1.6388630628332588,0.04135659882492401,spinning,spinning
160.2,1.1833299811664943,0.7606109891218555,1.3208047389873625,3.7128720317284674,spinning,top_load,1.929591687283063,0.043209553384959194,spinning,spinning
160.3,-1.074197755521188,-0.1508228943791144,0.6513849884721372,3.4982250595227145,spinning,top_load,1.2652868317668122,0.04296285358049274,spinning,spinning
160.4,0.6866879024267253,-0.660129488579026,1.1887716737165204,3.364453682897665,spinning,top_load,1.5233152363386901,0.04256141203877291,spinning,spinning
160.5,-0.022634140445821,1.1686622702981226,1.0212112217528937,3.6866690759772327,spinning,top_load,1.5521456651249332,0.04225225548382299,spinning,spinning
160.6,-0.763036226218317,-1.186526314873403,0.7402433131309454,3.4581982907557496,spinning,top_load,1.5931193116159341,0.04072565810743489,spinning,spinning
160.7,1.13227168352609,0.7442242623762528,1.2949887849504105,3.208584665023572,spinning,top_load,1.8742744919493046,0.0406664303793859,spinning,spinning
160.8,-1.175009922529587,-0.1357158678652103,0.6476029897883975,3.961952427862401,spinning,top_load,1.3485016674873873,0.041485443348632245,spinning,spinning
160.9,0.6446803415488367,-0.6881578038182422,1.206333106701114,3.495678139277253,spinning,top_load,1.5311477623203555,0.041645181624683565,spinning,spinning
161.0,0.1135301298239904,1.2239335581335569,0.9563606838142612,3.4796536988794458,spinning,top_load,1.5574107366552352,0.04132798329153614,spinning,spinning
161.1,-0.6773527337459742,-1.1560533114222264,0.7701948438952897,3.3987237070673526,spinning,top_load,1.545466299317565,0.041006929345142516,spinning,spinning
161.2,1.1756115260359232,0.6990278787337995,1.330349031343676,3.794991434864397,spinning,top_load,1.9080175524854703,0.03933921345091559,spinning,spinning
161.3,-1.0882638454182318,-0.086814460962468,0.6458207157230824,3.36878037296449,spinning,top_load,1.2684397284592421,0.03912680425792591,spinning,spinning
161.4,0.7516044757566832,-0.7451019562706751,1.216159135324007,3.113755035297099,spinning,top_load,1.6121815206880095,0.038990961658455406,spinning,spinning
161.5,-0.0247865971678663,1.0575973216322556,0.980152633467274,3.3303305845260054,spinning,top_load,1.4421600656708378,0.04085872068972867,spinning,spinning
161.6,-0.6889891453727041,-1.0788084205824524,0.8327323981749505,3.831693650113698,spinning,top_load,1.527081169332927,0.04092725017341289,spinning,spinning
161.7,1.125125990498541,0.7506173992695936,1.3570264850582614,3.70803304036428,spinning,top_load,1.9159477695728429,0.04399773141077903,spinning,spinning
161.8,-1.1149600020676018,0.0455156665986063,0.6334062485144999,3.436246086835035,spinning,top_load,1.2831254645488548,0.04757966525511448,spinning,spinning
161.9,0.7258437559085371,-0.6549771693104941,1.2144380356263411,3.8433137854101194,spinning,top_load,1.5590715162189852,0.04748420104352888,spinning,spinning
162.0,-0.0229596156518568,1.1162881813891998,1.0037204595581668,3.686985557205471,spinning,top_load,1.5013597865920565,0.04785416687357523,spinning,spinning
162.1,-0.7851002261263477,-1.121975155412697,0.8248389534096215,3.4333526590913483,spinning,top_load,1.5986149985186764,0.04800886651678611,spinning,spinning
162.2,1.1500420429720868,0.598811089799686,1.3243688729987564,3.4585225362247303,spinning,top_load,1.8534088414698184,0.044103206903953876,spinning,spinning
162.3,-1.1535239888226212,-0.0556317845481928,0.6806398150653622,3.5823294329863584,spinning,top_load,1.3405159626403103,0.040014641640530896,spinning,spinning
162.4,0.5919199678884742,-0.6521954882844375,1.2128583250987743,3.2920282625840462,spinning,top_load,1.4989174493897497,0.04006835450671086,spinning,spinning
162.5,0.0304597061332407,1.2076092367715705,1.0447469954934383,3.5011262663773377,spinning,top_load,1.5971049267428565,0.0386864168113861,spinning,spinning
162.6,-0.6474217760164105,-1.1025480412754272,0.8271240527538892,3.5771283411533226,spinning,top_load,1.5227939250025075,0.0387267768143463,spinning,spinning
162.7,1.2929692080667117,0.6911448435999965,1.3482897250040304,3.078258440347865,spinning,top_load,1.9918171980367492,0.045184157878439005,spinning,spinning
162.8,-1.164739669753447,0.00660017315017,0.649751175503256,3.452669919358025,spinning,top_load,1.3337311013284663,0.042161595585154164,spinning,spinning
162.9,0.6730195889581184,-0.6649951705355749,1.2268008681157023,3.424235953658578,spinning,top_load,1.5492625064741075,0.04221625598408588,spinning,spinning
163.0,-0.0665652618263779,1.06417970958292,0.994586499186178,3.7570170049900806,spinning,top_load,1.4581192313159508,0.043146899709817124,spinning,spinning
163.1,-0.692823788361804,-1.1486026098729571,0.8388065223540427,3.0388757515472413,spinning,top_load,1.5820521922713717,0.04308531138732167,spinning,spinning
163.2,1.153406910387652,0.7470001833930355,1.3447344482115555,3.4046234950740724,spinning,top_load,1.9226719717949952,0.04788455240462997,spinning,spinning
163.3,-1.189945599641394,0.0243797748742853,0.6454503751583582,3.379561338158853,spinning,top_load,1.3539464872441977,0.04718873498809963,spinning,spinning
163.4,0.6948465098307846,-0.628818977291292,1.1978142382430867,3.7400177409804,spinning,top_load,1.520849738719626,0.04683657689682993,spinning,spinning
163.5,-0.1187199400134625,1.130786438413815,0.9636089324440084,3.489113357658777,spinning,top_load,1.4904075174740907,0.04764614551266746,spinning,spinning
163.6,-0.6497596978809669,-1.1063899799539227,0.8050940830175112,3.949023661413092,spinning,top_load,1.5147484725995317,0.047741603402918754,spinning,spinning
163.7,1.0950270639738389,0.8247386418183817,1.3177800097870656,3.6655533454765967,spinning,top_load,1.901531554389249,0.04012895835783062,spinning,spinning
163.8,-1.1433472006389496,-0.0209118383095294,0.6905641016993811,3.39744425145262,spinning,top_load,1.3358738356395334,0.04002037565583826,spinning,spinning
163.9,0.6197406974732109,-0.564088490631802,1.172814639205276,3.55991467413974,spinning,top_load,1.4414466813940945,0.0415106530841465,spinning,spinning
164.0,-0.0349412159677367,1.1549678479355034,1.0038172434691848,3.4114827976576354,spinning,top_load,1.5306275434030792,0.04052104680634106,spinning,spinning
164.1,-0.7221177719620608,-1.150369717041632,0.8229040219296208,3.714849022622605,spinning,top_load,1.5880729176514035,0.04055495809945308,spinning,spinning
164.2,1.1405903687364949,0.8335166684581609,1.2778129339275344,3.166950571677247,spinning,top_load,1.9048628086989725,0.0391514370458109,spinning,spinning
164.3,-1.112483868622844,-0.0733819123723732,0.7181676204475071,3.2940760058571668,spinning,top_load,1.326186259191638,0.04048875439237398,spinning,spinning
164.4,0.7916868077602033,-0.647261508020069,1.1988441349093657,3.61392247963873,spinning,top_load,1.575735612706821,0.04036785482736543,spinning,spinning
164.5,0.0439626565661778,1.2217415181985125,1.004232861464869,3.806439112180905,spinning,top_load,1.582108938255606,0.03977126243025876,spinning,spinning
164.6,-0.6476124301621717,-1.06311335724794,0.8055407859402064,2.9495078509652,spinning,top_load,1.4827366009756102,0.04026763375984716,spinning,spinning
164.7,1.2280340661507512,0.7586757963174341,1.3641642175497155,3.843617803997604,spinning,top_load,1.986101871502987,0.04727137008661101,spinning,spinning
164.8,-1.107085346662815,-0.0951412386057231,0.6658361722815374,3.4649662178929983,spinning,top_load,1.2953870573683703,0.049590097555697626,spinning,spinning
164.9,0.7031398710139533,-0.5614658889881735,1.2415242283365189,3.029031259515709,spinning,top_load,1.5333075465324586,0.04778263177414886,spinning,spinning
165.0,0.0605467143752421,1.166472004635582,1.015572121387636,2.7495680395276656,spinning,top_load,1.547807990662916,0.04762169309084919,spinning,spinning
165.1,-0.6409617455932946,-1.1414939296733972,0.841223743375671,3.11765348354793,spinning,top_load,1.5561162351232618,0.0476823280542228,spinning,spinning
165.2,1.180181769832143,0.7398539821213914,1.358050172151892,3.4950737860386494,spinning,top_load,1.9453825317368287,0.05078039036852298,spinning,spinning
165.3,-1.228545475376367,-0.048026349244588,0.7165587197302324,3.483525490547779,spinning,top_load,1.4230554852538029,0.04618858124746042,spinning,spinning
165.4,0.6548546935653665,-0.6505588065939949,1.2386350560324433,3.6583001086773272,spinning,top_load,1.544758308782991,0.04640183011645836,spinning,spinning
165.5,-0.0164912462418313,1.0785866123863108,0.9458274962269516,3.362628205609759,spinning,top_load,1.434646539828027,0.048824322659371595,spinning,spinning
165.6,-0.6585650415067773,-1.1526862652100245,0.8667303895263558,3.2229898633884573,spinning,top_load,1.5854384592368025,0.04777499313457472,spinning,spinning
165.7,1.1399870344099234,0.7750917874712246,1.3251500226119306,3.3967284030847766,spinning,top_load,1.9121611595408141,0.041734392728611035,spinning,spinning
165.8,-1.073055701547149,-0.0904518479826188,0.7024859745897973,3.508402571727894,spinning,top_load,1.2857358282017701,0.042349416507623056,spinning,spinning
165.9,0.7842565004757651,-0.5950267576840964,1.2124064941189157,3.557693198738819,spinning,top_load,1.561744091674517,0.042155182160663586,spinning,spinning
166.0,0.0719502281205524,1.1957768466993215,1.0318327077280534,3.3027088251818983,spinning,top_load,1.5810559253758796,0.04203020611673827,spinning,spinning
166.1,-0.6330098688821616,-1.102234943305919,0.7677429418487325,3.72536167508384,spinning,top_load,1.4849419480590345,0.042962140887671536,spinning,spinning
166.2,1.079048185274652,0.7425914416199629,1.3611526821589404,3.344650807068992,spinning,top_load,1.8890536412342058,0.03865432635825055,spinning,spinning
166.3,-1.11230968958686,-0.0225788537161801,0.6500239377719058,3.282570659418774,spinning,top_load,1.2885161116029742,0.04486545229477362,spinning,spinning
166.4,0.6688905602937356,-0.6445786151531148,1.2589727841730147,3.3644021226329275,spinning,top_load,1.5645793824702943,0.04485167704757489,spinning,spinning
166.5,-0.098943979881573,1.0443021444467266,1.013160045022504,3.768710043925652,spinning,top_load,1.4583724342159103,0.04425344646024329,spinning,spinning
166.6,-0.7225905706743766,-1.1200650422153642,0.816475588413739,3.466800886764835,spinning,top_load,1.56311075042557,0.04418283586453006,spinning,spinning
166.7,1.2207520374917864,0.7679342431902796,1.2774580397220532,3.326371624232557,spinning,top_load,1.926618172382656,0.04533856059557625,spinning,spinning
166.8,-1.1136232989470805,0.0876847361567347,0.6550524737400848,3.731526937612136,spinning,top_load,1.294966875354601,0.04478370690756148,spinning,spinning
166.9,0.8264108650473666,-0.5618200472040529,1.2239192398770529,4.035687134987187,spinning,top_load,1.5800553753112336,0.04481906085295592,spinning,spinning
167.0,0.0106338087159879,1.161115912576727,1.0067084471931615,3.552420658577237,spinning,top_load,1.5368035456676823,0.044838578189354605,spinning,spinning
167.1,-0.5584741375353892,-1.1454785748479577,0.8172320255862465,3.8084606152163594,spinning,top_load,1.5138965325858318,0.04444781797405903,spinning,spinning
167.2,1.1519190930851504,0.7689896800364039,1.3314032185121143,3.759019487643697,spinning,top_load,1.9211708032554062,0.04688807339266185,spinning,spinning
167.3,-1.139919001784988,-0.1281495081854876,0.6590832672847752,3.3485900620854165,spinning,top_load,1.3229619723534916,0.04489180372439917,spinning,spinning
167.4,0.6285788974756756,-0.7535955326328105,1.2470394937577394,3.506658545119058,spinning,top_load,1.586860156455957,0.04492325499937827,spinning,spinning
167.5,0.0666337644173896,1.0660933566157336,0.9316393298965864,3.179363842574003,spinning,top_load,1.4173732552121883,0.04611276744277031,spinning,spinning
167.6,-0.7354698104873294,-1.163291826015494,0.8060778242238801,3.448764433409591,spinning,top_load,1.5949687060623587,0.046191103228725536,spinning,spinning
167.7,1.102444961189664,0.6328339880402327,1.3323638010864498,3.343452407718569,spinning,top_load,1.8414822962268518,0.04016084419949567,spinning,spinning
167.8,-1.0643939857283975,-0.1005874515036712,0.6302501103971458,3.3992785107060914,spinning,top_load,1.241075176574893,0.04363791673602882,spinning,spinning
167.9,0.7748356628787857,-0.6641130809882162,1.221699017553588,3.312526242154916,spinning,top_load,1.591843264363634,0.04371570408179813,spinning,spinning
168.0,0.0679230820326595,1.1055213099515706,1.0368235389042653,3.428225797951108,spinning,top_load,1.5171664254971557,0.04384171648248683,spinning,spinning
168.1,-0.7270737707943575,-1.2001322208165073,0.8195716241192077,3.633058171566229,spinning,top_load,1.625008080804672,0.04406435613427994,spinning,spinning
168.2,1.1382092676358484,0.7386755158699478,1.3383269549390502,3.470127022390001,spinning,top_load,1.9058543735013698,0.042878907370304316,spinning,spinning
168.3,-1.144859083415927,0.0355054857200479,0.6838918830465757,3.033906700561153,spinning,top_load,1.3340431282732819,0.04229650427743181,spinning,spinning
168.4,0.7522933935914349,-0.6095275821112492,1.2376447277787026,3.3134698587753784,spinning,top_load,1.5713795517296647,0.0422472195429689,spinning,spinning
168.5,0.093213880109595,1.0848288565467812,0.9973788618851872,3.120150161860437,spinning,top_load,1.4765862892418695,0.04066820128491426,spinning,spinning
168.6,-0.6832535094390915,-1.164529672226956,0.7676048926150549,3.561015056495442,spinning,top_load,1.5531200812636563,0.04061057948866203,spinning,spinning
168.7,1.259761284675581,0.7574675445937559,1.323323324932572,3.6258293410135463,spinning,top_load,1.9778625325818175,0.050826899846969226,spinning,spinning
168.8,-1.0874361544722162,-0.1140054699918703,0.6827552545997841,3.564137055463541,spinning,top_load,1.2890575529917216,0.047449722719450325,spinning,spinning
168.9,0.6912543391042888,-0.6954041120652513,1.2103382864139651,3.303148901675153,spinning,top_load,1.5576707636619689,0.04750839681944769,spinning,spinning
169.0,0.049722684367602,1.1790783443802446,0.9686145334080414,3.561713482282804,spinning,top_load,1.526732524660576,0.047382329008359064,spinning,spinning
169.1,-0.6029858860284067,-1.1856158675762671,0.7378514241094463,3.382471436057781,spinning,top_load,1.521085693923398,0.047462891517035935,spinning,spinning
169.2,1.26116515855468,0.6934845615108884,1.3673352894291513,3.215443637562437,spinning,top_load,1.985211371094902,0.05399178169386145,spinning,spinning
169.3,-1.070054338878279,-0.0705165646117053,0.6412163014658062,3.685482479927233,spinning,top_load,1.2494587705492148,0.05931673883875225,spinning,spinning
169.4,0.7068827699704758,-0.6421757138130368,1.2215143234949783,3.704506938430943,spinning,top_load,1.5505386613676586,0.05935756550432837,spinning,spinning
169.5,-0.0130015952432964,1.0000846497090825,1.0371912072120912,3.737223870270877,spinning,top_load,1.4408691642132827,0.06021651347765514,spinning,spinning
169.6,-0.670778132537187,-1.1628735863943094,0.7491295748691343,3.3479128499918858,spinning,top_load,1.5373397155369561,0.06028363892762952,spinning,spinning
169.7,1.2417062892704387,0.8112451407936964,1.3410262244508675,3.79484057817327,spinning,top_load,1.9995760855591604,0.062329784017871974,spinning,spinning
169.8,-1.1152416722212963,-0.0408543808360339,0.6524988297471848,3.376604437167983,spinning,top_load,1.2927442866684404,0.06210445294698608,spinning,spinning
169.9,0.7326142150631872,-0.5154685920890207,1.2229949770941564,3.663375330384629,spinning,top_load,1.515964436106739,0.062356727918508485,spinning,spinning
170.0,0.0030838712590067,1.1935134720994152,1.0371747999526073,3.372271834558332,spinning,top_load,1.5812069706403,0.06222712660659799,spinning,spinning
170.1,-0.725015766508901,-1.073492763440177,0.7485137547348193,3.444004459063557,spinning,top_load,1.496097395182591,0.06254674669422376,spinning,spinning
170.2,1.1315397491555168,0.9271715008877204,1.3594742843274186,2.8947055356527027,spinning,top_load,1.99704770241596,0.06366629801929585,spinning,spinning
170.3,-1.1331422604394557,-0.0224387682609455,0.6885653673835548,3.424521696395771,spinning,top_load,1.3261361716939015,0.05885912391998733,spinning,spinning
170.4,0.8084283025255109,-0.6394720865246917,1.2060113789066331,3.522772491696257,spinning,top_load,1.5864880446510778,0.058802913663258766,spinning,spinning
170.5,-0.0143828267119445,1.1768713207665364,0.9958765902131772,3.39748759565904,spinning,top_load,1.5417532728298722,0.05676101965961014,spinning,spinning
170.6,-0.7021855781962826,-1.1939829909289474,0.800950790244258,3.939047017021285,spinning,top_load,1.600056916877454,0.056456172918773945,spinning,spinning
170.7,1.0893451599297377,0.7656275239026192,1.352724858202932,3.209383478668681,spinning,top_load,1.8980840141626356,0.04833235226516965,spinning,spinning
170.8,-1.0982699555658222,-0.1067918025521977,0.6750902323547503,3.3591046907240187,spinning,top_load,1.2935796095376935,0.04827843909058804,spinning,spinning
170.9,0.7873430534740604,-0.625377225547045,1.2284411066173255,3.2737818475035367,spinning,top_load,1.5874738771123058,0.04771434451115468,spinning,spinning
171.0,0.0974698707572313,1.0793323578794392,0.9705408308314782,3.3590557552511324,spinning,top_load,1.4547880322514608,0.04958180364036192,spinning,spinning
171.1,-0.69314043126916,-1.2016445149169708,0.8181053041058775,3.757853265735176,spinning,top_load,1.6104935536338572,0.04880454943606568,spinning,spinning
171.2,1.1757290765509425,0.7839747423191001,1.3773838407319636,3.8695079485817407,spinning,top_load,1.97335792565646,0.04671565239327923,spinning,spinning
171.3,-1.1504808388843537,-0.076190830414138,0.6632021409444636,3.3248018472702645,spinning,top_load,1.33013092702657,0.046485476961013045,spinning,spinning
171.4,0.7370234235326978,-0.7649075671437575,1.166778031628818,3.319248114319199,spinning,top_load,1.577865041187382,0.046495082841778126,spinning,spinning
171.5,0.018837909149974,1.031113487881974,0.9965576288200038,3.2107178378515213,spinning,top_load,1.434111920065035,0.04873028311065633,spinning,spinning
171.6,-0.7018464395159714,-1.2292647944129058,0.794229485482899,3.8265713466298257,spinning,top_load,1.6231083867242755,0.048906682673132314,spinning,spinning
171.7,1.149533041090792,0.7061880303659915,1.3080423387326447,3.780251101729076,spinning,top_load,1.879122802455659,0.0475951898456214,spinning,spinning
171.8,-1.1141524825505562,-0.0430627441986631,0.646815512226437,3.4735045500028034,spinning,top_load,1.2890153068013719,0.047884138136539994,spinning,spinning
171.9,0.6876931566603552,-0.6361199681763893,1.1693216091985703,3.15097520092328,spinning,top_load,1.4982935351155156,0.04845100909768297,spinning,spinning
172.0,-0.0145498075247384,1.1823636654626228,1.0182187667495763,3.173334358635937,spinning,top_load,1.560437435870546,0.046932041154620845,spinning,spinning
172.1,-0.6029005819307046,-1.1152606955487316,0.7933759686217622,3.5426573625961484,spinning,top_load,1.49557378899028,0.04741250853232526,spinning,spinning
172.2,1.3039006256850076,0.8234805221036382,1.2930068509218402,3.6373344796116247,spinning,top_load,2.012496889060117,0.05110782465313991,spinning,spinning
172.3,-1.2135298364663265,-0.0314243724801839,0.6681635999811744,2.983463798744713,spinning,top_load,1.3856712277880223,0.0484555711384653,spinning,spinning
172.4,0.6297740304885884,-0.6366755404551327,1.2099074224036368,3.4196725223655293,spinning,top_load,1.5052730795703115,0.04894550194903467,spinning,spinning
172.5,-0.057429169668623,1.184408007697902,1.015492428482592,3.904573972389346,spinning,top_load,1.5611999585361296,0.04677063305371786,spinning,spinning
172.6,-0.7115396076532483,-1.1052640374208516,0.7766513361620567,3.4456226983424285,spinning,top_load,1.5267889518978999,0.04679748691297843,spinning,spinning
172.7,1.1950146502164365,0.7817320667859783,1.3183359638439696,3.872409522697656,spinning,top_load,1.9434954983322696,0.051614041102410795,spinning,spinning
172.8,-1.105792643031327,0.008336168284072,0.6344943153399988,3.662261532238921,spinning,top_load,1.274923486834658,0.05253830973078699,spinning,spinning
172.9,0.7156641709578221,-0.7900035935509901,1.195457584328846,3.2289300997911607,spinning,top_load,1.6016865234325925,0.05181237594897823,spinning,spinning
173.0,0.0317361328175351,1.1010191127122864,1.00056475289745,3.426832176662036,spinning,top_load,1.4880793303532904,0.05275911576334705,spinning,spinning
173.1,-0.7468674721485743,-1.1787762328643812,0.792836063137482,3.467826440363824,spinning,top_load,1.6049652491972792,0.05191512594897286,spinning,spinning
173.2,1.1266204532490196,0.8283273173816933,1.33665874953201,3.2618721079766235,spinning,top_load,1.9344395578824,0.045203703352675456,spinning,spinning
173.3,-1.142473492456795,0.0263555558494322,0.6449200676638303,3.257532994297265,spinning,top_load,1.3121974660721145,0.048959751465792345,spinning,spinning
173.4,0.6102893224187456,-0.7362670612133367,1.2010605927851523,3.87669214802964,spinning,top_load,1.5352813390474973,0.04858279361936066,spinning,spinning
173.5,-0.0696786122833722,1.203116933609642,1.075231743565203,3.255659845076762,spinning,top_load,1.615075467994691,0.04866825456372561,spinning,spinning
173.6,-0.7726362664276896,-1.2307155160868035,0.7652755546297447,3.76960901910217,spinning,top_load,1.6423380152240252,0.0485422481378766,spinning,spinning
173.7,1.1871143129752637,0.6906934299989985,1.3256411856098853,3.3908788804087457,spinning,top_load,1.908827482854251,0.04597953683286515,spinning,spinning
173.8,-1.1265465226399265,-0.0819852861073333,0.7564352773847631,3.4935901675292067,spinning,top_load,1.359420090951423,0.040743856229220915,spinning,spinning
173.9,0.7420059747555562,-0.6683486873286109,1.2242330898991525,3.6404611045596433,spinning,top_load,1.5798764169487582,0.04078437008584565,spinning,spinning
174.0,-0.1103792993882419,1.0249418663776446,0.958600580022861,3.3503603317738304,spinning,top_load,1.407694743617129,0.043394971637847786,spinning,spinning
174.1,-0.7943563039140635,-1.1214361265156934,0.8136779252940277,3.6419760783736335,spinning,top_load,1.5970888170459798,0.04337500178121747,spinning,spinning
174.2,1.1810607459696028,0.799930490216304,1.3150791791902297,2.988392575112905,spinning,top_load,1.940161468122594,0.04381722975809437,spinning,spinning
174.3,-1.3079879980541738,-0.0046856481976762,0.6848914993678896,3.6099268471036594,spinning,top_load,1.4764589138405422,0.036382354621550234,spinning,spinning
174.4,0.7788200642069499,-0.6752636187874919,1.205273822444168,2.882867468857091,spinning,top_load,1.5859466051347606,0.03584033122362544,spinning,spinning
174.5,-0.109399028611539,1.1160719402622823,0.9868061245152664,3.443288318325385,spinning,top_load,1.4937774434910989,0.03720958227990058,spinning,spinning
174.6,-0.6547416092354059,-1.1622544348194257,0.836672258239556,3.713560746329623,spinning,top_load,1.5746562843456569,0.03701823494787442,spinning,spinning
174.7,1.0879527420687711,0.8604460712208759,1.359372386446034,3.655573826514594,spinning,top_load,1.942138485146305,0.03947160216426718,spinning,spinning
174.8,-1.0783335966439398,-0.2379828309255671,0.6868093372572058,3.175397380259515,spinning,top_load,1.3004407865066694,0.04291655087091643,spinning,spinning
174.9,0.8978319575860141,-0.7066729599401008,1.2246502812109057,3.207583900976621,spinning,top_load,1.6748902076384553,0.04360927797220665,spinning,spinning
175.0,-0.136390657807244,1.1187793537282078,0.9866666642862142,3.3278319899193414,spinning,top_load,1.4979254855563688,0.04058099796416888,spinning,spinning
175.1,-0.6636196738794236,-1.2255630190201476,0.8067379417824274,3.546553965589533,spinning,top_load,1.6103483759301769,0.040565402273913004,spinning,spinning
175.2,1.0327780567385407,0.743667123296561,1.3786568076467831,2.992016702489074,spinning,top_load,1.8762638135463887,0.036280949263322725,spinning,spinning
175.3,-1.1156616842212084,-0.075492676149846,0.661661795439249,3.4966941060378605,spinning,top_load,1.2993061491948152,0.04441204347381473,spinning,spinning
175.4,0.6929359729379736,-0.6887174655282375,1.2656519689557213,3.5778573434500163,spinning,top_load,1.5988642582898116,0.04442981295559987,spinning,spinning
175.5,0.0077869393476565,1.122315038726832,1.025514616096041,3.429240704782254,spinning,top_load,1.5203065185690103,0.043951431231281105,spinning,spinning
175.6,-0.7600434793306939,-1.1227398482597684,0.7947567856678485,3.631330242013263,spinning,top_load,1.571575389762949,0.04396255268198817,spinning,spinning
175.7,1.1881002861240155,0.7449903580308167,1.349924941796802,3.555931039581551,spinning,top_load,1.9465071980169895,0.044307097007607585,spinning,spinning
175.8,-1.2281692898325056,-0.0951198280058531,0.6617367680027438,3.3645864351502763,spinning,top_load,1.398335845315517,0.03897400794815727,spinning,spinning
175.9,0.7798405385250744,-0.6592021939998565,1.1740655272574954,3.0159526599351274,spinning,top_load,1.555997641513548,0.038393911865359245,spinning,spinning
176.0,-0.0245550183967426,1.1180007223619084,0.9972978341257024,3.533353270392705,spinning,top_load,1.4983762992259422,0.03838495422621001,spinning,spinning
176.1,-0.7895037433951224,-1.2648479788453222,0.7950329037349539,3.261731158692505,spinning,top_load,1.6897437345483015,0.039416884608640325,spinning,spinning
176.2,1.2369640289546433,0.7868595798104139,1.3298977922282649,3.355414343784614,spinning,top_load,1.9793575081426644,0.046911298866145264,spinning,spinning
176.3,-1.1453083787227718,-0.0949882177343417,0.6677499646948741,3.619781054490772,spinning,top_load,1.3291516313915943,0.04496736022027337,spinning,spinning
176.4,0.8198004609775137,-0.5735641945121253,1.212241915535951,3.854333345858588,spinning,top_load,1.571807603629515,0.045100435903752636,spinning,spinning
176.5,0.073281367758864,1.153910111699263,1.0232107567329822,3.490484969139498,spinning,top_load,1.543968573979567,0.044705219142836435,spinning,spinning
176.6,-0.7532310450380602,-1.0902248206720977,0.8082906806067097,3.638516209111468,spinning,top_load,1.5521858752012574,0.04490183758602823,spinning,spinning
176.7,1.1361684314979723,0.6985061171099027,1.3473949444937985,3.138880164711777,spinning,top_load,1.8958540652750575,0.041331691133902566,spinning,spinning
176.8,-1.134005543174432,-0.0902113424388571,0.6166032673946661,3.5613808952487584,spinning,top_load,1.2939498628682402,0.047133596831397,spinning,spinning
176.9,0.7969204947502413,-0.7238038082481676,1.2653243729857515,3.485023515580709,spinning,top_load,1.6613307908599373,0.04742287160084424,spinning,spinning
177.0,0.0262510628020128,1.076135430624927,0.9957432700428616,3.8073068951565454,spinning,top_load,1.4663769103406474,0.04825909399738906,spinning,spinning
177.1,-0.6947647454852445,-1.0853024794547117,0.7859707155638364,3.3648853809928108,spinning,top_load,1.5094136242937688,0.047849442922374315,spinning,spinning
177.2,1.1292750443283397,0.8484157794079957,1.3321047204052896,3.4395905957094075,spinning,top_load,1.9415391952307595,0.044639091530199446,spinning,spinning
177.3,-1.144301241705549,-0.1368161416559566,0.6429673044517529,3.764703616783199,spinning,top_load,1.3196783483032664,0.04516889890591048,spinning,spinning
177.4,0.7836178278918171,-0.6767529590996948,1.257924432265351,3.476991551901337,spinning,top_load,1.6292407265748632,0.04545021941077052,spinning,spinning
177.5,0.0002223210477567,1.1138751628392212,1.0415813296115548,3.222789654678183,spinning,top_load,1.5249949488480687,0.045643848858633936,spinning,spinning
177.6,-0.7290421390288598,-1.12529246641666,0.8017291112820393,4.1379083183225305,spinning,top_load,1.562227622125199,0.04559307829170462,spinning,spinning
177.7,1.1073973896173928,0.6535777289205165,1.3391553412333423,3.2303518091658168,spinning,top_load,1.8565639914169685,0.04299370879922412,spinning,spinning
177.8,-1.1744937287843795,-0.1641081488592005,0.6761931936841495,3.4838249796126197,spinning,top_load,1.365138908192349,0.03903011365198408,spinning,spinning
177.9,0.6212165429886146,-0.6198787303682483,1.2138166002784352,3.5866720390064035,spinning,top_load,1.4978352288410013,0.03888088648089956,spinning,spinning
178.0,-0.045022518499758,1.0015045890255545,0.9942933124502562,3.5669043772577784,spinning,top_load,1.4119694260835143,0.040397131275574996,spinning,spinning
178.1,-0.6154370862118871,-1.1872366492935986,0.798540486819918,3.4525640739984005,spinning,top_load,1.5575495425833044,0.04006782367662182,spinning,spinning
178.2,1.12887186392014,0.7688918532462966,1.3291456134578936,3.453809907368423,spinning,top_load,1.9058264424950704,0.0372203692163624,spinning,spinning
178.3,-1.0990031194408685,-0.0429881857715846,0.6651875820538328,3.4412670334280118,spinning,top_load,1.285352231870827,0.03919504331223677,spinning,spinning
178.4,0.5566169116769725,-0.6577593847333866,1.217729318593956,3.221016535352157,spinning,top_load,1.491755505413992,0.03895971535402164,spinning,spinning
178.5,0.0340986785379786,1.0965015000178489,1.0180880806377457,4.0375548036056825,spinning,top_load,1.4966568074732691,0.03917180177970371,spinning,spinning
178.6,-0.7150234650132112,-1.1097545533422282,0.7698232004504124,3.445002270571656,spinning,top_load,1.5282151301878357,0.03914281988570574,spinning,spinning
178.7,1.1123814181807354,0.7762787003147719,1.363684436452546,3.649232748205774,spinning,top_load,1.9234438599291308,0.04429960865613547,spinning,spinning
178.8,-1.1304102221089902,-0.1067491412847367,0.6304303093452074,3.4163367855795985,spinning,top_load,1.2987166836360498,0.04741592394629589,spinning,spinning
178.9,0.6755927875223635,-0.646992925199757,1.1944256912766884,3.411309081911129,spinning,top_load,1.5171282713708063,0.04727351990770893,spinning,spinning
179.0,-0.1274324951933531,1.141437044520044,0.9841322482256122,3.386139084332588,spinning,top_load,1.5124925948352457,0.04538688905662813,spinning,spinning
179.1,-0.6500074262806854,-1.0573345704381536,0.7562357560034891,3.1125385530026874,spinning,top_load,1.4533955300336672,0.046336622513044906,spinning,spinning
179.2,1.1558488732351178,0.80634576483017,1.3728502143678378,3.459844714969808,spinning,top_load,1.9674597381670256,0.05170917114532168,spinning,spinning
179.3,-1.160104366839153,0.0049452673895099,0.6285480798480214,3.3982480864201423,spinning,top_load,1.3194465833482842,0.04983953581985941,spinning,spinning
179.4,0.647371180426802,-0.6858927427786039,1.1906352007031444,3.7928811272961935,spinning,top_load,1.5189307031582988,0.04955639003058459,spinning,spinning
179.5,-0.0881914509665574,1.0869959287853443,1.0376622313145605,3.200824970603871,spinning,top_load,1.5053507191070834,0.049453957354244654,spinning,spinning
179.6,-0.6919087403268553,-1.1745516044940356,0.7712798281191088,3.3557132056112864,spinning,top_load,1.566263627178915,0.04937683704556788,spinning,spinning
179.7,1.2380742771677236,0.7505519859344454,1.336736065312118,3.27538988331148,spinning,top_load,1.97053787268366,0.05342036387830022,spinning,spinning
179.8,-1.1290778309497596,-0.1284096414357051,0.6272587841062374,3.860632598502952,spinning,top_load,1.2979828067406345,0.053463513522871736,spinning,spinning
179.9,0.6223766063854205,-0.5733002814073812,1.2365912270539776,3.2826478887863324,spinning,top_load,1.4983937118342685,0.053689165568386155,spinning,spinning
180.0,0.0135070036220971,1.171448001426144,1.02540208732567,3.6405749611815343,spinning,top_load,1.5568950831330912,0.05340743992908385,spinning,spinning
180.1,-0.7085428804856797,-1.1787694766033667,0.8105656862984406,3.742540368351495,spinning,top_load,1.5964169957323748,0.051891080330510535,spinning,spinning
180.2,1.193110437118632,0.7976689836736265,1.3585062407120716,3.463469272146148,spinning,top_load,1.9761901550027958,0.05265086065116902,spinning,spinning
180.3,-1.1048638289095425,-0.0545541941873789,0.6598273274643105,3.1557972497648827,spinning,top_load,1.288049821476166,0.05457180374619048,spinning,spinning
180.4,0.5261929507044576,-0.6060666201448426,1.1958713908171763,3.1589615353090776,spinning,top_load,1.4402444767468696,0.05621510872667818,spinning,spinning
180.5,0.0327145322656956,1.0377884757491491,0.9755509208000158,3.71494101619902,spinning,top_load,1.4247016389731797,0.05801759584442751,spinning,spinning
180.6,-0.765551067321279,-1.1691684693170723,0.82709447497754,3.184851495300036,spinning,top_load,1.6239176755181735,0.05841016008128911,spinning,spinning
180.7,1.0559640950673166,0.7556840330582963,1.3653244740180692,3.598006652764978,spinning,top_load,1.8842052561340832,0.05141999668021355,spinning,spinning
180.8,-1.1525762241766837,-0.0305096179909876,0.6368205273177064,3.528587277455149,spinning,top_load,1.3171572318218272,0.05034585193160094,spinning,spinning
180.9,0.7300005692929165,-0.6869625550715878,1.2127976438720287,3.5942831210777566,spinning,top_load,1.5734346215270625,0.04987134185453054,spinning,spinning
181.0,-0.0984440766172988,0.9684510597157152,0.9909965472104229,3.617896201961472,spinning,top_load,1.3891230499378031,0.05310463058716923,spinning,spinning
181.1,-0.6630677177275182,-1.2253307879862214,0.7545509880035361,3.2665823038955244,spinning,top_load,1.584437291840995,0.05299899079841289,spinning,spinning
181.2,1.1870681504061105,0.7555034655900499,1.3477098871649036,3.256117955246314,spinning,top_load,1.9483937538878524,0.05044459015950454,spinning,spinning
181.3,-1.1384492477762396,-0.0640950904372919,0.6451548742065613,3.6787317835251008,spinning,top_load,1.3101143774850095,0.04922178418370425,spinning,spinning
181.4,0.6532848849375555,-0.5482314116430954,1.1830265908364828,3.3426638473589008,spinning,top_load,1.4583863466949514,0.04881393632498945,spinning,spinning
181.5,-0.0587626802515244,1.1534116896001168,0.955626023375697,2.812462876998713,spinning,top_load,1.4990105652894468,0.047274148555663295,spinning,spinning
181.6,-0.6437863748560947,-1.1555369881713764,0.7414832041685574,3.662188824470966,spinning,top_load,1.5164181380960196,0.04687461179346808,spinning,spinning
181.7,1.0505944583644362,0.7572228681258782,1.331237562035418,3.240934677982808,spinning,top_load,1.8572368277989881,0.044932876562493645,spinning,spinning
181.8,-1.0773995919050827,-0.0016771410373877,0.6550668050209826,3.616783969476313,spinning,top_load,1.260914435035025,0.04810151133389937,spinning,spinning
181.9,0.6954303532031945,-0.6846629261302049,1.1853436665204369,3.8482054623292425,spinning,top_load,1.5353912551312798,0.04796144271046701,spinning,spinning
182.0,-0.0057500699785431,1.1100298758962657,1.0195221828297252,3.504190614315487,spinning,top_load,1.507191052908995,0.04550329436316479,spinning,spinning
182.1,-0.8078275650758658,-1.2257842921335145,0.7864309129211913,3.748941457915883,spinning,top_load,1.6654146890596713,0.04681922594543104,spinning,spinning
182.2,1.1324648217464517,0.8443007076545428,1.3596869051842095,3.5384494201340506,spinning,top_load,1.9606296788451913,0.047901569033420105,spinning,spinning
182.3,-1.1044526885935748,-0.04437820774755,0.6521323304280916,3.896857332035287,spinning,top_load,1.283379033276621,0.049440260955594444,spinning,spinning
182.4,0.6251576974799644,-0.69170769676093,1.1879891617691118,3.234473222810724,spinning,top_load,1.5101655316413625,0.04860362183390712,spinning,spinning
182.5,0.0299181520350613,1.111579602541575,1.0034235271341436,3.497946254895877,spinning,top_load,1.4977860606288216,0.048620252126268845,spinning,spinning
182.6,-0.7000015675302622,-1.129849759132859,0.7505170738141493,3.668290401260367,spinning,top_load,1.5263808669018217,0.04853490186211531,spinning,spinning
182.7,1.1026424827242884,0.7441232099693368,1.3585635014853674,3.4523970607474888,spinning,top_load,1.9013770230787042,0.05164090980966211,spinning,spinning
182.8,-1.089987434364803,-0.0999963812704803,0.6295051779383216,3.7880547491631673,spinning,top_load,1.2626751967119314,0.05152229074467975,spinning,spinning
182.9,0.573206896612433,-0.6885127201596879,1.2391496666213473,3.391990115122305,spinning,top_load,1.5290872468350343,0.05156779810214615,spinning,spinning
183.0,0.0208008449244955,1.1387846171151124,0.9898463276127044,4.017342787907222,spinning,top_load,1.5089926545931043,0.051545215279533305,spinning,spinning
183.1,-0.6081761932665432,-1.1819120616778969,0.8202733146640153,4.030549376068061,spinning,top_load,1.5619355666434422,0.05029748044437687,spinning,spinning
183.2,1.2276644079002423,0.7319408806469686,1.3087016502086115,3.570517999056825,spinning,top_load,1.93793636645945,0.04829957734752158,spinning,spinning
183.3,-1.1178794163219097,-0.1480918492708537,0.637286563111869,3.6381502950886544,spinning,top_load,1.295268214996266,0.04760408032383626,spinning,spinning
183.4,0.6872414561831376,-0.6445978644091621,1.2230307392307538,3.79791785890616,spinning,top_load,1.543894884699375,0.047395582460340605,spinning,spinning
183.5,-0.0381481533930624,1.1075734968331028,1.0351149128027413,3.2032006502581583,spinning,top_load,1.5164554774872339,0.04718670856841536,spinning,spinning
183.6,-0.7235178503852164,-1.1797277058437934,0.8383955764241843,3.1719999963555523,spinning,top_load,1.6180675765644477,0.047374962500011414,spinning,spinning
183.7,1.173896254429253,0.7710925853821167,1.34362133077668,3.8141047284644087,spinning,top_load,1.9436909404307061,0.05069283686452657,spinning,spinning
183.8,-1.18970244788181,-0.023048008203453,0.7127520230573291,3.5684971182182497,spinning,top_load,1.387061127546451,0.043695394462270665,spinning,spinning
183.9,0.7507877318340739,-0.6071623706842989,1.2029127543305522,3.4433736885050528,spinning,top_load,1.5425068742727361,0.043548932867771145,spinning,spinning
184.0,0.12798963108019,1.1516106132146735,1.0329630286708864,3.5027808257202904,spinning,top_load,1.5522889449885449,0.04299950310527122,spinning,spinning
184.1,-0.7090552968586795,-1.174869021643369,0.7601318792659101,2.9034896319089825,spinning,top_load,1.5687183003640015,0.042961937611942204,spinning,spinning
184.2,1.0606041313572407,0.7251464445761678,1.3549863610721693,3.45235942138575,spinning,top_load,1.8672724836576753,0.038006848772734046,spinning,spinning
184.3,-1.2219525043332538,-0.1305630824470306,0.587368862908026,3.311738315201694,spinning,top_load,1.362063442890326,0.034174340244254336,spinning,spinning
184.4,0.7519362358538084,-0.6848456894409467,1.1779549604757404,3.7295179084037695,spinning,top_load,1.5562774849123928,0.034062250331659744,spinning,spinning
184.5,0.7345521088513842,1.857762788457952,1.0140003039423968,3.7487576945960015,spinning,top_load,2.2403227435332513,0.07439862480420623,spinning,spinning
184.6,0.0854044306019679,-0.4694690926352968,0.7490241436086924,3.644170058532477,spinning,top_load,0.8881060259985799,0.13510581439755892,spinning,spinning
184.7,1.847386644193752,1.503066652668847,1.3551888341899403,3.598864662199785,spinning,top_load,2.7401794743818653,0.2610005521098602,spinning,spinning
184.8,-0.353293527112721,0.6122813349468965,0.6848133977581082,3.125663312819933,spinning,top_load,0.9842124461584021,0.30260143462344014,spinning,spinning
184.9,0.6958443523441931,-0.7489158123410178,1.1965630850438047,3.6476607699992183,spinning,top_load,1.5737971512089046,0.3020896138394092,spinning,spinning
185.0,-0.0439502433196015,1.1676112704125194,0.9709314113297246,3.657349486380846,spinning,top_load,1.5191956780444449,0.3027950657682295,spinning,spinning
185.1,-0.7294022114790535,-1.188893680647216,0.7741717106990847,3.8112981634421823,spinning,top_load,1.5952547155987866,0.3025040212306377,spinning,spinning
185.2,1.069444558228797,0.7089443255393291,1.3134059762907315,4.0295524531075495,spinning,top_load,1.836123355985597,0.30097711029376634,spinning,spinning
185.3,-1.021906246039336,-0.1335589724454132,0.6545832473932527,3.0768598316070976,spinning,top_load,1.2209052389857202,0.31136042547973153,spinning,spinning
185.4,0.6995593939375095,-0.6238741405169366,1.2146654095719482,3.402880793595447,spinning,top_load,1.5342797483062045,0.31169801217069953,spinning,spinning
185.5,0.0386708453209623,1.2009413658487804,0.9908196963071048,3.314433340710589,spinning,top_load,1.5573950266630094,0.26316953084668054,spinning,spinning
185.6,-0.7375544507230953,-1.184613236585654,0.8386280863803505,3.5431267970962685,spinning,top_load,1.6280639285179663,0.20991594387712342,spinning,spinning
185.7,1.078152150235378,0.7462325422530677,1.320798231275641,3.5033504645545097,spinning,top_load,1.8611241317858158,0.06816067214400437,spinning,spinning
185.8,-1.1553006502093328,-0.0036302335743001,0.6993626495113823,3.441479481729964,spinning,top_load,1.350496533317095,0.03706764161013626,spinning,spinning
185.9,0.7714138547538335,-0.757883041262194,1.1803655137359612,3.7569010903502935,spinning,top_load,1.6008525183651867,0.03717771796820655,spinning,spinning
186.0,-0.031243907483944,1.2364590217354343,1.0021833270982323,3.224646447204804,spinning,top_load,1.5919103351946349,0.036879558565117744,spinning,spinning
186.1,-0.7575742211147704,-1.0137827867856533,0.8238904714311404,3.2397196331518483,spinning,top_load,1.5101224282142038,0.0372710794385971,spinning,spinning
186.2,1.1505956742163763,0.5967860929674664,1.376321060433868,3.243943682225489,spinning,top_load,1.8905776121806315,0.04079851055142748,spinning,spinning
186.3,-1.111326463511216,-0.0737783377027273,0.6450119172027088,3.4099181031435037,spinning,top_load,1.2870625955826849,0.03603669954504876,spinning,spinning
186.4,0.8039131928823353,-0.6923931209128038,1.2282547824274836,3.192852446022038,spinning,top_load,1.6230509745949535,0.0358993667951489,spinning,spinning
186.5,0.021225028702225,1.102560596906362,1.012635372509889,3.4878571278001824,spinning,top_load,1.497170921889737,0.03669929586139846,spinning,spinning
186.6,-0.6667027420390685,-1.1855319091022103,0.772199133816935,3.4586274513422834,spinning,top_load,1.5640556115463315,0.03648284835341878,spinning,spinning
186.7,1.184424333769423,0.8078718906414931,1.3608588439807032,3.30337122150023,spinning,top_load,1.9767283038784813,0.04510187521530947,spinning,spinning
186.8,-1.2104487424701782,-0.0746823383856065,0.7134944192953051,3.718441563514049,spinning,top_load,1.4070671256837475,0.04242106419112881,spinning,spinning
186.9,0.6475423785228137,-0.7039107318527917,1.2257537107771748,3.485124867928316,spinning,top_load,1.5547583766889728,0.04257214734958695,spinning,spinning
187.0,-0.0650337773765412,1.108115793482911,1.0169906913720594,3.765661841007951,spinning,top_load,1.5054634071619084,0.04328756696829569,spinning,spinning
187.1,-0.7852710480923786,-1.1295417507075305,0.8085619585207573,3.451237537198892,spinning,top_load,1.5957091296130566,0.042660515203618535,spinning,spinning
187.2,1.188995412046404,0.6881430650668748,1.2985510476455997,3.4939512779421613,spinning,top_load,1.8903665758811214,0.042646431192499126,spinning,spinning
187.3,-1.123864814054419,-0.1667021653058033,0.6714263943299154,3.3593043988295723,spinning,top_load,1.3197254014339832,0.04055323568572539,spinning,spinning
187.4,0.7101120665365361,-0.5296917309506098,1.181099903580159,3.498238364866129,spinning,top_load,1.4764245524629098,0.041737341736794636,spinning,spinning
187.5,-0.1555629909241431,1.0799013023781825,0.982303391779064,3.678057826533012,spinning,top_load,1.4680962572406528,0.04234894099104186,spinning,spinning
187.6,-0.5820136912339207,-1.1686699841403965,0.8532555626103437,3.3971664419324257,spinning,top_load,1.5596712870794096,0.04236234417162679,spinning,spinning
187.7,1.0876114993050263,0.7352986203831062,1.3347824975765077,3.629602990633666,spinning,top_load,1.8722198456362988,0.03413408075170257,spinning,spinning
187.8,-1.0181590541979308,-0.0350428817227535,0.6354144310048928,3.2968132597385646,spinning,top_load,1.2006778761740935,0.04563492595408054,spinning,spinning
187.9,0.6183878139120329,-0.5428889036152011,1.2461801681923752,3.689762641380552,spinning,top_load,1.4933508836369953,0.04586945162462622,spinning,spinning
188.0,-0.0487440695134768,1.153242933664418,0.9715696899147032,3.355023543172018,spinning,top_load,1.5087388477535137,0.04584671776231762,spinning,spinning
188.1,-0.8375132657015527,-1.2515307137776444,0.7749747348490172,3.712919968307263,spinning,top_load,1.6936184450486964,0.048050118079210204,spinning,spinning
188.2,1.1629953181107775,0.6761189391121888,1.3798519109058498,3.515244135608416,spinning,top_load,1.9270926873931895,0.05097681642792189,spinning,spinning
188.3,-1.2073432288029662,-0.0918660304873745,0.658902681092951,3.880238433347766,spinning,top_load,1.3785027322589383,0.04828891069746799,spinning,spinning
188.4,0.6409622935052736,-0.6653502909725945,1.1647547794715567,3.211483068436448,spinning,top_load,1.4866665287463396,0.048114100874594695,spinning,spinning
188.5,-0.0823508530306261,1.0151298269878366,1.01631968842963,3.130955806672033,spinning,top_load,1.438810598280721,0.048790572448035266,spinning,spinning
188.6,-0.6587009989866404,-1.1112683497147982,0.776503332713331,3.345945688506108,spinning,top_load,1.5072364701196554,0.04902197724336718,spinning,spinning
188.7,1.1839556386482446,0.693987111259872,1.3885758904621648,3.153847262991422,spinning,top_load,1.952309419240349,0.05538587095315273,spinning,spinning
188.8,-1.0325457860895046,0.0216699497599806,0.6394340457047064,3.1543162763929304,spinning,top_load,1.2147000806372252,0.054289918571244,spinning,spinning
188.9,0.6641999054866383,-0.5400183431684193,1.2431394700370828,3.655387690114969,spinning,top_load,1.5093631330368789,0.05407803639763755,spinning,spinning
189.0,0.0131291622628409,1.1035516912027727,1.0532709409709815,3.4989553016468355,spinning,top_load,1.525574772062032,0.0539082222292946,spinning,spinning
189.1,-0.7827024145949665,-1.1340904465001933,0.7628690124603981,3.3800797558239357,spinning,top_load,1.5750407425930613,0.05188262541866704,spinning,spinning
189.2,1.1211654781900489,0.6852495114077688,1.3365839552435046,3.403259350673642,spinning,top_load,1.8743093639482458,0.04775601961540469,spinning,spinning
189.3,-1.1723985383511264,-0.0305075643788952,0.6692784123580567,3.350690583918415,spinning,top_load,1.3503268631930239,0.048885732919620416,spinning,spinning
189.4,0.7332093002008049,-0.6791478444067595,1.1858823182486986,3.912592291954761,spinning,top_load,1.5508560684983663,0.04848801488006563,spinning,spinning
189.5,0.0610213083850468,1.053212783865374,1.0081088484012215,3.3161235730892407,spinning,top_load,1.4591998555370376,0.04802646105646306,spinning,spinning
189.6,-0.6458783013011173,-1.1777889042204135,0.7816497005495181,3.169466525479175,spinning,top_load,1.5541305406449906,0.047781018793628297,spinning,spinning
189.7,1.0906990832211716,0.7312214642283479,1.3350283187184675,3.699012654371582,spinning,top_load,1.8725944386513624,0.04140636070286993,spinning,spinning
189.8,-1.0813597452769,-0.0874377081479448,0.6590878059149594,3.4460610941630447,spinning,top_load,1.2694018226776271,0.037646603956508505,spinning,spinning
189.9,0.7026971945246746,-0.5922755048316505,1.2137406322926998,4.009693422204471,spinning,top_load,1.522412540441886,0.03753396033006643,spinning,spinning
190.0,-0.0194758137539431,1.0713284476025031,1.0049164230722445,3.3684485903014663,spinning,top_load,1.4690067962143951,0.03822868443705418,spinning,spinning
190.1,-0.7478529919600797,-1.056327424938822,0.770432518811013,3.711496044939198,spinning,top_load,1.506213129773807,0.03831524795317212,spinning,spinning
190.2,1.1076716718925113,0.6796627667632086,1.3257251941357686,3.7705493326498254,spinning,top_load,1.8564550357074885,0.0370319987636473,spinning,spinning
190.3,-1.0367289887824451,0.028997672423191,0.6540620264689893,3.369666041949499,spinning,top_load,1.2261504783902155,0.04383720183393951,spinning,spinning
190.4,0.7237869487406259,-0.7102469363151979,1.2102599615882217,3.314269808022741,spinning,top_load,1.5789387044264618,0.044054693636668404,spinning,spinning
190.5,0.0104767108498723,1.1183861092084215,0.9868345198015416,3.685341632732726,spinning,top_load,1.491556106960956,0.04363988530292853,spinning,spinning
190.6,-0.7210771142630985,-1.1898405717339555,0.798115498437316,3.6437229794784822,spinning,top_load,1.603951726113984,0.04410337859710995,spinning,spinning
190.7,1.288026536240462,0.7385426244405185,1.2879374934059984,3.1473474748222685,spinning,top_load,1.9655127964722123,0.05184119865533554,spinning,spinning
190.8,-1.062967190223458,-0.0198467097862692,0.6357056663664584,3.21789109092382,spinning,top_load,1.2387149928984136,0.05384175604155986,spinning,spinning
190.9,0.6620785758631197,-0.5592666911670023,1.2032048560392286,2.8658924987629986,spinning,top_load,1.4828449676423374,0.054204758609419784,spinning,spinning
191.0,-0.0164169032822821,1.1898783854580282,0.9743165443890804,3.648846713494701,spinning,top_load,1.5379768579415825,0.05356270635060673,spinning,spinning
191.1,-0.7181969753532943,-1.1847201848657354,0.8372732496189548,3.4345432017160635,spinning,top_load,1.6187635115613421,0.05376352929515224,spinning,spinning
191.2,1.1500201382511124,0.7702216580771232,1.3429462012679954,3.45946239475618,spinning,top_load,1.928546660170378,0.059031180170206574,spinning,spinning
191.3,-1.1833413791121534,-0.1148528163877814,0.6629227444804969,3.077138975574537,spinning,top_load,1.3612327332608531,0.05061530992683981,spinning,spinning
191.4,0.7316712941528117,-0.7087493177551474,1.1971057695863692,3.225474411727669,spinning,top_load,1.5718558145334482,0.05062326244100047,spinning,spinning
191.5,0.0871252879222765,1.0496688488169412,0.9995266323887864,3.3805102718581086,spinning,top_load,1.4520499291782945,0.05155663794146338,spinning,spinning
191.6,-0.7841599892912268,-1.186683203344292,0.7519397052456249,3.331918599963045,spinning,top_load,1.6088931705460012,0.05158961426143357,spinning,spinning
191.7,1.0735790153286928,0.7741426825935952,1.337285834783413,3.529459018879408,spinning,top_load,1.8815425052545858,0.045038307710236404,spinning,spinning
191.8,-1.17025733287213,-0.1826370535528474,0.6295094012758398,3.6458670316579536,spinning,top_load,1.3413204705685078,0.038577476626909295,spinning,spinning
191.9,0.6791345691447032,-0.6520375211554464,1.203280583282667,4.067403142321299,spinning,top_load,1.5278288039263352,0.03782359783175917,spinning,spinning
192.0,0.1199079524845959,1.209408410633605,0.9232025030108773,3.494995742492269,spinning,top_load,1.52622065323003,0.037955043904056816,spinning,spinning
192.1,-0.6452397495500237,-1.0931141407808167,0.7545572129214201,3.778850665774237,spinning,top_load,1.476681904387706,0.038807490508678426,spinning,spinning
192.2,1.197927160681289,0.7240553001411589,1.3862981380016877,3.2925068057550564,spinning,top_load,1.9700528133497803,0.04230883120238929,spinning,spinning
192.3,-1.1571297611650353,-0.1517405185245294,0.682531586606957,3.081263421256161,spinning,top_load,1.3519703531705696,0.04275075627084461,spinning,spinning
192.4,0.6881634983438061,-0.621666480612875,1.2511738709027616,3.411924588322469,spinning,top_load,1.557393421329429,0.04276841293819944,spinning,spinning
192.5,-0.0871023248258886,0.979401208148254,1.0416316380901385,3.10056957053144,spinning,top_load,1.4324140501205227,0.0433190100510603,spinning,spinning
192.6,-0.6584378890679823,-1.093819557972323,0.8085869318996789,3.503668291792276,spinning,top_load,1.5112228510719405,0.043373060541185435,spinning,spinning
192.7,1.170731095842696,0.7463510972598246,1.3287942853048766,3.3048864688728337,spinning,top_load,1.9218078758848092,0.04643320311280899,spinning,spinning
192.8,-1.0641079776735582,0.0419498752670042,0.6265021257457547,3.011432153311353,spinning,top_load,1.2355527077981647,0.0527314698975886,spinning,spinning
192.9,0.6926925199497076,-0.7528742281352871,1.246005028988814,3.934006286465044,spinning,top_load,1.6121944866702638,0.05300666733759231,spinning,spinning
193.0,-0.0085067487720661,1.1735356766731462,1.0019370392316092,3.365609571723655,spinning,top_load,1.5430930560998495,0.05291016515252722,spinning,spinning
193.1,-0.6951395710373711,-1.1664593351340862,0.8632179936661544,3.0905951742639504,spinning,top_load,1.6090344024701573,0.05217493751207865,spinning,spinning
193.2,1.1947816740846549,0.739303312844343,1.3314274065859462,3.7245429476268224,spinning,top_load,1.9356579181558216,0.049269703833111876,spinning,spinning
193.3,-1.2294807568801278,-0.1501187518804459,0.7168065297771307,3.3178464093651785,spinning,top_load,1.4310730842049288,0.046044641013047,spinning,spinning
193.4,0.749505670775443,-0.613511424597931,1.2068989371044694,3.7725415084226657,spinning,top_load,1.5475012319932504,0.046101801268871354,spinning,spinning
193.5,-0.0012297337304897,1.159015146247259,1.040081457917725,3.316651416330488,spinning,top_load,1.5572691034563884,0.04362255884955464,spinning,spinning
193.6,-0.7688605388281682,-1.0533211368073003,0.8392980612916897,3.3647755774343007,spinning,top_load,1.5508233881071545,0.04308225282671997,spinning,spinning
193.7,1.016191474394961,0.8196493605043634,1.3116918480208402,3.5862079273692617,spinning,top_load,1.8506770898707705,0.03841293881981303,spinning,spinning
193.8,-1.14945624226692,-0.1035618637048664,0.6430697117850083,3.6483048451760274,spinning,top_load,1.3211787792405942,0.032453303225801755,spinning,spinning
193.9,0.7922050817476475,-0.7094880540176196,1.180613314054405,3.6921209343351498,spinning,top_load,1.5889650681066059,0.03242289336533256,spinning,spinning
194.0,0.1004810800042861,1.0363374171492767,0.963101665352194,3.477564715317668,spinning,top_load,1.4183287726851737,0.035377815744311286,spinning,spinning
194.1,-0.684019730110678,-1.0720353441869055,0.8084093146904834,3.6321541803886457,spinning,top_load,1.5068737141661734,0.03578620402877709,spinning,spinning
194.2,1.258988159384716,0.712475887676116,1.3364814947587835,3.686407151730855,spinning,top_load,1.9694811148684461,0.038642712355339545,spinning,spinning
194.3,-1.1438442845316474,0.0208856481704061,0.6591906438294313,3.550142284641713,spinning,top_load,1.3203591414715448,0.04339025722374325,spinning,spinning
194.4,0.762540515849833,-0.6177519765485501,1.2282898648745784,3.464335471683926,spinning,top_load,1.5721900441727075,0.04336537889517968,spinning,spinning
194.5,-0.0270738533343879,1.1382410760562294,0.944278394988552,3.1386762629422176,spinning,top_load,1.4791847173352526,0.04411990817793646,spinning,spinning
194.6,-0.7362182331078697,-1.1788409036789809,0.8270002892934655,3.649793539194997,spinning,top_load,1.617285578195337,0.044458498928695356,spinning,spinning
194.7,1.1006172725414032,0.7988067195129832,1.331907520966075,3.510543424785288,spinning,top_load,1.903530456851575,0.04809961087246156,spinning,spinning
194.8,-1.2648995563816412,-0.0688563897378854,0.673591693320881,3.396596036912323,spinning,top_load,1.434725708786561,0.04311709991365603,spinning,spinning
194.9,0.7825678383479229,-0.6714090964885667,1.230224076002189,3.819441590897915,spinning,top_load,1.605195898835894,0.043171839329048764,spinning,spinning
195.0,-0.0384979463486337,1.1602071903593567,1.0411238968228094,3.143041591771671,spinning,top_load,1.5593273501642066,0.040009166595114866,spinning,spinning
195.1,-0.7534286295362905,-1.1690671314785812,0.7852515875412153,3.9110090788412215,spinning,top_load,1.5971827426579872,0.03901972892811822,spinning,spinning
195.2,1.0704695186573725,0.71126625800879,1.278671222094952,3.494431680341384,spinning,top_load,1.8129547083063524,0.028821235026994203,spinning,spinning
195.3,-1.1535293857464677,-0.0319385374403881,0.6593334825373195,3.5793795446257244,spinning,top_load,1.3290488159391451,0.028307725203209084,spinning,spinning
195.4,0.8111518413845347,-0.6530954383383162,1.2176238965701331,3.4012389713674325,spinning,top_load,1.602219995774136,0.028271962335441325,spinning,spinning
195.5,0.1256267310492055,1.1477815038660035,0.9689721742257492,3.0832317718691677,spinning,top_load,1.507345856329857,0.027632339215260333,spinning,spinning
195.6,-0.8049943152992616,-1.1876603964265149,0.7928220288076472,3.465097525383555,spinning,top_load,1.6392436775131352,0.02778011728078083,spinning,spinning
195.7,1.1200009397956163,0.686619066452111,1.3315497928244693,3.583686226723198,spinning,top_load,1.8705273850787427,0.025656174868861945,washing,washing
195.8,-1.2033292857598523,0.0361762937830241,0.6173370356552556,3.669056361600648,spinning,top_load,1.3529283461406263,0.029252719805021827,spinning,spinning
195.9,0.7646425672239249,-0.5564596143544931,1.2317472376756486,3.450491700390274,spinning,top_load,1.5529091459386593,0.0293216293026149,spinning,spinning
196.0,0.0171956128376732,1.1714740008363238,0.9830882454730776,2.9518650396988955,spinning,top_load,1.5294147645827343,0.029564267671666176,spinning,spinning
196.1,-0.7435364623936432,-1.1836974460478091,0.7762059327326319,3.114584663854344,spinning,top_load,1.598900173462463,0.029571358005623796,spinning,spinning
196.2,1.145622204389715,0.7411472663431529,1.3285029804476636,4.013004905940823,spinning,top_load,1.90438170403336,0.03514937121927402,spinning,spinning
196.3,-1.1699129368388013,0.0150115027856056,0.6946840120576228,3.226866004056971,spinning,top_load,1.3607011066384662,0.03342326883391875,spinning,spinning
196.4,0.8021970684135695,-0.6704861012545167,1.2103752059721211,3.856762364559802,spinning,top_load,1.5993998523755284,0.033417569815632625,spinning,spinning
196.5,0.0328175709006495,1.0804935409796412,1.002372994616281,3.266478315645601,spinning,top_load,1.4742099258228298,0.03414759496437368,spinning,spinning
196.6,-0.6651528974960249,-1.048094724387116,0.7751782245431047,3.454386022568033,spinning,top_load,1.4634999856990987,0.035245117911244316,spinning,spinning
196.7,0.9812527708721716,0.7563056838362562,1.3562663505338908,3.656302064899976,spinning,top_load,1.836930510753703,0.033119394750758216,spinning,spinning
196.8,-1.1452751402840071,0.0381773757428434,0.6980991955872367,3.2949513883547814,spinning,top_load,1.3418103986222156,0.03366146209616533,spinning,spinning
196.9,0.8303349602944599,-0.7331598136420361,1.2310385153498704,3.898053783939764,spinning,top_load,1.656029977054051,0.03441992183924274,spinning,spinning
197.0,0.0795677442020834,1.14953799612762,1.0206060088400104,3.5189320895171026,spinning,top_load,1.5392872557579522,0.03432630768736521,spinning,spinning
197.1,-0.8161676779059458,-1.0361638489723954,0.8065842153513121,3.615212711574917,spinning,top_load,1.5460735095167903,0.034354328292130885,spinning,spinning
197.2,1.1224622695931905,0.7609513894124691,1.3009730665669268,3.4330982479952183,spinning,top_load,1.8792284277441145,0.0325610097686107,spinning,spinning
197.3,-1.2133589875093411,-0.0837684135038601,0.6313360891827604,3.664680071754273,spinning,top_load,1.370343912007212,0.03212241913932383,spinning,spinning
197.4,0.8080083963729737,-0.7193214140562465,1.2054530690173868,3.894698184962466,spinning,top_load,1.6196968750147478,0.03229314929092306,spinning,spinning
197.5,0.0146566969366321,1.1833874864267353,0.9782240787252264,3.4671785155941963,spinning,top_load,1.5354292917598964,0.03132789079681473,spinning,spinning
197.6,-0.7514100363347717,-1.2066364898837838,0.7564611984320544,3.932428197687309,spinning,top_load,1.6102242720059035,0.029720213233213794,spinning,spinning
197.7,1.1433172961667133,0.7534778311693869,1.2862150736401627,3.347101047905221,spinning,top_load,1.8786304845383661,0.03214983955743848,spinning,spinning
197.8,-1.2977097512984357,-0.141998280755699,0.6172237777396778,3.691024009837928,spinning,top_load,1.444014993744823,0.027383176816934893,spinning,spinning
197.9,0.6402446245436488,-0.5558426229946595,1.203906924105035,3.6222785840607625,spinning,top_load,1.4725033387747097,0.028788293876275413,spinning,spinning
198.0,0.0021866235493057,1.1877400218040346,0.9979172089953516,3.232854481829408,spinning,top_load,1.5513123143734364,0.028668458277695128,spinning,spinning
198.1,-0.6546017806438442,-1.1623238898780808,0.7646056958907698,3.5534524261593328,spinning,top_load,1.5375702216133131,0.028760102391246226,spinning,spinning
198.2,1.0247889723183174,0.689917408597842,1.344748102246744,3.5018414844625934,spinning,top_load,1.8260684343605018,0.025624713960661544,washing,washing
198.3,-1.1641371380164118,0.0242262789866105,0.6446046449064688,3.2867019559307886,spinning,top_load,1.330908463019743,0.027657667913904845,spinning,spinning
198.4,0.7659234470620148,-0.6712122026234983,1.2443198984464812,3.589500608548532,spinning,top_load,1.6079479336657354,0.027569488238490623,spinning,spinning
198.5,-0.0870871994624739,1.0521346127115132,0.9951512270792316,3.536572386527129,spinning,top_load,1.450826450108049,0.029113075765978973,spinning,spinning
198.6,-0.6915913326637095,-1.2661558856737347,0.8092872356168235,3.481853263173196,spinning,top_load,1.654205285922556,0.02968986269755352,spinning,spinning
198.7,1.1452262897405785,0.7204084368192799,1.348476758735106,3.482855632735329,spinning,top_load,1.9102149458639746,0.031917933776230555,spinning,spinning
198.8,-1.0384050003328098,-0.1552064313195488,0.6155575229564166,3.477497435269095,spinning,top_load,1.217080541750369,0.043852807327096885,spinning,spinning
198.9,0.6915341311644708,-0.6866255491917443,1.2088829455532355,3.408075094688418,spinning,top_load,1.5527627234763626,0.04301019559699289,spinning,spinning
199.0,-0.0102960359023865,1.163111427182498,0.9629312770201748,3.5349585237537453,spinning,top_load,1.5100234583149743,0.04329607415197304,spinning,spinning
199.1,-0.6540447175610367,-1.1829528147638464,0.785153684028217,3.339021446909055,spinning,top_load,1.563207651615832,0.04323537736156565,spinning,spinning
199.2,1.0616868994711492,0.7805079476600004,1.3200264213493125,4.1642023728675,spinning,top_load,1.8651652693338894,0.04567968907977967,spinning,spinning
199.3,-1.1545208119473656,-0.1113282235400363,0.66907854513825,3.147666688633671,spinning,top_load,1.3390214255718622,0.045262006767406666,spinning,spinning
199.4,0.6779988021005804,-0.6453461550186851,1.1713320607013171,3.353815980691385,spinning,top_load,1.4993908202580195,0.04545375085739932,spinning,spinning
199.5,-0.0083347087625388,1.2337009524856697,1.0004410547583134,3.373564473855765,spinning,top_load,1.5883859139327985,0.04412518173522161,spinning,spinning
199.6,-0.6544379158133055,-1.1813379696068964,0.805569776651573,4.010123353581134,spinning,top_load,1.5725110648715552,0.04326290680516366,spinning,spinning
199.7,1.1745175086591004,0.7822321109902062,1.369608212945521,3.1699663375056253,spinning,top_load,1.966521067921419,0.04793977237320213,spinning,spinning
199.8,-1.1861887580659745,-0.1618597776160137,0.6346946213971971,3.606480574496528,spinning,top_load,1.3550201547587901,0.03910386267707214,spinning,spinning
199.9,0.7135442549509274,-0.5580499316552321,1.2121352199916038,3.562098516261635,spinning,top_load,1.513220711442312,0.039510109724943246,spinning,spinning
200.0,0.0100080691402364,0.0333604379441038,1.0120524483941435,0.0921997082816672,done,top_load,1.0126515879453895,0.07167798218151827,idle_or_done,idle
200.1,0.0370902948783282,-0.0179565220428099,1.0247837063095828,0.0194660876895606,done,top_load,1.025611900952617,0.09631420380073995,idle_or_done,idle
200.2,0.0364748807924126,0.0169922364801481,0.9833192232783212,0.0214697384225238,done,top_load,0.9841421888620053,0.09730194982298775,idle_or_done,idle
200.3,-0.0135287047956035,0.0094378500609343,0.9982179180798196,0.0613025608101766,done,top_load,0.9983542010943955,0.1124371518124887,idle_or_done,idle
200.4,0.0058205234848197,-0.0419094034732552,1.0348571968913975,0.0824997209635469,done,top_load,1.0357218229578067,0.11870607924296227,idle_or_done,idle
200.5,-0.0559230609645643,0.0155750831527932,0.9669171796819792,0.0537910169182833,done,top_load,0.968658249501348,0.1181146657697793,idle_or_done,idle
200.6,0.0029727902556578,-0.0424053962927308,1.0541410658876784,0.0699860739940441,done,top_load,1.0549978397643562,0.10702966835906265,idle_or_done,idle
200.7,-0.0238196828349575,0.0188427548449548,0.9598253507578128,0.0100839454505608,done,top_load,0.9603057485290107,0.03497700387965139,idle_or_done,idle
200.8,-0.0055914727788154,-0.0152157492939254,0.989639061663858,0.0400091007563772,done,top_load,0.9897718201511564,0.02687742209806999,idle_or_done,idle
200.9,-0.0505611559445008,0.0002510175976935,0.9714943000937196,0.0125210438571348,done,top_load,0.972809163513001,0.0009746670435797958,idle_or_done,idle
201.0,0.0121461686015722,-0.0388283984887901,1.0656378099060813,0.0656082191645732,done,top_load,1.0664141389921324,0.0014112462406541805,idle_or_done,idle
201.1,-0.0508970608672682,0.0036714697081444,0.9848994991345854,0.0190553734682197,done,top_load,0.9862205706079658,0.0013919261511079351,idle_or_done,idle
201.2,0.0044485382037475,0.0278085125391185,0.984974765304144,0.024443623079347,done,top_load,0.9853772836572507,0.0013872488216266814,idle_or_done,idle
201.3,-0.0367951677906764,-0.0242089628406786,0.9888775378018024,0.060280504099228,done,top_load,0.9898579408296528,0.0014010924391104622,idle_or_done,idle
201.4,-0.0254892310540765,-0.0182150125843203,1.0028680842368185,0.0712364870403546,done,top_load,1.0033573052327878,0.0012562120848175708,idle_or_done,idle
201.5,0.0346419630763548,0.0136386307070246,0.9901467466328646,0.0468206378354156,done,top_load,0.9908464349842474,0.0011618675596640716,idle_or_done,idle
201.6,0.0176375383774086,0.0143885497094081,0.996013395861328,0.0614034500821702,done,top_load,0.9962734553615132,0.0007889541187008631,idle_or_done,idle
201.7,0.0344760941301162,-0.0730253789522552,0.8941237014092879,0.0607557633374618,done,top_load,0.8977630536279796,0.0016501232526374625,idle_or_done,idle
201.8,0.0467918139750387,0.0604621909134832,1.001714795080055,0.0456914628111505,done,top_load,1.0046281307366471,0.0016784758387221007,idle_or_done,idle
201.9,-0.0231851612141929,0.0158566045064499,1.0005341986445992,0.028105890342275,done,top_load,1.0009284021669045,0.001654156278758495,idle_or_done,idle
202.0,0.0449691498732261,0.0209075598735888,1.0311570639223715,0.0612978281376928,done,top_load,1.0323488949852149,0.00120814300969757,idle_or_done,idle
202.1,-0.043965169685367,-0.0043062133998605,1.039271828448382,0.0622619138155016,done,top_load,1.0402102734667407,0.0014691627030380939,idle_or_done,idle
202.2,0.022383010036347,-0.0556606052565673,0.994368758158246,0.0678804880618051,done,top_load,0.9961768564451731,0.0014597502127562262,idle_or_done,idle
202.3,-0.0148001314379991,0.0202416618375072,1.0244868724502187,0.0562413284815779,done,top_load,1.0247936965981772,0.0015400244755177876,idle_or_done,idle
202.4,-0.0279090042791794,-0.0169556408469265,0.9669529365866558,0.0266300017304134,done,top_load,0.9675042055980648,0.0016317226815460346,idle_or_done,idle
202.5,0.0184340960191332,0.0163179508255001,1.023020270280883,0.0638068032273836,done,top_load,1.0233164538991626,0.0017061194543560368,idle_or_done,idle
202.6,0.0283485457550763,-0.0065640321078818,0.9828257260259629,0.0499723783954331,done,top_load,0.9832563929628945,0.0017291988940316225,idle_or_done,idle
202.7,0.0274580515993963,0.0071411813734913,0.9644590759560984,0.0403452511135331,done,top_load,0.9648762875431934,0.0006982109551979952,idle_or_done,idle
202.8,0.0064457966668437,-0.0232498914422773,0.9944323396538784,0.0441072832561257,done,top_load,0.9947249790249738,0.0007062044424949077,idle_or_done,idle
202.9,0.0039587190398771,0.0259316682803679,1.0420141734159334,0.0361948564321924,done,top_load,1.0423443099455816,0.0008603812924207128,idle_or_done,idle
203.0,0.015805997570997,-0.0356513711837301,1.0054301661019254,0.0677768755770885,done,top_load,1.0061861998329333,0.000781192935569125,idle_or_done,idle
203.1,0.0091129222655157,0.0673670827601757,1.0448946444303513,0.0216377053283995,done,top_load,1.0471037136554642,0.0008408952686085667,idle_or_done,idle
203.2,0.0162406751875794,0.0671384590496103,0.977538018585526,0.0301302813038716,done,top_load,0.9799754639756144,0.0008990117505563692,idle_or_done,idle
203.3,0.0061199838333214,0.0489809875639953,1.0314355331364398,0.0434245423065661,done,top_load,1.0326160227118868,0.0009423049759813793,idle_or_done,idle
203.4,0.0252835147351909,0.0382643695732353,0.9804351988828915,0.08227501696478,done,top_load,0.9815073088391838,0.0008477535307855502,idle_or_done,idle
203.5,-0.0488162341965128,-0.0025364507470092,1.006759860144676,0.0710856109818569,done,top_load,1.0079458687360392,0.0008108334626345664,idle_or_done,idle
203.6,-0.0039382042525915,0.0349964011724162,1.0065004848597825,0.0171831839350554,done,top_load,1.007116420068074,0.0007574917232462327,idle_or_done,idle
203.7,-0.0415153948153675,-0.0028852949482838,1.0198447520177252,0.0770269417750497,done,top_load,1.0206934756094552,0.0005535030307589574,idle_or_done,idle
203.8,0.0083010605281465,-0.0466055262673592,1.0075222185973398,0.0769884043396736,done,top_load,1.0086337311689786,0.0005193880800799512,idle_or_done,idle
203.9,0.0492579052756109,0.0450960424209206,0.9778244638653456,0.0265198334795471,done,top_load,0.9801023805744586,0.0005066189370030863,idle_or_done,idle
204.0,-0.014222543458409,0.0338647338876751,1.026409208562777,0.0004291654119289,done,top_load,1.0270661927870937,0.0005455677248532494,idle_or_done,idle
204.1,0.0038175609089164,-0.000940173229663,1.0519496978297618,0.0485555675530551,done,top_load,1.0519570449695759,0.0005887210177024724,idle_or_done,idle
204.2,0.0226946014476491,-0.0367555277199345,0.9824858973323164,0.0724484881859964,done,top_load,0.9834350777807986,0.0005670183984394227,idle_or_done,idle
204.3,-0.0620316879529957,-0.0175860202973692,0.944943037706649,0.081825239396004,done,top_load,0.947140191803973,0.0008700863200483507,idle_or_done,idle
204.4,-0.0156633144643256,-0.0546343675466252,1.0149795870506138,0.032583454712775,done,top_load,1.0165696314894828,0.0008367816700589835,idle_or_done,idle
204.5,0.0109354697781855,0.0283524255785393,0.9900645881784356,0.0850395820932593,done,top_load,0.9905308340987631,0.0008559649048257832,idle_or_done,idle
204.6,-0.0869098417697182,-0.0480992690059254,0.9960669143213412,0.0054413520836659,done,top_load,1.001007571440386,0.0008545490907130268,idle_or_done,idle
204.7,-0.0293042547922491,0.0086049261044002,1.0166853326719305,0.0426389877234142,done,top_load,1.0171439670825488,0.0008416268417838907,idle_or_done,idle
204.8,0.0330257392014386,-0.0253108004333906,0.986308227105232,0.041655786615685,done,top_load,0.9871855220392195,0.000857720745052425,idle_or_done,idle
204.9,0.0300899070135217,-0.0428011033499843,0.9919344408596898,0.073046740498486,done,top_load,0.9933132798446239,0.0008161312013984531,idle_or_done,idle
205.0,0.011229546821103,0.0071506527983571,0.9969964144919023,0.0759660493187956,done,top_load,0.9970852947802205,0.0007359165935677691,idle_or_done,idle
205.1,0.0264659291982953,-0.0100139815593609,1.0440926181395505,0.0690844731086679,done,top_load,1.0444760028303675,0.0006527045720512151,idle_or_done,idle
205.2,0.0064531270326439,0.025145673162761,1.0009020881234074,0.0229889990250821,done,top_load,1.0012387016776294,0.0006276132175567303,idle_or_done,idle
205.3,0.0166618472232694,-0.0380281580618612,0.9629297925755512,0.0672523806359784,done,top_load,0.9638244359778723,0.00046106368431020144,idle_or_done,idle
205.4,-0.0094696112652184,-0.0227194393642146,0.9641236455657666,0.0601808393718698,done,top_load,0.9644377898037605,0.0005552163552257353,idle_or_done,idle
205.5,0.0034743804876627,-0.0716292662547267,1.004176897649788,0.0165753122944081,done,top_load,1.0067343566589533,0.0005616908482021908,idle_or_done,idle
205.6,-0.0189711115924746,-0.0655304004698376,0.9661171599792706,0.0086597234239662,done,top_load,0.9685228460223346,0.000642940540462506,idle_or_done,idle
205.7,0.0379045003254694,0.0539457722993553,0.9531308953922752,0.0707597858004155,done,top_load,0.9554084996718303,0.0007119911521164822,idle_or_done,idle
205.8,0.045646782285066,0.06250794732299,1.0190660797280202,0.0463980139804151,done,top_load,1.0220012461165346,0.0008251803588050597,idle_or_done,idle
205.9,0.0413973840209122,0.0027817861567185,1.0205349520860594,0.0242963581509024,done,top_load,1.021378025104952,0.0009139782722425976,idle_or_done,idle
206.0,-0.0122432628503358,-0.0247148629771953,0.9889559039831844,0.0458365614258246,done,top_load,0.9893404378475599,0.0009155455054922143,idle_or_done,idle
206.1,-0.0286132211809526,-0.0089534677647032,1.0088097787345514,0.057280821622264,done,top_load,1.0092551960142777,0.0006424636754724836,idle_or_done,idle
206.2,0.0383092098225048,0.0262072260745909,1.005643649325865,0.048342977466649,done,top_load,1.0067142413243158,0.0006588763512903907,idle_or_done,idle
206.3,0.0163172160777423,-0.0154316705946613,1.0180725815790723,0.0189602769374782,done,top_load,1.0183202685604105,0.0006296405867086152,idle_or_done,idle
206.4,0.0098575302457092,0.0071290160112506,1.018142497118194,0.0877111380712822,done,top_load,1.018215172844083,0.0005391311173971124,idle_or_done,idle
206.5,-0.0190089625483543,-0.0003826815144374,0.9218263423741831,0.0700843593797578,done,top_load,0.9220223926767023,0.0011598826215875224,idle_or_done,idle
206.6,0.0127699143791029,-0.0170643801024857,0.9927850312455282,0.0432924509665306,done,top_load,0.993013787440394,0.0010860067147640499,idle_or_done,idle
206.7,-0.032558341789858,-0.0157857823797561,1.015537125645344,0.0440981068819542,done,top_load,1.0161815241921364,0.0009129985270023846,idle_or_done,idle
206.8,0.0190218706823709,0.0087996261505652,0.9876863022688296,0.0571897478942635,done,top_load,0.9879086479397375,0.0008750015859580163,idle_or_done,idle
206.9,0.0413666009881863,-0.0293066440916232,1.001086079177795,0.0274075720851933,done,top_load,1.0023689006492564,0.0008133742169294988,idle_or_done,idle
207.0,0.0489313663172385,0.0135518803687054,1.0225209994503424,0.0564535287307393,done,top_load,1.023780799970446,0.0008784630102673948,idle_or_done,idle
207.1,0.0212557216232944,-0.0141473687894754,1.0024277569975648,0.0233853512627846,done,top_load,1.0027528916660182,0.0008689970048754483,idle_or_done,idle
207.2,-0.0414606464886336,0.0038210191394469,1.045237582517046,0.0485893156630966,done,top_load,1.0460665319665847,0.0010901998106457424,idle_or_done,idle
207.3,0.0059199039283806,0.0415188769850567,1.0338095875684337,0.0266285700028628,done,top_load,1.034659908258282,0.0011722974756859718,idle_or_done,idle
207.4,0.0641904523217313,-0.0050457613568085,0.996443075410857,0.0276383203534657,done,top_load,0.9985212448471916,0.0011519214835694928,idle_or_done,idle
207.5,-0.0260583477132685,0.0275941302057597,0.9940586148782566,0.0829144522723642,done,top_load,0.9947828925554743,0.00037640700478288756,idle_or_done,idle
207.6,-0.0017754471873065,-0.0537609856765148,0.9144902768439592,0.051184517885691,done,top_load,0.9160708827573151,0.001258929000433665,idle_or_done,idle
207.7,0.0424057305540293,-0.0141108904092178,0.9902049340932844,0.0541481297080233,done,top_load,0.9912129815103551,0.001244301554203472,idle_or_done,idle
207.8,0.0185140176622075,0.0008306586322821,0.9594019332186842,0.0097724027783735,done,top_load,0.9595809128507655,0.0013994834117294448,idle_or_done,idle
207.9,0.0744046897345531,0.0576999203761937,1.0066368862600186,0.038059964829579,done,top_load,1.0110307410980042,0.001417359398806813,idle_or_done,idle
208.0,-0.0219860814968576,-0.0587985624977967,1.0045861213336,0.0592242423740869,done,top_load,1.0065455448748857,0.001347732965155328,idle_or_done,idle
208.1,-0.0296926735722246,-0.0028862958567833,1.0208756726808033,0.0538827253189501,done,top_load,1.0213114728813744,0.001409519843283721,idle_or_done,idle
208.2,0.0367237630750552,0.0437006655274878,1.0419001141584456,0.0069194035729258,done,top_load,1.043462615921299,0.0013823717279993328,idle_or_done,idle
208.3,-0.035876358848146,-0.0235506121580061,0.9992119171098408,0.0541427583331416,done,top_load,1.0001330910191608,0.0012181397754245356,idle_or_done,idle
208.4,-0.005903039664526,-0.0063851643127701,1.0684124893576958,0.0573311760709937,done,top_load,1.0684478759472034,0.0017732483088028713,idle_or_done,idle
208.5,-0.0019693963457872,0.0099521695516661,1.0069735433565972,0.0756752399639739,done,top_load,1.007024647772284,0.0017706198169621518,idle_or_done,idle
208.6,0.0310796842015776,0.0055352566116834,0.960693508188501,0.0368953776212331,done,top_load,0.9612120486715491,0.001107569627203837,idle_or_done,idle
208.7,0.0184280390407574,0.0469731142636324,0.9831378437466964,0.0051586255972865,done,top_load,0.984431859446562,0.0011359519633809228,idle_or_done,idle
208.8,0.0137119474253058,0.0134542143021969,0.9888175989907654,0.0300645849638968,done,top_load,0.9890041847527976,0.0009169336545880113,idle_or_done,idle
208.9,-0.01207292633705,0.0398331868654265,1.0177638145346013,0.0280586992226288,done,top_load,1.0186145593413725,0.0009256686139776564,idle_or_done,idle
209.0,0.0364501205724582,-0.0108002507192973,0.971582502993121,0.0647341775555994,done,top_load,0.9723259827998655,0.0010691782189074922,idle_or_done,idle
209.1,0.1207747212818179,-0.0222157623375088,0.9910607235157182,0.0043347317679063,done,top_load,0.9986397904612234,0.0010464441544112632,idle_or_done,idle
209.2,0.0207384629676874,-0.006771695790589,0.9951687915761174,0.0410328707985475,done,top_load,0.995407887972168,0.0008594757798164461,idle_or_done,idle
209.3,0.002990166226405,-0.034773092801028,0.9865563757703336,0.0785159094715451,done,top_load,0.9871735367452402,0.0008745172180077089,idle_or_done,idle
209.4,-0.0389358891297648,0.0145053508863028,1.0243424614503915,0.0501442492566727,done,top_load,1.0251848062651472,0.00038659384541595265,idle_or_done,idle
209.5,-0.0191244434795146,-0.0115763433826573,1.0192396416539606,0.0679263363235284,done,top_load,1.019484773394585,0.000438455031063901,idle_or_done,idle
209.6,-0.0064113070184191,-0.0201536669993242,1.0349970140531188,0.0171640333289782,done,top_load,1.0352130670785005,0.0004280054947570993,idle_or_done,idle
209.7,-0.0160380072080139,0.01495975228863,0.990069244566664,0.0179602097358735,done,top_load,0.9903121330674214,0.000407790339432527,idle_or_done,idle
209.8,-0.0004823350358054,-0.0343114733392286,1.036075827029437,0.0787448491569046,done,top_load,1.0366439259478286,0.0004851360646559994,idle_or_done,idle
209.9,0.0533404823042186,0.0231150664156738,0.9590800874206886,0.052024307315145,done,top_load,0.9608403235890568,0.0006813616736658928,idle_or_done,idle
210.0,0.037415007521077,-0.0143501216547408,0.9583484709703044,0.0520654872441828,done,top_load,0.9591859051249807,0.0007856345407205982,idle_or_done,idle
210.1,-0.0047649814940476,0.0347728933228255,0.9635859494172636,0.02763694343786,done,top_load,0.9642249431917059,0.0009206593262098737,idle_or_done,idle
210.2,-0.0362483983399758,-0.011782127346887,1.0002763507789627,0.0520156345790046,done,top_load,1.0010022691456348,0.0009213533144936365,idle_or_done,idle
210.3,0.0401210292870723,0.0189572899967377,1.0360713434973328,0.027081248633198,done,top_load,1.037021168854061,0.0010507179207929008,idle_or_done,idle
210.4,-0.0014716282038409,0.0053868712131871,0.9819357375808112,0.073737408978113,done,top_load,0.981951616328121,0.0010236391559548545,idle_or_done,idle
210.5,-0.0517950127680706,0.0223170562114346,0.9856991978510669,0.1045566141973634,done,top_load,0.9873113404543804,0.0009777475717847224,idle_or_done,idle
210.6,0.021372903554791,0.0032984067644288,0.99351946134072,0.0596788210733065,done,top_load,0.9937547990104503,0.0007825604134650079,idle_or_done,idle
210.7,0.0307706005270039,-0.0499019223702973,1.0171848437016295,0.0373010722907691,done,top_load,1.0188729253294309,0.0008583394758879784,idle_or_done,idle
210.8,-0.07277725214804,0.0302638061772639,0.9856712408993628,0.0006731666098931,done,top_load,0.9888175875916873,0.0006347125304487745,idle_or_done,idle
210.9,-0.0247366392639871,-0.0026304876737372,0.9839974912625048,0.0163107177091531,done,top_load,0.9843118832963369,0.0005413699847182303,idle_or_done,idle
211.0,-0.0033136203392314,0.0236854823206443,0.9596381420992692,0.0810972366205427,done,top_load,0.9599361155432435,0.0005360148253719469,idle_or_done,idle
211.1,0.0220353273392585,0.0207073943060656,0.9828483666646864,0.0294161631345785,done,top_load,0.9833134107116291,0.0004558190351343999,idle_or_done,idle
211.2,-0.0154723975387251,-0.0231988944303402,1.03532385258806,0.0425833023662697,done,top_load,1.0356993113477333,0.0006330563573797216,idle_or_done,idle
211.3,-0.024964257059218,-0.0274438621552589,1.0027277802543544,0.0631065194915835,done,top_load,1.0034138632659708,0.00044785123496831583,idle_or_done,idle
211.4,0.0218150774904084,0.0196606530434701,0.9778043646925626,0.0796457959872358,done,top_load,0.9782452731783754,0.0004589328084243299,idle_or_done,idle
211.5,-0.0140496711994247,-0.0090974708823154,1.037084319181868,0.0460082615767232,done,top_load,1.0372193800398184,0.0006408454754834955,idle_or_done,idle
211.6,0.0162616395164609,0.0280928783839949,0.9824435949381944,0.0419066626066793,done,top_load,0.9829796884833095,0.0006634790875880295,idle_or_done,idle
211.7,-0.0333454696492377,-0.0053460282858906,1.042598667384474,0.0514324205702136,done,top_load,1.0431454748003477,0.0008388597395779571,idle_or_done,idle
211.8,-0.0405699905770919,0.0307022933234486,1.042108209337003,0.0374472436672156,done,top_load,1.0433494500493685,0.001004257627687964,idle_or_done,idle
211.9,0.0226580747271119,0.012699134526273,1.00168034879124,0.0385236159341409,done,top_load,1.002017054506856,0.0009535729367616982,idle_or_done,idle
212.0,0.0075755973095164,0.0086392498114244,0.9550435141788494,0.0582376023506774,done,top_load,0.9551126322518125,0.0010062736229060076,idle_or_done,idle
212.1,0.0276736719970862,-0.0112203359622082,1.068685018460373,0.0537058303566897,done,top_load,1.0691021451398153,0.0013011731093737066,idle_or_done,idle
212.2,-0.0159777900276432,0.0069728284218454,1.0116182816879364,0.0926321061311716,done,top_load,1.0117684804122042,0.0012485145915707852,idle_or_done,idle
212.3,-0.0238531590743923,0.0357855814485812,0.9902833892583824,0.0587769763327085,done,top_load,0.991216813859869,0.0012883858060380143,idle_or_done,idle
212.4,0.0408215666262273,-0.0016264637598995,1.0286838374432516,0.0730229109618765,done,top_load,1.0294947707993256,0.001173266995964505,idle_or_done,idle
212.5,-0.0456887629198341,0.0159352333105156,1.0210690836106404,0.0285742964655373,done,top_load,1.02221498141207,0.0011268306774743183,idle_or_done,idle
212.6,0.0375438212754187,0.0013908022874911,1.0393281504965932,0.0605031458006054,done,top_load,1.0400069601986481,0.0010457481820739074,idle_or_done,idle
212.7,0.0396151412244714,0.0037381212823626,0.9801295663396032,0.0355403730679788,done,top_load,0.980936949950411,0.001123042104511163,idle_or_done,idle
212.8,0.0258026854279822,0.0517023227081489,1.0095542023832318,0.0579090652659311,done,top_load,1.011206505269006,0.0010204482459314614,idle_or_done,idle
212.9,-0.0206342255103134,0.0360519009311865,0.964423893092652,0.0637702919622968,done,top_load,0.9653180597042352,0.001230898407635441,idle_or_done,idle
213.0,-0.0244957151017607,0.0023821144558715,1.019990031872237,0.0509973768800294,done,top_load,1.0202869104552672,0.0008949355406367114,idle_or_done,idle
213.1,-0.0063016731899459,0.006433622638081,0.9993116389111844,0.0981465144294958,done,top_load,0.999352217313095,0.0005297649100802814,idle_or_done,idle
213.2,-0.0388511903049419,-0.021056115106529,1.0084302776646044,0.078559595382169,done,top_load,1.0093980383784196,0.0005279098987746146,idle_or_done,idle
213.3,-0.0288508199626079,-0.0051891463879485,0.995609508284786,0.0735449066565819,done,top_load,0.9960409580131852,0.000513377923505877,idle_or_done,idle
213.4,0.0193420287452713,0.0092819336264584,0.9924703353823492,0.0652857238474002,done,top_load,0.9927021884642854,0.00046830722600193554,idle_or_done,idle
213.5,0.0194804734267247,0.0255184076870738,0.9739530647795586,0.0852672163546008,done,top_load,0.9744820420968814,0.0005002481805345964,idle_or_done,idle
213.6,-0.0314872447960486,0.0224766269073275,1.023712906440527,0.0212606140506156,done,top_load,1.0244436344450039,0.000382553536270187,idle_or_done,idle
213.7,0.0202836580590022,-0.0332777716771353,1.0446911211022432,0.0774056623598115,done,top_load,1.045417799438058,0.000562191190678202,idle_or_done,idle
213.8,0.0136290991721941,0.0293094819203589,0.9832999492326976,0.0301751137600095,done,top_load,0.9838310770837192,0.0005924700736408342,idle_or_done,idle
213.9,0.0452965876373131,-0.0026632103813265,1.0166062151491329,0.0387132176186654,done,top_load,1.0176183322940704,0.00044981689415957024,idle_or_done,idle
214.0,0.0170740932560256,-0.0296097406703261,1.0129655087398073,0.0612278488812333,done,top_load,1.0135419987842518,0.0004334876422611535,idle_or_done,idle
214.1,0.0317574316120313,0.0400915421229576,1.0002429343404655,0.0746644033102144,done,top_load,1.0015496961760881,0.0004308791148051172,idle_or_done,idle
214.2,0.0143123277279063,0.0438983699021385,0.9542021279990583,0.0269284673663607,done,top_load,0.9553185911950983,0.0006813305211051117,idle_or_done,idle
214.3,0.0293978732909156,0.0079124094702198,0.9609520794666824,0.0397491024464453,done,top_load,0.9614342100263513,0.000835343703132805,idle_or_done,idle
214.4,-0.0386135146970332,0.021263808057157,0.9765705414654527,0.0519506414500262,done,top_load,0.9775649213778475,0.000872828752459111,idle_or_done,idle
214.5,-0.0036523337133274,0.0230234762623329,0.935829858292842,0.0462726799060857,done,top_load,0.9361201545064376,0.0011993398856621643,idle_or_done,idle
214.6,-0.0011694830468258,0.0418731645843675,1.0422409218971684,0.0670806412247037,done,top_load,1.0430823883471363,0.0013697686426371424,idle_or_done,idle
214.7,-0.0073124984080584,0.0218420557629517,1.0110310968753915,0.1187185523196904,done,top_load,1.0112934425190234,0.001092876619640861,washing,washing
214.8,0.0133165989095017,-0.039830648323157,0.9991011685480264,0.0583864141705176,done,top_load,0.9999834785367164,0.001096337456530969,idle_or_done,idle
214.9,0.0190313896348725,0.0602942324691338,0.9342929254219652,0.0352960712367536,done,top_load,0.9364298472144136,0.0012887939912521467,idle_or_done,idle
215.0,0.0117677123121344,0.0319697066844012,0.945283874349388,0.02406983338722,done,top_load,0.9458975337231498,0.001296759252705336,idle_or_done,idle
215.1,-0.0053083164366401,-0.0152857261581829,0.9999297583543912,0.0434949217282878,done,top_load,1.000060674804407,0.0012888137651133281,idle_or_done,idle
215.2,-0.0220719023953537,-0.0308887521707222,1.0591146989645193,0.0311950022794242,done,top_load,1.0597948997087683,0.001883502334641979,idle_or_done,idle
215.3,0.032915582224687,0.0151444029121225,0.9790406741238076,0.0593509958395084,done,top_load,0.9797108910701945,0.0018123961411247007,idle_or_done,idle
215.4,0.010491984498415,-0.0083478011510273,1.0259139404323732,0.0590404327156845,done,top_load,1.0260015500457351,0.0019239896246375297,idle_or_done,idle
215.5,-0.0305584157519822,0.0098998606199687,0.9856029277697512,0.0407366359095008,done,top_load,0.9861262369706382,0.001532668755054458,idle_or_done,idle
215.6,-0.0058106262494887,0.0223022052383479,1.001657177778666,0.0896991002756756,done,top_load,1.0019222791870768,0.0012973953307866294,idle_or_done,idle
215.7,-0.0522989903312208,-0.0169932566399038,1.036440515466788,0.0352910536152021,done,top_load,1.0378983077652435,0.0014661502777953907,idle_or_done,idle
215.8,0.0010611184304232,-0.0334832397805301,0.9896214510950035,0.0476113786420365,done,top_load,0.9901883001661373,0.0014700834155051265,idle_or_done,idle
215.9,-0.0059513982779578,0.0115745540361593,0.979296852758436,0.0627832533177963,done,top_load,0.9793833341777758,0.0010821262257972397,idle_or_done,idle
216.0,-0.0172340085106601,-0.0160016356583092,1.042542116623743,0.0678410978753965,done,top_load,1.0428073303958891,0.0008411124544197411,idle_or_done,idle
216.1,0.0475380056941058,0.0043828735719719,1.001366734633408,0.0755515304308639,done,top_load,1.0025040692169258,0.0008361012272425528,idle_or_done,idle
216.2,-0.0346846235862633,-0.0402997931088679,1.032736152717585,0.0585699295798647,done,top_load,1.0341039877922613,0.0006214378469887442,idle_or_done,idle
216.3,0.02119178855047,-0.0075654817342391,0.9794425331984594,0.0710182540157599,done,top_load,0.9797009769588139,0.0006215003239538621,idle_or_done,idle
216.4,0.0656012448279562,0.0214485567311999,1.0422002262688292,0.0366978365594412,done,top_load,1.044483066183281,0.0007293280399351983,idle_or_done,idle
216.5,0.0323180371115006,0.0181779752294039,1.0082088182360385,0.0683616392070076,done,top_load,1.008890437795448,0.000660824683759809,idle_or_done,idle
216.6,-0.000946163462933,-0.023650739126198,1.0130436287864395,0.068094583003128,done,top_load,1.0133201105826881,0.0006478136649864594,idle_or_done,idle
216.7,-0.0340220591826998,-0.0350479310795415,1.0039488793428752,0.0802577334950707,done,top_load,1.0051364137856127,0.0005762655954202407,idle_or_done,idle
216.8,-0.0408618652975336,0.0004729106925537,0.984835750540105,0.0166312801554291,done,top_load,0.9856832002332234,0.0005981812021735668,idle_or_done,idle
216.9,-0.0123465508487256,0.0168309839105822,0.9999495156851508,0.0318563376879786,done,top_load,1.0001673626229892,0.0005018119171845496,idle_or_done,idle
217.0,-0.0206100220174172,0.0121552542057765,0.986722292860319,0.066462819387346,done,top_load,0.9870123638738729,0.0004271718919347324,idle_or_done,idle
217.1,-0.0215864072687439,-0.0153647953308392,1.0287863818793437,0.0030272895976279,done,top_load,1.0291275282756367,0.0004767768799359426,idle_or_done,idle
217.2,-0.0097894036641373,0.0089347332745981,0.99390828498794,0.059840123475767,done,top_load,0.993996650321547,0.00041177499724185377,idle_or_done,idle
217.3,-0.0030674127865706,0.0450706641382798,0.955104783166183,0.0711960884986273,done,top_load,0.956172537052801,0.0005981130889770119,idle_or_done,idle
217.4,0.0145563584293588,0.0061543406192708,0.9496172879503216,0.0384724950489912,done,top_load,0.9497487862868297,0.0006096143956535587,idle_or_done,idle
217.5,-0.0371338865838728,-0.0489944380745586,0.9481984554303872,0.0413961999977617,done,top_load,0.9501892923915938,0.0007459395448986688,idle_or_done,idle
217.6,-0.0204673138839915,0.0060960101430192,1.0185391227266185,0.0285172530552019,done,top_load,1.0187629836237668,0.0007806698874993595,idle_or_done,idle
217.7,-0.0047901624846744,0.0613187091363782,0.9654548706587966,0.0395690576053719,done,top_load,0.9674120306392592,0.0007759691818625608,idle_or_done,idle
217.8,-0.005864555802698,-0.0386217243934678,1.009002573275157,0.0401486299607648,done,top_load,1.0097584976051335,0.0008438605067123951,idle_or_done,idle
217.9,0.0550927112224026,0.0008917398548706,1.0040972355247424,0.0363431745106895,done,top_load,1.0056079059047984,0.0008636650560969304,idle_or_done,idle
218.0,0.0069673977817157,-0.006790062990964,0.9980587421527068,0.03524643644431,done,top_load,0.9981061578683468,0.0008765479427330366,idle_or_done,idle
218.1,-0.0484076943587827,0.0028764887782519,1.0131521561014711,0.0445799043022321,done,top_load,1.0143120183029897,0.0007627242915960279,idle_or_done,idle
218.2,0.0125454408476029,0.0058275645946131,1.0047491061127158,0.0443379136868775,done,top_load,1.004844323678781,0.0007927878163795101,idle_or_done,idle
218.3,0.0163699116823193,0.0341991595818877,0.9187081077165716,0.0874826379972211,done,top_load,0.9194901542206736,0.0011826480878408955,idle_or_done,idle
218.4,-0.0037538408473421,0.0025434985920243,0.9902912427745452,0.0421162971376598,done,top_load,0.9903016238612092,0.0010400314013381178,idle_or_done,idle
218.5,-0.036401900232276,0.0383177867163614,1.012753094021903,0.0568830043238371,done,top_load,1.0141312442530792,0.000913350628238946,idle_or_done,idle
218.6,0.0527416408594038,-0.0035296697635944,1.04920848432265,0.0384623406704739,done,top_load,1.0505391867150005,0.00118725854030205,idle_or_done,idle
218.7,-0.0320965174074377,-0.0105041032192389,1.050593728497475,0.0382080844831708,done,top_load,1.051136387426652,0.0013293606702692328,idle_or_done,idle
218.8,0.019823166192478,-0.0200754894911581,0.9591054845924424,0.0159125892453475,done,top_load,0.9595203561006447,0.0015378089462444306,idle_or_done,idle
218.9,0.006001515871918,-0.0545126108736045,0.9895082410206169,0.0185726750437781,done,top_load,0.9910268422120226,0.00154348748832787,idle_or_done,idle
219.0,0.0180243164708931,0.0082734423577751,0.95301655558876,0.02586003440694,done,top_load,0.953222891594067,0.0017572529350252362,idle_or_done,idle
219.1,0.0512057377250199,0.0616200086541552,1.0455965522533024,0.0536739366952014,done,top_load,1.0486616247038387,0.0020237817470200093,idle_or_done,idle
219.2,0.016849166164231,0.0137470643185758,1.0303856862444565,0.0715234731056917,done,top_load,1.0306151263179035,0.002127745296153722,idle_or_done,idle
219.3,-0.0167599268113059,0.0206024206248503,1.0105176366058952,0.0142667094620896,done,top_load,1.0108665830731014,0.0013103324457205369,idle_or_done,idle
219.4,0.0331797682538388,-0.0123909397504336,1.0049828458378065,0.0390184639730236,done,top_load,1.0056067585480588,0.0012667527679392065,idle_or_done,idle
219.5,-0.0189329835013235,-0.0073300017382101,1.0414189330104842,0.022662185812993,done,top_load,1.0416168109350188,0.0013581700630215284,idle_or_done,idle
219.6,0.004906740341858,0.0295392446499978,1.0363397558428042,0.044714458117329,done,top_load,1.036772266515457,0.0012661984214762958,idle_or_done,idle
219.7,-0.0387925082404737,0.0602608092086946,1.0347413408996835,0.071515389874143,done,top_load,1.0372202593417412,0.0011673334076994814,idle_or_done,idle
219.8,-0.0309984368201025,0.0446384380739045,1.0137003957934678,0.0410623519678405,done,top_load,1.0151561385672654,0.0008340566030623098,idle_or_done,idle
219.9,0.0015416001130855,0.0241573388918406,0.9895231510145752,0.049049660556006,done,top_load,0.9898191854813978,0.0008411933534304872,idle_or_done,idle
220.0,0.0110426012574261,0.0010545173817152,1.0230137449605268,0.0791045679278462,done,top_load,1.0230738846376641,0.0003398195957825832,idle_or_done,idle
220.1,-0.0510717186807309,0.0062915674280197,1.0244812571576534,0.0591580186101581,done,top_load,1.0257727577475584,0.0002664695728128481,idle_or_done,idle
220.2,0.0149186210400199,-0.0226052195828476,0.9942808759122412,0.0347981628836639,done,top_load,0.9946496978388614,0.0003241844437033539,idle_or_done,idle
220.3,-0.0245828692979489,-0.0434450256390797,0.9894625324349728,0.0531783057167145,done,top_load,0.9907208945047692,0.0003969525110145737,idle_or_done,idle
220.4,0.038390640470135,-0.0338039507327982,1.0339993980867463,0.0334490197719541,done,top_load,1.0352638811455785,0.0004161413172125205,idle_or_done,idle
220.5,-0.0105589328647352,0.0014940010356581,1.0499234832630882,0.05840964025472,done,top_load,1.0499776396712612,0.0004651406158176327,idle_or_done,idle
220.6,-0.0337086680864995,-0.0087597678428003,0.977518126572557,0.0603068030814551,done,top_load,0.9781383826508124,0.0005883452827814608,idle_or_done,idle
220.7,0.0022741367387775,-0.0440832511415905,0.9920986997365608,0.0226568059900309,done,top_load,0.9930802257361154,0.0005552111049437144,idle_or_done,idle
220.8,-0.0274870500323617,-0.001119701371492,1.010527992293641,0.0535029883477154,done,top_load,1.0109023765229064,0.0005517356141814105,idle_or_done,idle
220.9,0.0380683542429937,-0.0095529097339783,1.0145979699324583,0.0476485348400816,done,top_load,1.0153568329755904,0.0005073071120079531,idle_or_done,idle
221.0,1.5906225992991512e-05,-0.0351854656585224,0.9843290092227612,0.0608935479434422,done,top_load,0.984957672006304,0.0005561980866878346,idle_or_done,idle
221.1,-0.0045502986927986,-0.0111053703186021,1.0565056189103212,0.0666269410203826,done,top_load,1.056573782211724,0.0007735245209952878,idle_or_done,idle
221.2,0.0177540305679302,-0.0096285900214903,1.012662857966355,0.0595489920824921,done,top_load,1.0128642452233148,0.000740674000446395,idle_or_done,idle
221.3,-0.0301484231760087,-0.018499114197734,1.0159415022541165,0.0439361329324049,done,top_load,1.016557072007495,0.000680754629162859,idle_or_done,idle
221.4,-0.0386746096598554,0.0278001049432781,1.0527665224453526,0.06866660041728,done,top_load,1.0538434048988876,0.0007974235339640958,idle_or_done,idle
221.5,0.0122505473832491,-0.0570870468627993,0.9865281512426622,0.0325387444737949,done,top_load,0.9882544206958903,0.0007291572732619693,idle_or_done,idle
221.6,-0.0329901212402642,-0.0595739697213291,0.9973470437067316,0.02358956013261,done,top_load,0.9996692110685226,0.0006180314714325896,idle_or_done,idle
221.7,-0.0330003046124837,9.857353347275515e-05,0.9624003331293512,0.013905733691216,done,top_load,0.9629659552802189,0.0008434007845441417,idle_or_done,idle
221.8,0.0251026809366266,0.0028838156817691,0.9948294858323926,0.0485971809652569,done,top_load,0.9951503237524646,0.0008657356009599441,idle_or_done,idle
221.9,0.0157519232995181,0.0121264540805692,0.9553321742819392,0.0335690712101313,done,top_load,0.9555389773287427,0.0011339920190960113,idle_or_done,idle
222.0,-0.0376148862735873,-0.0161692052483728,1.0224354806257951,0.057955089521507,done,top_load,1.0232549217620406,0.0011301957229303769,idle_or_done,idle
222.1,-0.01857408128824,-0.0275377141527699,1.0125999025020995,0.0105754521191126,done,top_load,1.013144552738514,0.0008352302107902089,idle_or_done,idle
222.2,-0.0271119466783896,-0.0002194839808484,0.9916879207888438,0.03705642898201,done,top_load,0.992058485203574,0.0008288620543234873,idle_or_done,idle
222.3,0.0532895789412174,-0.0132473440604398,0.9969872887654646,0.0594053981172897,done,top_load,0.9984983351554974,0.0007952049512836692,idle_or_done,idle
222.4,0.0271803128271182,0.0465321421396708,1.0228439924556698,0.0294032770730203,done,top_load,1.0242625847702047,0.0005171835193099348,idle_or_done,idle
222.5,-0.0126253453801582,-0.0097268174977557,0.965926117393303,0.0581851349722572,done,top_load,0.9660575938250804,0.0006011069010913223,idle_or_done,idle
222.6,0.0172858406803047,-0.0015955545515123,1.0061250360235756,0.0388595480986391,done,top_load,1.00627478066172,0.000615171807647751,idle_or_done,idle
222.7,-0.0406855855779248,0.0742625441879382,1.0209852941937625,0.0493438338044,done,top_load,1.024490709232157,0.000573217989206201,idle_or_done,idle
222.8,-0.0201793845356847,-0.0058428068019206,0.9465317776777828,0.0619031601283371,done,top_load,0.9467648874485298,0.0008581141157849167,idle_or_done,idle
222.9,0.0031458979782565,0.0166847059559727,1.0205481401710603,0.0690559404623062,done,top_load,1.0206893663076622,0.0007107594208104591,idle_or_done,idle
223.0,0.0135669224743773,0.0193892830015905,0.949778126102153,0.0518498482264121,done,top_load,0.9500728890473924,0.0008933341946013002,idle_or_done,idle
223.1,-0.0029237737654033,0.0219420493115464,0.996472165484454,0.0337197941024251,done,top_load,0.9967180035327438,0.0008512778951032266,idle_or_done,idle
223.2,0.0074404053214267,0.0086846179623375,0.9650982668771432,0.040839222752407,done,top_load,0.9651660204077661,0.0009267673593637441,idle_or_done,idle
223.3,0.0023500937985937,0.0058152238323152,1.0429373973787004,0.0627391072617391,done,top_load,1.042956257289892,0.0012093703959203785,idle_or_done,idle
223.4,-0.0049073220606695,0.0030100286951134,0.9652863683754296,0.0295749283303478,done,top_load,0.9653035351918992,0.0011650108751921557,idle_or_done,idle
223.5,-0.0088843677657268,-0.0172798170670131,0.9504943032410386,0.0464386680671958,done,top_load,0.9506928760446948,0.0012650725189846637,idle_or_done,idle
223.6,-0.0127879461803335,0.009765564085178,1.0040005642478895,0.0422823180327705,done,top_load,1.004129489069758,0.0012563023443570324,idle_or_done,idle
223.7,0.0069581252588576,0.0608593751227377,0.9875889105993754,0.0479327643336207,done,top_load,0.9894868040485982,0.0010848567284974184,idle_or_done,idle
223.8,0.0123244676759836,0.0363204572689067,0.954861843140082,0.0298143494150124,done,top_load,0.9556318368517206,0.0010209299677945104,idle_or_done,idle
223.9,0.005950775019565,0.0091175406667391,1.0157744559746456,0.0129611129557577,done,top_load,1.0158328044918268,0.000983783523308074,idle_or_done,idle
224.0,-0.0353579115000317,0.0256748939431797,0.9402550281265096,0.0604148523191928,done,top_load,0.9412698337893449,0.001057117937389048,idle_or_done,idle
224.1,-0.0299678355342956,-0.0260752772619195,0.9689127708225064,0.0692826284697729,done,top_load,0.9697267391971015,0.00104600240384821,idle_or_done,idle
224.2,0.011966454178442,-0.0078153646259915,0.9827434518873764,0.0141565008500368,done,top_load,0.9828473778656369,0.001018902822330079,idle_or_done,idle
224.3,0.0441501990201263,0.0284354953255216,1.0240666717646545,0.0573785232185243,done,top_load,1.0254122905870893,0.0008112067522755732,idle_or_done,idle
224.4,0.0045724638467626,0.0446150158037457,1.0388640510103946,0.0716636582969035,done,top_load,1.0398316803899206,0.0011226986557903097,idle_or_done,idle
224.5,-0.0123500523743098,-0.0231259851628613,1.0330834674198273,0.0619182209352464,done,top_load,1.033416075760182,0.001130642705896684,idle_or_done,idle
224.6,0.0067302136632832,-0.0145076492826947,0.9954017862861332,0.0416665964264786,done,top_load,0.995530252581652,0.0011220409098076458,idle_or_done,idle
224.7,-0.0341046426754028,0.065441273816356,0.9271807526561452,0.0311300726049848,done,top_load,0.9301128077103014,0.0015459720862453965,idle_or_done,idle
224.8,0.0392682946960939,0.0028878374930691,1.0117255906365568,0.0516195615869997,done,top_load,1.0124914860494458,0.0014481420155125083,idle_or_done,idle
224.9,0.0055978243352408,0.0547008591810113,1.0441172121767384,0.0549557011769376,done,top_load,1.0455640929164283,0.0016765096899444573,idle_or_done,idle
225.0,-0.0200837163963164,0.0062057195182737,1.037013712234407,0.0519161502231179,done,top_load,1.03722673798028,0.0013956795911156822,idle_or_done,idle
225.1,-0.0050038639827862,0.007385408469763,1.0138884702923117,0.0463973073976486,done,top_load,1.013927715917021,0.001222816688673056,idle_or_done,idle
225.2,-0.0158110869619084,-0.0091647266297969,0.9643149170698464,0.0283469655175448,done,top_load,0.964488072486405,0.0013739764438027023,idle_or_done,idle
225.3,0.039350099304505,0.0282766542453068,0.9842407898911476,0.058453765826177,done,top_load,0.9854328652811074,0.001395108431168787,idle_or_done,idle
225.4,-0.0060672026834117,0.0407333265091199,1.0580144319623703,0.0594170898882704,done,top_load,1.0588156369630914,0.001574706287919296,idle_or_done,idle
225.5,0.0046609723834677,-0.031050066904226,0.957498113960076,0.0540164425092334,done,top_load,0.9580127710815859,0.001712375726521488,idle_or_done,idle
225.6,0.0172117936995387,-0.0105735165666131,0.9655647631554884,0.0522198729014251,done,top_load,0.965776038707968,0.0018315207734727762,idle_or_done,idle
225.7,-0.0222229981129362,0.0274523557312266,1.0282765465349586,0.0835849897549221,done,top_load,1.0288829620681752,0.0013349166115944622,idle_or_done,idle
225.8,0.0058112839840547,-0.0038864591335298,0.9870652226558342,0.037512424308532,done,top_load,0.9870899803780563,0.0013687910968285522,idle_or_done,idle
225.9,0.0082330670818262,-0.0148015640559963,0.9645473463338612,0.0756287019491331,done,top_load,0.9646960417726255,0.0012851954108204857,idle_or_done,idle
226.0,-0.0466223646306186,0.030286264616082,1.0458391353616905,0.0353195106155632,done,top_load,1.0473158070812423,0.0013868303092599255,idle_or_done,idle
226.1,0.0075808946633282,0.0331035961413753,1.0138316793443545,0.0721790114591285,done,top_load,1.0144003115553453,0.001388583806563958,idle_or_done,idle
226.2,-0.0013728619482941,-0.0134892627201641,0.9885459650686846,0.0746673510016108,done,top_load,0.9886389482577751,0.0012697878911658647,idle_or_done,idle
226.3,0.0038989887634799,0.0063709958396383,0.9656267549230144,0.0441389759319623,done,top_load,0.9656556433452443,0.0013725108737757557,idle_or_done,idle
226.4,0.0010688914047169,-0.0362542438771269,1.0614221969157982,0.0832192610812166,done,top_load,1.0620417095545243,0.0014172019839409316,idle_or_done,idle
226.5,0.0077750961885024,-0.0268644273143609,0.9992664454376018,0.0593807177349217,done,top_load,0.9996577307024483,0.0012182499592560405,idle_or_done,idle
226.6,0.0401202967702847,0.0037249569640013,1.041919841874085,0.0324545511771886,done,top_load,1.0426986479363236,0.001183646674234084,idle_or_done,idle
226.7,-0.0353852223625532,0.0009422036273953,1.026809006338283,0.0425168681122158,done,top_load,1.0274189686815867,0.0011777528363600001,idle_or_done,idle
226.8,-0.0102645700650126,-0.029006282751919,0.984372953150103,0.072655246122133,done,top_load,0.9848537133661824,0.0011896188262835855,idle_or_done,idle
226.9,0.019998558868885,-0.0214792177417672,0.9846117665503066,0.068461294037533,done,top_load,0.9850490495305022,0.0010273245893690117,idle_or_done,idle
227.0,0.0144277760318373,-0.0319513310986667,1.0433894469380176,0.0288391919724141,done,top_load,1.04397824989883,0.0010020771905718624,idle_or_done,idle
227.1,0.0137821666002625,0.0136517957073963,1.0438755199785994,0.04721485375619,done,top_load,1.044055755624586,0.0011095351031207438,idle_or_done,idle
227.2,0.0826073164702001,-0.059029175900757,0.943692520716378,0.0540704596555302,done,top_load,0.9491385494215067,0.0014917328243738484,idle_or_done,idle
227.3,0.0184240657235011,-0.0303473168868058,1.0164934078294658,0.0398479082184878,done,top_load,1.0171131962573157,0.0012442418957837398,idle_or_done,idle
227.4,0.0339281338876507,-0.0558882464349696,0.9963635558582914,0.0971559944674943,done,top_load,0.9985063594195346,0.0009922148825642827,idle_or_done,idle
227.5,-0.0092121617655752,0.0125706181157394,0.9690003051118448,0.0546732748681065,done,top_load,0.9691256242980345,0.0011504983380024494,idle_or_done,idle
227.6,-0.0297873712169184,-0.054082006501641,1.007852382841516,0.048763756181939,done,top_load,1.0097418365654558,0.0009917616994825865,idle_or_done,idle
227.7,-0.009429522877009,0.0009518759560662,0.959512096270408,0.0738170208851618,done,top_load,0.9595589011930203,0.0010824859649891743,idle_or_done,idle
227.8,0.0213588051403021,0.0491857204724227,0.986006339360617,0.0426957293032233,done,top_load,0.9874633840881073,0.0010766379490164814,idle_or_done,idle
227.9,0.0122048356448752,0.050203019438127,0.976045788016901,0.0701485522123464,done,top_load,0.9774122372261136,0.0011016877228785553,idle_or_done,idle
228.0,0.0120975411179663,-0.0541772270753646,0.98500626207532,0.0166453520883403,done,top_load,0.986569236679449,0.0008141988908395034,idle_or_done,idle
228.1,-0.0064303316039138,0.0089522880489286,0.9978556451901404,0.0409269190750886,done,top_load,0.9979165201877753,0.0004714910905630496,idle_or_done,idle
228.2,-0.0112140785643892,-0.0296691388914136,0.9695330001428354,0.0709814083675449,done,top_load,0.9700516747712843,0.0003473827118777184,idle_or_done,idle
228.3,-0.0053957173287983,-0.0357940810713077,1.047195370866199,0.0814039544117934,done,top_load,1.0478208218816936,0.0006448081122120678,idle_or_done,idle
228.4,0.0217342635049563,-0.0034040986317022,1.0147984970018238,0.0345340857398801,done,top_load,1.0150369232765664,0.0007018512438969203,idle_or_done,idle
228.5,0.0252218228451125,0.0368487347079937,1.0538368908514617,0.032203567275627,done,top_load,1.0547825188713955,0.0009988239037071961,idle_or_done,idle
228.6,-0.0301872494901368,0.0179897662266107,0.9951976009276594,0.0613489286074091,done,top_load,0.9958178380672023,0.000990034358716113,idle_or_done,idle
228.7,0.0228702767829434,-0.0214542278544864,0.9835363011310868,0.0375393221016457,done,top_load,0.9840360710337709,0.0008340909732481379,idle_or_done,idle
228.8,-0.0195216369226868,0.0211510199223,1.0527524684347909,0.0446284416448921,done,top_load,1.053145868219327,0.0010578460817274127,idle_or_done,idle
228.9,0.0140676495552316,-0.0673112499564503,0.9826582078037804,0.0675281004947431,done,top_load,0.9850613465662158,0.0010112636269669487,idle_or_done,idle
229.0,-0.0057589722738746,-0.0225883739529972,0.9946512393403264,0.0391179563677197,done,top_load,0.9949243631154777,0.0009765530184415135,idle_or_done,idle
229.1,0.0469736564771695,-0.0247167463410375,1.0216014223149197,0.0106914849692862,done,top_load,1.0229794269819845,0.0009728516929778329,idle_or_done,idle
229.2,-0.0125422388694343,0.0023496207521679,0.9628682257510816,0.0239783112878823,done,top_load,0.9629527759109336,0.001044642880806676,idle_or_done,idle
229.3,0.0053583552268434,-0.0060848389097999,1.0213388405438095,0.0501991117144056,done,top_load,1.0213710219301644,0.0009020336912471793,idle_or_done,idle
229.4,0.0181977947267828,-0.0042441328085965,1.017500411984938,0.0127315370305423,done,top_load,1.017671980937735,0.000906256742298117,idle_or_done,idle
229.5,-0.0262187655036864,-0.0052415859031841,1.038079759541135,0.0440567916540535,done,top_load,1.0384240391363726,0.0007675845215592957,idle_or_done,idle
229.6,-0.0021857116628083,0.0006722172296726,1.0267013350903045,0.0221580696751201,done,top_load,1.0267038816950536,0.0007818475901887113,idle_or_done,idle
229.7,-0.0079975465386941,0.0162039290087467,1.038999350586327,0.0827987801373119,done,top_load,1.0391564745430635,0.0007587359119596392,idle_or_done,idle
229.8,-0.0154144045021791,0.0044799307830714,0.9966873429847476,0.0933028518953134,done,top_load,0.9968165996370515,0.0006140500616318599,idle_or_done,idle
229.9,-0.0131916900444971,-0.0085305544981367,0.9741198904387882,0.0288360579531586,done,top_load,0.9742465560599907,0.0006871376180137918,idle_or_done,idle
