t,accel_x,accel_y,accel_z,current,true_state,machine_type
0.0,0.009141512392632941,0.010127236463968006,0.9946116575850562,0.06030820805801622,idle,top_load
0.1,-0.031199523187214865,0.0422244558394115,1.0059032828997088,0.038449222252886994,idle,top_load
0.2,0.022513535874193715,0.0027175472070523664,1.0246158542625226,0.07548894433882479,idle,top_load
0.3,0.028216941491736414,0.019318163798305737,0.9881877648332629,0.03744824927126161,idle,top_load
0.4,-0.05853105565961509,-0.061505163030930676,1.0156350176719633,0.03726769433795529,idle,top_load
0.5,-0.039065385205869545,-0.0014615520579035384,0.9920248362425387,0.06082263221609063,idle,top_load
0.6,0.003835212095018561,-0.025296908108786133,0.9964737349801561,0.06525852964673873,idle,top_load
0.7,-0.009487277770307466,-0.03656439181270884,1.024885571260722,0.05896198727872408,idle,top_load
0.8,-0.0005040347251286638,-0.02634457100786252,0.9402081888683753,0.01628805365230384,idle,top_load
0.9,-0.025591317827207402,-0.010023703221024362,0.9611058301577572,0.06076068879856503,idle,top_load
1.0,0.026381939245884854,0.02747707627068039,0.9555344380767153,0.02931383896651202,idle,top_load
1.1,0.02333375806286845,-0.03979178153218692,0.9299915164045509,0.05470552223176527,idle,top_load
1.2,0.0019809209268364814,0.0009189447778325233,0.9796520667953447,0.0215253112920188,idle,top_load
1.3,0.033817236209040986,-0.014525083000007355,1.0224830169918322,0.058926442950861274,idle,top_load
1.4,0.014025280267561368,-0.009830192830858826,0.9914534780085228,0.03386802191385255,idle,top_load
1.5,-0.025778773886497148,0.030082734759138124,1.0059337024582555,0.02434730699478957,idle,top_load
1.6,0.011062523522474966,0.01614346311011778,1.0326765249013237,0.06427640272964799,idle,top_load
1.7,-0.028766478024869965,0.04012194322328231,1.0398305839680309,0.05483289043353503,idle,top_load
1.8,0.026353509039218175,-0.004635170377497014,0.9979258619582159,0.03772046397214206,idle,top_load
1.9,-0.0014977773295875869,-0.020878278350121092,1.040607576687082,0.07902357698042128,idle,top_load
2.0,-0.0055458709063578165,-0.006715764506414985,1.0027637997530232,0.041186951568605155,idle,top_load
2.1,-0.020427886332118242,0.007274903738136647,0.9748780532851762,0.050642153479418694,idle,top_load
2.2,0.036676240160220905,0.005297200753611331,0.9821679894340379,0.05537826895357202,idle,top_load
2.3,-0.004635884462064065,-0.032531642167000996,0.9555839046230495,0.03760668131742773,idle,top_load
2.4,-0.012849834664893216,0.0027146934488362262,0.9733559843879904,0.05942272586799859,idle,top_load
2.5,-0.010564006514646887,0.006846849904167154,0.9892594993577671,0.03933095305670552,idle,top_load
2.6,0.015969275566600463,0.07552422112601762,1.024107550581358,0.04176723355567582,idle,top_load
2.7,0.01096332193092235,0.056305338338450105,1.0516230949349794,0.07725285279606682,idle,top_load
2.8,0.012381978347879652,-0.0255973005167646,0.9585345545386887,0.02918827894975134,idle,top_load
2.9,0.012924630090236481,-0.008621500846475283,1.0117848240477976,0.001744393381410199,idle,top_load
3.0,0.06424942802611383,-0.04390326005511009,0.968783681825274,0.0822187399002379,idle,top_load
3.1,-0.012192450491538467,-0.017721210418904593,1.014240912653896,0.10098655905214006,idle,top_load
3.2,-0.01536728187214612,0.009468150107710214,0.9960674004793681,0.04189461469101337,idle,top_load
3.3,-0.024413181847436332,0.036175608626647,0.9450728252245741,0.011263239187596294,idle,top_load
3.4,0.018479382677264868,-0.021872515132308253,1.0278489097470545,0.04379032047608113,idle,top_load
3.5,0.03386916878162675,-0.019624393202033897,0.9818499786157381,0.04427554100318662,idle,top_load
3.6,-0.003418423729646252,-0.06441867089215965,0.9839829928487933,0.046201523179554865,idle,top_load
3.7,-0.02520469430887584,-0.00487997761634723,0.9679074276613093,0.027732239161563036,idle,top_load
3.8,-0.024734436470737187,-0.03187243235578689,0.9803715016993734,0.06159122284952955,idle,top_load
3.9,0.01951778363474103,-0.015883182820982212,1.0128367132208476,0.06049014750572172,idle,top_load
4.0,0.02229762513610327,-0.026305823345027644,0.9943226697719079,0.020111887603613873,idle,top_load
4.1,0.016294628049155848,-0.0028278766275767094,1.0098598600684745,0.06398393463389776,idle,top_load
4.2,-0.01996529121866083,-0.052731851740698936,1.0108576556178652,0.09105369963891782,idle,top_load
4.3,0.006964839692001593,-0.04401135736172972,1.039619849665845,0.0534392066487412,idle,top_load
4.4,0.0035005742742218464,0.06387741336084894,0.9897164154740686,0.043253496758629884,idle,top_load
4.5,0.006560657901870388,-0.038622677438220926,0.9556942654946281,0.04715993571184958,idle,top_load
4.6,0.026142863338445694,-0.03290356735363919,1.0320166724971596,0.06230513533937123,idle,top_load
4.7,0.0067078664632404675,0.05510740584963942,0.9900553548370824,0.015386567889855637,idle,top_load
4.8,0.020367406892156846,0.08715201507721221,1.0334377733373212,0.053287814059546044,idle,top_load
4.9,0.0020273720846667436,-0.03514699886476025,1.0115013133954742,0.0421907210107438,idle,top_load
5.0,0.008673581960699525,-0.011047468703640916,0.9960658740938997,0.08695650025912091,idle,top_load
5.1,0.01893864677515621,0.010246666528215286,1.0104632768213888,0.04651654532390084,idle,top_load
5.2,-0.043714674595669994,0.05186092933216777,1.058530376803789,0.08335775222239039,idle,top_load
5.3,-0.00959013649071904,-0.029605712352847122,1.0623094158716127,0.027925186044359857,idle,top_load
5.4,-0.014111179628783865,-0.007358335378263292,1.0020814340539834,0.061745183336055845,idle,top_load
5.5,-0.019166335447300255,0.02332012728185232,1.0048057177995122,0.056388005275824576,idle,top_load
5.6,-0.008254267536800511,0.013042982233998558,1.0322872047239915,0.032619055042704355,idle,top_load
5.7,0.04484823933703187,-0.011284682136902978,0.9746301690169796,0.05354792229273881,idle,top_load
5.8,-0.025974933470797296,-0.004014688935481234,1.0099921111785477,0.07425037673663201,idle,top_load
5.9,0.029048350637744424,-0.04124687425109946,0.9992241145613843,0.04352416591426799,idle,top_load
6.0,-0.05048609314847414,-0.007145212319239956,1.0094172463437265,0.016160747016604735,idle,top_load
6.1,-0.010046550899573245,-0.007991624700268653,0.9749989358215179,0.04964874347045108,idle,top_load
6.2,0.004882591953150168,0.006965096688787678,0.9523129752007309,0.031951538104149746,idle,top_load
6.3,0.017586669940778343,-0.01665981656457048,0.9378104969202612,0.043153181226722355,idle,top_load
6.4,0.021336797393785648,0.01414615567635417,0.9664784766103117,0.048368244606297586,idle,top_load
6.5,0.023800417055997756,0.030381474534594857,0.98623974145182,0.01588695567968966,idle,top_load
6.6,-0.010461752167453127,0.004662879830053981,0.9912042524005371,0.01768683321358644,idle,top_load
6.7,-0.013870553779937015,0.010552692251976104,1.0581169348728856,0.05964133671051051,idle,top_load
6.8,0.025739276437714613,0.0015946604273360209,1.0331798010972189,0.039545626076606395,idle,top_load
6.9,-0.005739129746448446,2.5317927424254128e-06,0.9711372665097512,0.001294886836411338,idle,top_load
7.0,-0.03827058970013766,-0.02164674100628542,1.0104312535735287,0.0656968807321627,idle,top_load
7.1,-0.03399861642010442,0.00949482785019924,0.9877876529094902,0.0554473951054848,idle,top_load
7.2,-0.02758356858004834,-0.002918597952404684,0.9914690848587971,0.035722503519270324,idle,top_load
7.3,0.01491482232161292,0.06279504926791785,1.0055597694824614,0.023663395778835174,idle,top_load
7.4,0.0042727720821169575,0.04720064707425727,1.0185751335092619,0.06671615792628674,idle,top_load
7.5,0.020714560622033047,0.011575396576695023,0.9898222454834795,0.056987012451208595,idle,top_load
7.6,-0.012817579390096027,-0.022891716290843026,1.0319155459820308,0.09765204565368146,idle,top_load
7.7,0.0047561907323014265,-0.033372344159502534,0.9657418532157279,0.05840377197449875,idle,top_load
7.8,0.0187677118190201,0.035734288592665954,1.0001901718708681,0.0577540628252403,idle,top_load
7.9,-0.009280396191607152,0.007882476754414156,1.077930211797875,0.0466614413978287,idle,top_load
8.0,0.013703257126722343,0.014404302101748324,1.0066923922787583,0.06633551734401583,idle,top_load
8.1,-0.019857778231999537,-0.052337579609225776,1.042996435198185,0.06250170402496308,idle,top_load
8.2,-0.010891615396952154,0.02782315444674542,1.0027456053451962,0.0750345001713039,idle,top_load
8.3,-0.011452136819949872,0.013632610146430888,1.017423312859894,0.03957354162725431,idle,top_load
8.4,-0.03587518936767119,-0.03331292053243434,0.9982965041682192,0.04129185054112076,idle,top_load
8.5,0.014609174423567454,-0.014145744223498468,0.9948877725650739,0.0404179365817604,idle,top_load
8.6,-0.014082070206081716,0.007911516130695587,0.9766155280982374,0.06581603442357978,idle,top_load
8.7,0.00037482356183062286,0.0015740039506873086,1.0129090407687267,0.07996748880593464,idle,top_load
8.8,0.014422399767177269,-0.00876513557410665,0.9744538843244269,0.04082319013701399,idle,top_load
8.9,0.013395935280898321,-0.0031046480419788256,1.019967557089403,0.04150452544413818,idle,top_load
9.0,0.019961553269183585,-0.007559321346206561,1.0325586101333772,0.05628154447739599,idle,top_load
9.1,-0.002954564535282708,0.004576875363074057,1.0109959422171169,0.04508476999974197,idle,top_load
9.2,-0.012698949361324612,0.044144759189794706,0.9914125379933293,0.0690410730627978,idle,top_load
9.3,-0.0023915463271919715,-0.07699975322793892,1.0136189673792608,0.004964454187619066,idle,top_load
9.4,-0.05062003301874089,-0.007105507935290527,0.9907398083336076,0.03346589906166211,idle,top_load
9.5,-0.043413374172692615,0.005295372641173409,1.0280664137639546,0.03435167332077109,idle,top_load
9.6,-0.03968098837063207,0.008879819690612984,0.9450578174735463,0.003592879752277102,idle,top_load
9.7,-0.02991740482804445,-0.011157437439638694,0.9899317789564406,0.03072723111262392,idle,top_load
9.8,0.011993226801703097,-0.05270165347435748,0.9402756401462801,0.03169687768308148,idle,top_load
9.9,-0.027164371660801823,0.00983986451142329,0.9551481750931838,0.045977906909623396,idle,top_load
10.0,-0.01134487662118169,0.05182050642492555,1.0409158668944172,0.07225931783320527,idle,top_load
10.1,0.03897684893358196,-0.04601584214748413,1.0268555494591505,0.04509878697618595,idle,top_load
10.2,-0.010687919131842777,0.025914840410945647,0.9784155930014563,0.029383725594576925,idle,top_load
10.3,0.022125467054012596,-0.009855756693686817,0.9549248963187731,0.048860909175729425,idle,top_load
10.4,-0.02800853040029631,-0.0018397303748654188,0.9110641348647505,0.070983472428827,idle,top_load
10.5,-0.0061631267360289,-0.03158695532111847,0.983695134762021,0.030480823677701906,idle,top_load
10.6,-0.028500661647317436,-0.0100336851706763,1.0726124503674221,0.03178850232157103,idle,top_load
10.7,-0.010170992277016873,0.03900133784096876,1.0130465281439094,0.061170979185484475,idle,top_load
10.8,0.025209244123721865,0.01747965725963121,0.9832128314185153,0.04556927768538399,idle,top_load
10.9,-0.051819612695770456,0.05196934816229832,1.0139524062850092,0.0629496938141895,idle,top_load
11.0,0.01303270930637572,0.035322356669330805,0.9531712494101667,0.049727064164094066,idle,top_load
11.1,0.007132068069968337,0.013172600367887286,0.9910802991190709,0.06403327296179134,idle,top_load
11.2,-0.01782449867090383,0.05231803578503376,1.0029843241904721,0.029298437719187186,idle,top_load
11.3,-0.04338173563165364,0.013169794762148962,0.9974169804453685,0.049758306984234654,idle,top_load
11.4,0.0021638852314160855,0.024839645303911768,1.0237241836507025,0.04578619971273687,idle,top_load
11.5,-0.01588478127191407,-0.00889712860604125,1.0103393567870815,0.025682181517917388,idle,top_load
11.6,0.006980286340641118,0.0019963744757761446,1.0200497805432398,0.018730441042626236,idle,top_load
11.7,0.0006555643657032863,-0.020922714699008305,0.9793488315330772,0.06371498070549324,idle,top_load
11.8,0.048053366739627464,0.02968751803784559,1.0269344622523164,0.042980952355640444,idle,top_load
11.9,-0.007180668824190728,-0.035349108693445964,1.0488681084287197,0.029554394367053413,idle,top_load
12.0,-0.030704924778655947,0.02347051027252984,0.9708955144104576,0.04807642126153336,idle,top_load
12.1,0.0053782690486894845,-0.005719531725154783,0.9733691303285632,0.07256037714698606,idle,top_load
12.2,0.006599900519152955,0.03513741280401958,1.040073530089607,0.004385243092561546,idle,top_load
12.3,0.04077562725721309,0.022526069661937796,0.9942596803991481,0.020067226201933474,idle,top_load
12.4,0.025053337377437354,0.054619384729404044,1.0421146417619966,0.031542271162094654,idle,top_load
12.5,0.01070613177448528,0.021923240734159345,0.9867239286432344,0.07922357733440658,idle,top_load
12.6,0.04389908673658685,-0.04716120766959722,1.0436513672881214,0.055651739658385935,idle,top_load
12.7,-0.03566289162968553,-0.0020085951869460252,1.0039445745041635,0.06534634480922454,idle,top_load
12.8,-0.01919254598249243,-0.03516021577784448,1.0077468646996808,0.027196781617475393,idle,top_load
12.9,-0.027797278242165747,-0.01554839527098824,1.046941540650097,0.02760928249458948,idle,top_load
13.0,-0.011694294094673038,0.04533685299830165,0.9891468856766749,0.05895627433445421,idle,top_load
13.1,-0.04130058442668926,0.01912601432693088,0.9717663371222512,0.051165486618708934,idle,top_load
13.2,0.019054528404432128,-0.020967912857362388,0.9865430737591494,0.06097477637728253,idle,top_load
13.3,-0.006666680912963201,-0.030411520993211965,1.0135700185192942,0.04624658018143096,idle,top_load
13.4,-0.044124188835079736,0.0009834627862878237,0.9530272278345846,0.055562874529092546,idle,top_load
13.5,-0.030467372436226246,-0.03649680448143383,1.0191241270795337,0.05316238169810219,idle,top_load
13.6,0.009405415423505857,-0.020134208321897433,0.9838368604714677,0.06555534778169851,idle,top_load
13.7,0.025143797036831433,0.009360284146537315,1.0344343798220068,0.06614016563888941,idle,top_load
13.8,0.05990192675075359,0.03465936108320088,0.9281721908529859,0.017602560112164607,idle,top_load
13.9,0.08741587398021988,0.018262844166733194,0.976403026746875,0.005054628893182887,idle,top_load
14.0,0.01243228299827989,-0.068738685257943,0.9494059554629769,0.07003490795303015,idle,top_load
14.1,-0.029686143600955922,0.009131001870907793,0.9752131160090814,0.07375450186523874,idle,top_load
14.2,-0.06396138842193927,0.0021610071969773376,1.0074299770332682,0.029587539609733253,idle,top_load
14.3,0.008031343870315073,0.012416708561180791,0.9946232012365074,0.012803291869087428,idle,top_load
14.4,-0.02438823285930978,0.048486290449536215,0.9923986729315596,0.051980696420144024,idle,top_load
14.5,-0.01246071780539056,-0.06189714830414228,0.9952244538585981,0.0686167645270106,idle,top_load
14.6,-0.018362903971794242,-0.017733102755733168,1.0061016472185984,0.08595189044868629,idle,top_load
14.7,-0.004223726592491558,0.01772718968380064,0.9697439187417067,0.06032595144202903,idle,top_load
14.8,0.03197940692362931,-0.047447831983618266,1.0212054892269715,0.0425656660682861,idle,top_load
14.9,0.0047114570233603385,0.044278471441605266,1.0198799791115645,0.03213738756830275,idle,top_load
15.0,-0.004759045111160649,0.011050698381019752,1.0115511381296831,0.05022902583341309,idle,top_load
15.1,-0.031069612584774347,0.02539751957530212,1.0166960032825378,0.044014705922294874,idle,top_load
15.2,-0.05024048834113071,-0.017128309845653836,1.0088925400242599,0.02969864188542368,idle,top_load
15.3,-0.014589237272199925,0.024412910698986313,1.061052199081932,0.09097511301726574,idle,top_load
15.4,-0.0016134765245496147,0.03205414667967115,0.9973871748684247,0.08570336804144263,idle,top_load
15.5,0.053037897407396485,0.00698634060411505,0.9907875034499627,0.07272097367110858,idle,top_load
15.6,0.003908235644186575,0.007032026780960878,0.9773941725892786,0.031582992043817454,idle,top_load
15.7,0.029482185330691725,0.008110297178451777,0.9690321198826649,0.06710038648594557,idle,top_load
15.8,-0.014978867956174561,-0.02590035794218145,0.9626658463719677,0.06279252818995804,idle,top_load
15.9,-0.03554831299251074,-0.0044258604072105875,0.9733360806030724,0.05885091248408106,idle,top_load
16.0,-0.028953502866971154,-0.004575675973570764,0.9978795885504379,0.07499330534087555,idle,top_load
16.1,-0.021756781936072597,0.011501815930604852,1.0100288538549314,0.06270742285722555,idle,top_load
16.2,0.06385409197305493,0.029994727407308838,1.0015342617565648,0.06480028472608672,idle,top_load
16.3,-0.024641600376731583,-0.031756082459352276,0.9770339416771087,0.0627381256674442,idle,top_load
16.4,0.025154676112090348,-0.003750270909587329,1.0270055369205988,0.05681582816004212,idle,top_load
16.5,-0.02708781534261079,0.0444436664297692,1.0221823801690284,0.014327777405716335,idle,top_load
16.6,0.02794719038622732,-0.022307646864376925,0.9952105507773394,0.051672421548211146,idle,top_load
16.7,0.011548528983175894,-0.02466750051870961,0.9804125156600586,0.038876160823017494,idle,top_load
16.8,-0.004699136929742712,0.006069185754935807,1.016452837624894,0.024403180847199592,idle,top_load
16.9,-0.0012228757840630207,0.0253315557145596,1.005639207624583,0.08363633238601648,idle,top_load
17.0,-0.019643630862881713,0.0003427816668197799,0.9565561822175486,0.08457990681771407,idle,top_load
17.1,0.013382166044462416,0.039868817713109676,0.9979605923204679,0.07718441200591225,idle,top_load
17.2,-0.0136495044102234,0.025703819476995803,1.0078610743622314,0.0551042683371175,idle,top_load
17.3,-0.03676817291301744,0.025254602006701855,0.9730091564053673,0.07701250241905314,idle,top_load
17.4,-0.03833812722958858,0.016623495039722797,1.0056953017851233,0.050241063612036514,idle,top_load
17.5,0.005177637531663584,0.06982959301038255,0.9563553254422663,0.05405594553795559,idle,top_load
17.6,0.047372737692313045,-0.0061548506659813255,1.040085583000365,0.028130572590760343,idle,top_load
17.7,0.0047997484072031475,-0.06010566876199541,1.037438499551783,0.057939826089976804,idle,top_load
17.8,-0.003559149783296477,0.048127630845514226,0.9924244799709111,0.051207718568488346,idle,top_load
17.9,0.008574784188076286,-0.013730982928704769,1.0109036301351721,0.023946957663310713,idle,top_load
18.0,0.039180052251204744,0.0032364133302909912,0.9277023410260038,0.04897605776366806,idle,top_load
18.1,0.00658147504091569,0.03928652054581581,0.96530957019204,0.048405408722863835,idle,top_load
18.2,-0.012327816925012114,-0.04806778623176776,0.9911866323954361,0.0859512233328928,idle,top_load
18.3,0.033188661301796665,-0.037549416423184184,0.9678360093571943,0.06788426657026819,idle,top_load
18.4,0.012862693153848404,-0.04803833811356561,1.0214318944789198,0.050228908781829326,idle,top_load
18.5,0.04607267975987976,-0.023824088700762715,1.05991889592244,0.05497574619602166,idle,top_load
18.6,0.005497033116657184,0.013189098180509807,0.9647015584171209,0.05088424756208396,idle,top_load
18.7,-0.03673407095161501,0.01572563528438313,0.9748760978774442,0.04594172030408905,idle,top_load
18.8,-0.04104477597736995,0.008288225379856613,1.007063451049298,0.028351456052234266,idle,top_load
18.9,0.04952783796693749,-0.04238297651677099,1.0483334844549885,0.04697896244786142,idle,top_load
19.0,0.05170997162349891,-0.06930310309897932,0.963328770623803,0.035078034866949735,idle,top_load
19.1,-0.005385576398478019,0.0016306075617114678,1.0074710836692082,0.024993689221537073,idle,top_load
19.2,-0.011495619634079631,-0.014153281009150072,1.0546389655243933,0.0602244362909507,idle,top_load
19.3,0.043843328767266064,0.013781573151498352,0.950447225554622,0.0578252931986647,idle,top_load
19.4,-0.03321137046130464,0.0210586087866381,0.9615679237946251,0.014265849772638443,idle,top_load
19.5,-0.026841810568674792,0.0041472429617604575,0.9872918018061748,0.04754630725009746,idle,top_load
19.6,0.019299803840671332,0.02280399256127561,0.9843823476143376,0.06991402771799847,idle,top_load
19.7,-0.011838153685787688,0.006876341223452052,1.0243780386326093,0.07118447477792642,idle,top_load
19.8,-0.00015365600160213887,0.015901941168043998,1.0072497915946252,0.07051673685770478,idle,top_load
19.9,-0.004903286955735377,-0.02114019788609647,0.9467511382107362,0.050778264138029196,idle,top_load
20.0,-0.025351359839074532,0.13644147060439474,0.9827899092742475,1.7927274149294017,washing,top_load
20.1,0.03975208629451548,0.120833747314468,1.0349048744291942,1.73016198306171,washing,top_load
20.2,0.13698733596781298,0.1273866713552204,0.9908139376308536,1.6971589511462608,washing,top_load
20.3,0.16108241029519563,0.08146473369109392,1.033134850756167,2.0320634229197414,washing,top_load
20.4,0.17434399121805488,-0.017748171649077264,1.012868961733816,1.78765114827109,washing,top_load
20.5,0.12116717735413349,0.005573150449053498,0.989714660412705,1.9905064400890389,washing,top_load
20.6,0.014833125338710517,-0.07999176732775092,1.014390715917926,1.7200121725975956,washing,top_load
20.7,-0.09254485926852771,-0.15009727809152507,1.009613485415381,1.8367164425697986,washing,top_load
20.8,-0.12515018432669534,-0.10640122231859542,1.0306264846300741,1.79167859756155,washing,top_load
20.9,-0.14082615176498758,-0.13118236124461036,0.9835496338640495,1.5453566535722816,washing,top_load
21.0,-0.14872097480595517,-0.17740273264167516,1.0012361820034485,2.014250745939587,washing,top_load
21.1,-0.12001888913163292,-0.05857568660589557,0.9981545296118609,1.7797269589451377,washing,top_load
21.2,-0.02971693862563133,-0.05084166877381421,1.0211244442491936,1.9119627329449442,washing,top_load
21.3,0.022184750832409915,-0.02097442707144716,0.9692446241666748,1.6871956916307662,washing,top_load
21.4,0.08384008337754197,0.07950763065696143,1.0305093114471358,1.7752733427630354,washing,top_load
21.5,0.1520020624733762,0.0851529527617386,1.0139898631651125,1.669972146011497,washing,top_load
21.6,0.13528331020542714,0.1182560675440543,0.9604922477910116,1.985399772414509,washing,top_load
21.7,0.122900118085719,0.1234206782313367,1.036247884764415,1.8467114021176014,washing,top_load
21.8,0.06341480358826537,0.167266056670115,1.067022792423932,1.8550580290021332,washing,top_load
21.9,-0.05298285506739271,0.15233286612460004,1.0300550190864823,2.003727622065747,washing,top_load
22.0,-0.10260502155983328,0.10978569830990316,1.042809543016794,1.9734511945348534,washing,top_load
22.1,-0.09259074967240907,0.04355789179747683,1.0025611414480777,1.914801380420443,washing,top_load
22.2,-0.18456639464626934,0.02082635335600439,0.9501548524078447,1.5867408979443807,washing,top_load
22.3,-0.19014882229441832,-0.0375688131264227,0.9446763864649742,1.6956481320724974,washing,top_load
22.4,-0.1281184057125328,-0.12353557203525403,1.0076524613160327,1.649416779598297,washing,top_load
22.5,0.0008732983973000026,-0.16550691969596765,0.9822406357681006,1.90913005404387,washing,top_load
22.6,0.07319056945623828,-0.12734954937361975,0.9725627116501795,1.8255977912625077,washing,top_load
22.7,0.1231208631625487,-0.22763048449064274,0.9981175994809397,1.5914231349554109,washing,top_load
22.8,0.18612970413209576,-0.13035357979391168,1.0184675586358387,1.771688368048316,washing,top_load
22.9,0.05553902487681489,-0.12107284331400762,0.9564172735971356,1.5758831496421832,washing,top_load
23.0,0.10004580407679575,-0.02461949552836379,0.9865336713915884,1.7920265267895361,washing,top_load
23.1,0.06564313108875282,-0.02798172575722779,1.0452961204936095,1.5516941244019224,washing,top_load
23.2,-0.08905210584945322,0.05891075237104129,0.9677413485933588,1.8793241240076919,washing,top_load
23.3,-0.12697118177006503,0.0747284902762062,1.0260928356149488,1.856694393905111,washing,top_load
23.4,-0.16992984512616188,0.12694233424884824,0.9854580771535302,2.086192274002032,washing,top_load
23.5,-0.16948885882659892,0.16739257009689618,1.0163738127954987,1.9271809934246014,washing,top_load
23.6,-0.11246992603999449,0.13536598105745765,1.032919825216086,1.7365628616266247,washing,top_load
23.7,0.00552107543580703,0.1648074342699078,1.0222384530095507,1.9227105139911729,washing,top_load
23.8,0.09242508333935351,0.07423705955872653,1.0272747880664164,1.5903504178582233,washing,top_load
23.9,0.09260388913809871,0.06927375063380095,0.9654521939977613,1.6556291094478373,washing,top_load
24.0,0.19981028386620708,0.037097769613032884,1.0334097912022389,1.8499713798112665,washing,top_load
24.1,0.14841038191884215,-0.02295176461678575,0.9744192065609554,1.476262550587811,washing,top_load
24.2,0.16818771721740075,-0.03219240115656537,1.0077862529671462,1.7944258822599175,washing,top_load
24.3,0.05241972341309725,-0.1485323855256409,1.0077473856099168,1.646960506182237,washing,top_load
24.4,-0.014868250253261602,-0.18755350845844423,1.0145536767660874,1.8151960582729896,washing,top_load
24.5,-0.07720355366458584,-0.17864725845202528,1.0101087002818057,1.6383395462929105,washing,top_load
24.6,-0.040358447488876625,-0.1134071903255787,0.9746857006442583,1.8636372206182783,washing,top_load
24.7,-0.12416544201889707,-0.08636223319007219,0.9595039776311285,1.8028991135501085,washing,top_load
24.8,-0.14786712472384633,-0.05389916453884812,1.026170460398853,2.0100548875321995,washing,top_load
24.9,-0.043193115006981295,-0.03934223887370409,1.0055750373255674,1.8010101801152434,washing,top_load
25.0,-0.010854976112530392,0.06935856795611384,1.0344813052287345,1.68470357925578,washing,top_load
25.1,0.05757054562822051,0.055937798634033364,0.998658011974364,1.7629671216259075,washing,top_load
25.2,0.15390722962206563,0.1624176597405106,0.9578450691796911,1.5983645404474904,washing,top_load
25.3,0.1506365768973753,0.2327014105518329,1.0289838904301232,1.860920588205816,washing,top_load
25.4,0.14408133530525702,0.1592912961078336,0.9888888817101668,1.8884775369472908,washing,top_load
25.5,0.08858734449982987,0.1489392460763121,1.0102601037226306,2.1703794055039225,washing,top_load
25.6,0.028897478832809263,0.08370207029607717,0.9805762171456144,1.7067246014093393,washing,top_load
25.7,-0.04246970597961726,-0.0008446178256167128,1.0493290513070108,1.7598308139487226,washing,top_load
25.8,-0.17368599439753057,-0.016196674908403506,0.9737030552745041,1.7136362213342677,washing,top_load
25.9,-0.12734590755101732,-0.08270978891141063,0.9898771073768148,1.8318170551696837,washing,top_load
26.0,-0.17211906003918212,-0.13902373575475357,1.0032234610809194,1.857253580171942,washing,top_load
26.1,-0.14595103995608608,-0.07791771431905553,0.9672345301873913,1.7919937733357234,washing,top_load
26.2,-0.03905582039048866,-0.1394987746386076,1.0099155858576279,1.9629488875309549,washing,top_load
26.3,0.039822913174161464,-0.13629402276096142,1.0483573143240248,1.7074530744367835,washing,top_load
26.4,0.08187688095213505,-0.1388591835348129,0.9852861351791887,1.947926107183607,washing,top_load
26.5,0.1675894331743122,-0.10079973093560682,1.0118542845709517,1.8807746780461625,washing,top_load
26.6,0.10707783261817622,-0.020986411211268406,0.9175169384188433,1.798195512015158,washing,top_load
26.7,0.10336867395319159,0.0009147924216464393,0.9988321239854547,1.7527595038864283,washing,top_load
26.8,0.03767245885471206,0.06938259994772902,0.9906087314222138,2.1640001638097055,washing,top_load
26.9,-0.020197603144826038,0.09260773442759286,0.9754450719276885,1.6774487023886882,washing,top_load
27.0,-0.07980185930445365,0.121181415284618,1.032443514088856,1.8446899765452622,washing,top_load
27.1,-0.165960846358609,0.10609033674263113,0.9902126895512852,1.6874671394636802,washing,top_load
27.2,-0.1279755289405539,0.08764578598662326,0.9946756753871924,2.067843112293196,washing,top_load
27.3,-0.1247591177752615,0.11980231523721196,0.9886842137563279,1.9330239493198806,washing,top_load
27.4,-0.1290214387146144,0.09437384272334717,0.9424955238470477,1.6982475181738284,washing,top_load
27.5,-0.05875774321191115,0.007768648054978532,0.9660404067976912,1.8768892490146842,washing,top_load
27.6,0.07189347232737738,-0.0066877733515283925,1.0288328045836064,1.8386543581914834,washing,top_load
27.7,0.12002016929171165,-0.05535428743855479,0.9367014805936008,1.7225062857037892,washing,top_load
27.8,0.14660140585700168,-0.1659801613999347,0.9770105395115288,1.913724632584226,washing,top_load
27.9,0.13488458417399632,-0.16067420710641672,0.988008398311307,1.8583958086656616,washing,top_load
28.0,0.09493458302917657,-0.13659928838510754,1.052308656018747,1.8323548070828928,washing,top_load
28.1,0.047229473330095285,-0.13456726903611438,1.023058112964891,1.7937120433136506,washing,top_load
28.2,-0.08855182993022742,-0.16023945349831478,0.983284884188407,1.8646581738899477,washing,top_load
28.3,-0.1507361342033926,-0.08493230594363561,1.0391354109134665,1.8344081492238689,washing,top_load
28.4,-0.1801428033459248,-0.012080672609682645,0.9777845253849664,1.8088639999537526,washing,top_load
28.5,-0.1339909774292119,0.03273076669912346,1.0302729941120201,1.7038476126018656,washing,top_load
28.6,-0.06533364452991042,0.05757739174663082,0.9592336826223096,2.054064936114374,washing,top_load
28.7,-0.050243666221914604,0.0900087064721911,1.0321977349536746,1.642437008497718,washing,top_load
28.8,-0.037747512250060844,0.11603045320492067,0.9878159906358704,1.8641454328319618,washing,top_load
28.9,0.05156228001099215,0.1632772460344847,0.9691448727717619,1.751963888654785,washing,top_load
29.0,0.11766737576039259,0.15114059336358138,0.9934856916077106,2.063932090417395,washing,top_load
29.1,0.130611220984447,0.14241200982733038,1.0083203253916064,1.664477619416424,washing,top_load
29.2,0.10332532759872731,0.09059211990697516,0.9851575470842286,1.6897105107359502,washing,top_load
29.3,0.05637611659212867,0.0636891444539074,1.0166186051798598,1.6545272905107262,washing,top_load
29.4,-0.028152374959319198,-0.010339903493880788,0.982510183490078,1.8485197576425916,washing,top_load
29.5,-0.05668759952756852,-0.04032623225080954,1.0186111718179407,1.5940424010647039,washing,top_load
29.6,-0.15600457704034365,-0.08060566847039298,1.013266661861098,1.7282207257863351,washing,top_load
29.7,-0.17557354804850708,-0.16065169450949335,0.9981723083587619,1.4771451265718574,washing,top_load
29.8,-0.11228292266968812,-0.20381815644521445,0.9867585306290215,1.8360632031192137,washing,top_load
29.9,-0.11833231321304075,-0.09799936505747632,1.0045462238729579,1.7249677711865607,washing,top_load
30.0,0.011690751159599772,-0.11365278723487438,1.016507612291011,1.576791488410222,washing,top_load
30.1,0.07533964662704466,-0.13496591933811297,1.0618539745819482,1.9628414104461087,washing,top_load
30.2,0.1222259141277566,-0.056889434470121444,1.0281826126539455,1.603849965242259,washing,top_load
30.3,0.19735229247871863,0.040084686502116634,1.0292796984944752,1.9195415535042324,washing,top_load
30.4,0.11705783451106135,0.05886717747951754,1.0926553658458085,1.6948438764018294,washing,top_load
30.5,0.14997673295959357,0.09398345153363748,1.0154787543030352,2.0402357066843138,washing,top_load
30.6,0.012037041557803389,0.18006123291426923,1.014539305339351,1.912432580838922,washing,top_load
30.7,-0.09352917625180746,0.11839192909938828,1.0211204522296495,1.6487928193688959,washing,top_load
30.8,-0.11347939898652395,0.11928508097935137,0.9697310206723524,1.662437617168454,washing,top_load
30.9,-0.17963044361886635,0.12544015404862327,0.9866829509074373,1.8908287807836466,washing,top_load
31.0,-0.16521115287867813,0.09208766720846687,0.9848149219992299,1.760643280393475,washing,top_load
31.1,-0.09077106688883911,0.046691357518531276,1.0194284193165868,1.7745986239467952,washing,top_load
31.2,-0.020636020415225616,0.0066685977343739385,0.994774763133364,1.9908358292658148,washing,top_load
31.3,0.018638452067100977,-0.06464823120435413,1.004146702764229,1.6876966689945065,washing,top_load
31.4,0.13230422024069538,-0.0972096536454748,1.0326236386044538,1.8136940658263183,washing,top_load
31.5,0.17738371018490695,-0.14724275066269005,1.0258945221611242,1.943194169047846,washing,top_load
31.6,0.19043214030620215,-0.14807167929539355,0.9951483699087625,1.92136762325784,washing,top_load
31.7,0.1314593886301408,-0.13883872034760314,0.9799001470936534,1.776058099871899,washing,top_load
31.8,0.09612154426527217,-0.11031640116048219,1.0340582419495956,1.7566641178721014,washing,top_load
31.9,-0.07522393787386744,-0.05398973583974383,1.023216735427296,1.5391776806218602,washing,top_load
32.0,-0.09770498430272456,-0.011452826729514635,0.9518122954511385,1.6415632511002207,washing,top_load
32.1,-0.16173421555960538,0.02572208486623707,0.9906053818327516,1.84775388398621,washing,top_load
32.2,-0.14612723343041906,0.04963532168401162,1.0049654638605028,1.7793176716586647,washing,top_load
32.3,-0.1437926654012041,0.1163965143935984,1.0233648915136309,1.811239061784934,washing,top_load
32.4,-0.07724778637374921,0.13996954510120874,1.0273030448481932,1.9558880414451092,washing,top_load
32.5,0.05646524640612111,0.15579544739439594,1.0085171800352641,1.6219015336406588,washing,top_load
32.6,0.06717145722264524,0.20700583786229365,1.0175574259407656,1.7645729546651026,washing,top_load
32.7,0.13906295834100801,0.09865319329548108,1.0019241040713447,1.8283066445116827,washing,top_load
32.8,0.14273592936651372,0.08657777180600497,0.9797844493545832,1.6943760093638227,washing,top_load
32.9,0.13799545650860792,0.056449436796562086,0.9921620682687624,2.0147215670891128,washing,top_load
33.0,0.0883482882569534,-0.025167139764876525,1.0005697355992031,1.936288020241972,washing,top_load
33.1,0.03224970701384122,-0.007030576492060334,0.9989596224994423,1.8435199990633133,washing,top_load
33.2,-0.02025945683628523,-0.12811052398699727,0.9434328128666959,2.069134766899288,washing,top_load
33.3,-0.0661551664882688,-0.13234206907961027,0.9880754999521171,1.5751657080584787,washing,top_load
33.4,-0.1380544851520283,-0.17391680073928445,1.0016861695926746,1.7988410578341478,washing,top_load
33.5,-0.12497207086320508,-0.15001221493753691,0.991558900242829,1.8549505453401092,washing,top_load
33.6,-0.13720800116487092,-0.1044231545017284,0.9925952861346524,1.6628167429809118,washing,top_load
33.7,-0.039939785347198054,-0.04521646795556914,1.0146397411241377,1.8451071812726594,washing,top_load
33.8,0.06551216702123633,-0.011095698581988807,0.967631284388541,1.6340126259318184,washing,top_load
33.9,0.1286611250418179,0.06957451196834986,0.9511587335814636,1.903583597741138,washing,top_load
34.0,0.1490067694281244,0.07752505992906891,0.9895549062748997,1.958675215219336,washing,top_load
34.1,0.17393490639634202,0.10913350390200477,1.0229234321650538,1.8408500101692493,washing,top_load
34.2,0.13029998768618375,0.2243492349303775,1.0506265911845991,1.5220803277402581,washing,top_load
34.3,0.09122787065048094,0.1616376729741635,1.0234638471728421,1.654980971825095,washing,top_load
34.4,-0.010119210325932305,0.11645033072552445,0.9559520872039345,1.884706500481974,washing,top_load
34.5,-0.09883873731100166,0.0885173812457703,0.9930289828186969,1.803179796526855,washing,top_load
34.6,-0.12564882016191187,0.03897708497756554,1.0076990314324459,1.3958996073461267,washing,top_load
34.7,-0.2376218405398241,0.04502553840672699,1.0053277335077078,1.9864245575802362,washing,top_load
34.8,-0.11516261673375056,-0.046406168340355824,1.0161791365882862,1.820498475938075,washing,top_load
34.9,-0.1817154358717008,-0.07971046820353343,0.9724885316061772,1.6771388003999932,washing,top_load
35.0,-0.051703902222162985,-0.12325780938938999,1.0019482926265222,1.9492433396349997,washing,top_load
35.1,0.08581610914348606,-0.12235937849968444,1.012609684893284,1.6983689980639651,washing,top_load
35.2,0.14097506894330541,-0.1749761578256128,1.0247701285991098,1.696732182359368,washing,top_load
35.3,0.11483114586004285,-0.16878306418704003,0.9758284550016162,1.8537528976521054,washing,top_load
35.4,0.11436099661353477,-0.10000143236594544,0.9896452939827131,2.0671557688863444,washing,top_load
35.5,0.1292840175022953,-0.045838115193764656,0.9188854695977998,2.043538076695933,washing,top_load
35.6,0.004279081087466229,-0.003201710089683084,0.9813561409726668,1.8539567248356161,washing,top_load
35.7,0.012068926469389084,0.01484261407056382,0.9842675532108687,1.869357848827548,washing,top_load
35.8,-0.115634582011659,0.106960450776082,0.9694124647549767,1.918724839812724,washing,top_load
35.9,-0.1351020023028653,0.10121406183139506,1.0049683645069796,1.6114524486945978,washing,top_load
36.0,-0.09415224548931495,0.12964131482570287,0.998321637038642,1.8966222505727974,washing,top_load
36.1,-0.09875125240349983,0.12092404680553498,0.9322235836726717,1.6898889797784709,washing,top_load
36.2,-0.06737380249545355,0.17394553819451716,1.0064652390790527,1.847771710019487,washing,top_load
36.3,0.03401165952389988,0.12305064210274147,0.9721502760763292,1.7658798558588995,washing,top_load
36.4,0.10161374380359897,0.07858576662741797,1.0145706687757154,1.8751812490671322,washing,top_load
36.5,0.10171622787822591,0.04683492056367106,0.9615444625681401,1.8177155197509691,washing,top_load
36.6,0.13966812546907836,0.04162658807666487,1.0009001961559283,1.339045459376805,washing,top_load
36.7,0.09331122359644614,-0.14096253057593106,0.9915051001334049,1.826833756755777,washing,top_load
36.8,0.08294941561832439,-0.14778050343263405,1.00909305654851,1.8963229428448893,washing,top_load
36.9,-0.017761628809085786,-0.16466428344322184,1.0037409183295405,1.866889252250768,washing,top_load
37.0,-0.09665166031829767,-0.17434179386865256,0.9923450747493564,1.7846121080687132,washing,top_load
37.1,-0.1389095157885807,-0.16554796475014305,0.9539118305786727,2.046324253789561,washing,top_load
37.2,-0.14301034871205584,-0.1102895131398155,0.955683761096169,1.8467059693682493,washing,top_load
37.3,-0.10814476283460868,-0.09346497578695248,0.9824833918272334,1.865650995028966,washing,top_load
37.4,-0.10225441797534067,0.004397743625629812,0.9997516034821123,1.9566737841075854,washing,top_load
37.5,-0.03124762897863867,0.04790349879909919,0.9817525615840265,1.8543889499544899,washing,top_load
37.6,0.10540342757733423,0.10710980190646029,1.018756357917384,1.6652973369878694,washing,top_load
37.7,0.1142790826591596,0.14288102581835052,0.9916233724236495,1.4342493879330567,washing,top_load
37.8,0.10719874648633451,0.1650684634604372,0.9710496182566147,1.7284318646972878,washing,top_load
37.9,0.14903843915139703,0.1370954936059709,0.9916571112103627,1.9141418288821674,washing,top_load
38.0,0.10206888202485201,0.1950803040855899,1.0067757950894967,1.7470355502873292,washing,top_load
38.1,-0.027121472683056716,0.10552079685740626,1.0097465415647375,1.9201767558422596,washing,top_load
38.2,-0.048334231438792216,-0.002412760771755333,1.0563513739597938,1.822309226388041,washing,top_load
38.3,-0.09350949364351738,-0.02818636639048364,0.9799327197998974,1.9932099105393277,washing,top_load
38.4,-0.13611149405811498,-0.10213802134928139,0.9977956401522879,1.755717493931901,washing,top_load
38.5,-0.12369903293143132,-0.09509355958776411,1.0127837184045827,1.8701422239851533,washing,top_load
38.6,-0.14481013883202493,-0.13324266930052572,0.9992973112239756,1.8758827596803038,washing,top_load
38.7,-0.02737227842484371,-0.1617374211163641,0.9849814556203405,2.0252402808946792,washing,top_load
38.8,0.02822489029061511,-0.08735686680736529,0.9535222847096727,1.5440044040498584,washing,top_load
38.9,0.0881983611275623,-0.1131190263566193,0.9846749632284095,1.7312387588170264,washing,top_load
39.0,0.16877514572686464,-0.07383064761891471,0.967788927618466,1.9272774158082755,washing,top_load
39.1,0.19172132292952998,-0.07785513631671175,0.9482017995662867,2.0318844719667974,washing,top_load
39.2,0.16940808805438004,-0.02808944075742932,0.9761296347498825,1.8360107268963122,washing,top_load
39.3,0.09466291904787857,0.05456594677989544,0.9685872483770064,1.756094375336777,washing,top_load
39.4,-0.022092010483548887,0.10367807755250873,1.0175135963587885,1.9135677553011667,washing,top_load
39.5,-0.0775861829530802,0.07575665499314532,1.0180327551224289,1.9303054012847525,washing,top_load
39.6,-0.1127193717163761,0.14288855102520107,0.9728836213125738,1.746050748199904,washing,top_load
39.7,-0.14606867078525695,0.1474004203438424,0.9921931410831064,1.849546096826632,washing,top_load
39.8,-0.12272626318795576,0.12119469729607005,0.944252720136624,1.9770790893617955,washing,top_load
39.9,-0.04755045715897384,0.06827722959315094,0.9851698014945192,2.0835688489911677,washing,top_load
40.0,-0.0017784793807785542,0.0301664936986083,1.0119694570210704,1.9113907438852937,washing,top_load
40.1,0.05038444302404842,-0.010959303207674628,1.024748136688423,1.8066208344998391,washing,top_load
40.2,0.11421499685022574,-0.05424286361996621,0.9786085875492606,1.7918887235943137,washing,top_load
40.3,0.168721320596253,-0.08315617374163692,1.0315556458158257,1.8836094835790436,washing,top_load
40.4,0.1358138566059026,-0.10079478117350421,0.9545292423545959,1.7826490736280824,washing,top_load
40.5,0.09837408714992159,-0.1576476369029889,0.9625711660256863,1.8284460748533582,washing,top_load
40.6,0.03890236230071024,-0.1598637168014475,1.0212898559691364,1.6413185603203688,washing,top_load
40.7,-0.06646392678962862,-0.11249953580029319,1.0501336368568974,1.994558579473674,washing,top_load
40.8,-0.09288954150747435,-0.07136039996630308,1.0148029596455108,1.6289722909276982,washing,top_load
40.9,-0.13597780950555105,-0.05577890236826515,0.9987897284039796,1.7351832359320483,washing,top_load
41.0,-0.17970287005161759,0.03313038223838089,0.9341444876043338,1.814638989127772,washing,top_load
41.1,-0.05941292215371518,0.0898235255917283,0.9393265883186956,2.098648031983296,washing,top_load
41.2,-0.05232582538743713,0.14279858984167987,1.0038822861068761,1.7365975522721508,washing,top_load
41.3,-0.012349377220827074,0.1882604149365501,0.9892581199128647,1.7000976279059405,washing,top_load
41.4,0.07133075460171252,0.12325016838741168,0.9668249445354364,1.717377462399931,washing,top_load
41.5,0.11202712262392318,0.14570442044927015,1.0019659774249015,2.0488345751416968,washing,top_load
41.6,0.1489082871690291,0.12386822054282373,1.0034539410252343,1.3781479509740968,washing,top_load
41.7,0.10736147124998222,0.08369369845736559,1.0283324760562083,1.649589298177712,washing,top_load
41.8,0.04511372387348371,0.01964833835518031,1.004098068490381,2.209693306373933,washing,top_load
41.9,-0.00020892607016894174,-0.057744539579540496,1.0368518310500314,1.8886323110237455,washing,top_load
42.0,-0.07797152700808932,-0.06108651035388883,1.0002398208864645,1.634102257599117,washing,top_load
42.1,-0.1262426217505748,-0.12978102136783085,0.9965399501557799,1.7937123026737842,washing,top_load
42.2,-0.13740915554438005,-0.13393609118031963,1.0319293655874155,1.8101181849101793,washing,top_load
42.3,-0.108165148785235,-0.1733951412900576,0.970646773598757,1.9269187868858408,washing,top_load
42.4,-0.13550165136858267,-0.1772939011132438,1.084433423597985,2.0759253004233846,washing,top_load
42.5,-0.010933147567934497,-0.11432359834493608,1.011257724345002,1.8582827521918823,washing,top_load
42.6,0.006856749180573982,-0.07900369666903378,1.0114248775851302,1.719031754548056,washing,top_load
42.7,0.1277309866292353,-0.01809639041393237,1.015752879219178,1.9180626663147307,washing,top_load
42.8,0.14956502009751038,0.08250437072355028,1.0563140942599494,1.6952620954705708,washing,top_load
42.9,0.16709002611359436,0.07557616834982855,1.0237752223501781,1.6449993756016457,washing,top_load
43.0,0.12379681962550514,0.123897747125135,0.9518483206298823,1.5360136692065334,washing,top_load
43.1,0.02488323648221564,0.10570793723886082,1.0421041115430252,1.56523074082494,washing,top_load
43.2,-0.07022951522460726,0.11120332027481133,0.9897731026166495,1.6655332265813594,washing,top_load
43.3,-0.10102215303999636,0.19071456511519647,1.0032146521851797,1.6233315348448694,washing,top_load
43.4,-0.16318061672903225,0.09139416639917823,0.961622380834742,1.8469854791062077,washing,top_load
43.5,-0.14270025698757371,0.04905569710279045,1.0157860605437168,1.6200897261263947,washing,top_load
43.6,-0.07309797638047952,0.030628098851810913,0.9804587712979734,1.3284500546962885,washing,top_load
43.7,-0.054036623454412416,-0.023374316004014812,1.0030050891398041,1.64341323381158,washing,top_load
43.8,0.06147384225200339,-0.09768078501809721,0.9914770298391765,1.729221052841787,washing,top_load
43.9,0.12300410695007061,-0.12104036837501848,1.0577503840520754,1.7091825768192053,washing,top_load
44.0,0.11401472293034817,-0.10258520135373392,1.0594678090043677,2.0279287018963776,washing,top_load
44.1,0.1765599114558251,-0.17413243665744887,1.0013953951064423,1.7079686161066274,washing,top_load
44.2,0.13653397677751453,-0.18387492028019742,1.0019193313410657,1.9321385194798797,washing,top_load
44.3,0.05827645952388129,-0.08849153660806035,0.9887967110095145,1.7971526100478707,washing,top_load
44.4,-0.041669688775472793,-0.06239702270908669,1.0331801887450835,1.7936542911491102,washing,top_load
44.5,-0.11394396840113749,-0.04672275580731966,0.9901324038899987,1.6746929566727946,washing,top_load
44.6,-0.15185393517699403,-0.023069435704575158,0.987359881760629,1.791182602262885,washing,top_load
44.7,-0.133426175365482,0.05157040053908568,1.029357785909949,1.6852355809653876,washing,top_load
44.8,-0.15531794384734413,0.11272524354623882,0.9838510271405005,1.8255036471381856,washing,top_load
44.9,-0.059137683656663324,0.17578024134459516,0.998867348966544,1.7645625551064468,washing,top_load
45.0,-0.037252665866352515,0.11890254075391028,0.9525606765546702,1.65830581002126,washing,top_load
45.1,0.06614099358209266,0.13827448220273675,1.021125710353695,1.9487841509550894,washing,top_load
45.2,0.12993862146252166,0.13462071644856594,1.058226008175456,1.8640260720032138,washing,top_load
45.3,0.22305791361600824,0.002471081028585856,1.0216367611839938,1.7327905898786629,washing,top_load
45.4,0.09440458820429294,0.05540915981740249,1.043853975026419,1.8218239570552965,washing,top_load
45.5,0.1323282248385773,-0.06358071435404983,0.9746169359146801,1.7874266217747055,washing,top_load
45.6,0.02329525745426309,-0.06720606526351705,1.007089728460846,1.669861359410509,washing,top_load
45.7,-0.042883525362223285,-0.10936885074673115,0.9717052022689183,1.8105744343531747,washing,top_load
45.8,-0.1120265490147223,-0.10952715400529589,0.9931670336325598,1.706848236778894,washing,top_load
45.9,-0.13400128306344625,-0.1334248969656888,1.0231663443205752,1.6582599246569851,washing,top_load
46.0,-0.1472690305751338,-0.21078518763513765,1.003054618393099,1.5565849004600214,washing,top_load
46.1,-0.05906056044558043,-0.13543454922830875,0.9576207693219634,1.7462088969692053,washing,top_load
46.2,-0.05099761740147146,-0.06645943594420285,0.9605491268338674,1.8850455989375585,washing,top_load
46.3,0.07127052024010366,-0.026517940186292003,0.9585650820552768,1.6958010969931712,washing,top_load
46.4,0.08335105228291081,0.046129388381009606,1.0147435776981877,2.1781063038236956,washing,top_load
46.5,0.14085092205223482,0.10405501591694001,1.0619168360697,1.93285284804791,washing,top_load
46.6,0.11518421104059653,0.1373521118900658,1.0408737473200065,1.9956495198990718,washing,top_load
46.7,0.12922769802679368,0.1368014334353622,0.9431204440256181,1.9192864518110637,washing,top_load
46.8,0.09857246161049764,0.09442043315728821,1.0426322781420936,2.0779297462407857,washing,top_load
46.9,-0.021120670429270898,0.12437033963923647,1.0280920125104394,1.6819497024791188,washing,top_load
47.0,-0.0940743588049876,0.12183633855738193,0.9536410016341372,1.4158893921512068,washing,top_load
47.1,-0.16916256676194022,0.03454406483699166,0.990903951498685,1.7330811587470676,washing,top_load
47.2,-0.15658278887081006,0.035866699634671956,1.0328656723448744,1.8837327863321307,washing,top_load
47.3,-0.1744330166169492,-0.008223050635538152,1.0165130053280436,1.8227275457621968,washing,top_load
47.4,-0.09964939071682431,-0.07972533318435074,0.9607271484283604,1.8413208916451675,washing,top_load
47.5,0.006803581383271123,-0.21326594514561176,1.0183222646738859,1.998136500400481,washing,top_load
47.6,0.11183344704749995,-0.1826468016192668,0.9358749821175824,1.857308636169375,washing,top_load
47.7,0.21092551466218762,-0.09298816028240964,0.9933153347272836,1.9198369391386532,washing,top_load
47.8,0.1321064567121137,-0.15291202939360102,1.0341387030820015,1.6590655887220862,washing,top_load
47.9,0.1787830625692663,-0.16625464827526407,1.0005518264671396,1.6356909466175946,washing,top_load
48.0,0.09548036225592108,-0.02680947208545363,0.9850318735011416,2.042117088453673,washing,top_load
48.1,0.014262555632255602,-0.012777011736303436,1.0266803876131705,1.8151352302720603,washing,top_load
48.2,-0.042240849350915564,0.07227444061221516,1.0292425544525974,1.7065156224830798,washing,top_load
48.3,-0.11371949190596825,0.0949446657699192,1.0393011907860086,1.7067908259679323,washing,top_load
48.4,-0.14403121584093626,0.1372866637306272,1.0262302728533916,1.7026315317542613,washing,top_load
48.5,-0.1549084723290727,0.15617775160073008,1.0324412438181143,1.6936561468431237,washing,top_load
48.6,-0.1446253556832682,0.17016730190482496,1.021987256723126,1.607527829609451,washing,top_load
48.7,-0.08361223915039023,0.2032337011916388,1.0079658594734942,1.5749369396669237,washing,top_load
48.8,0.05690082957316503,0.1331781859506976,1.0026852699929145,1.770749343351837,washing,top_load
48.9,0.09438106318673159,0.01302578582168401,0.992882208427078,1.71106111945194,washing,top_load
49.0,0.12477581045458777,0.022818423387765976,0.9636289512082082,1.9660738928164943,washing,top_load
49.1,0.14759825641099814,-0.00850846632739903,0.9713406547354058,1.8439614979900376,washing,top_load
49.2,0.13942495400383828,-0.05360472326254181,0.9915395655419437,1.8397976520116974,washing,top_load
49.3,0.060629601193495634,-0.13842735549809249,1.0072435647880729,1.6885319388668325,washing,top_load
49.4,-0.03848163313387211,-0.11123069756234223,1.0432243779401278,1.7818457376330037,washing,top_load
49.5,-0.05137899917440005,-0.12098493321063594,0.9987460831637346,1.8541501655447161,washing,top_load
49.6,-0.08834849278045431,-0.0560449442129399,1.0301042887263299,1.9074293609569013,washing,top_load
49.7,-0.1348673096045551,-0.12379997330561006,1.0323794696929636,1.7859162260222452,washing,top_load
49.8,-0.09743928348497957,-0.07218888162028332,0.9930565960693363,1.9618685668986313,washing,top_load
49.9,-0.03500425121084336,-0.014837098854290392,1.0178407063411055,1.8011983963361915,washing,top_load
50.0,0.03390297949213453,0.03164588465507827,0.9926941587482542,1.918927067777652,washing,top_load
50.1,0.09068602642863484,0.06597831947064067,1.0396640768223544,1.7265221687116274,washing,top_load
50.2,0.1445996002375478,0.044768907098989966,1.019075300147978,1.5281117450147037,washing,top_load
50.3,0.16529382646463567,0.1339372736459426,0.9642854873593494,1.8402538482027784,washing,top_load
50.4,0.10280392763349272,0.1593785035016847,1.0048457395646153,1.908798609471994,washing,top_load
50.5,0.10918948254965755,0.1166493466414022,1.0494433648547163,1.8863020997711355,washing,top_load
50.6,-0.021874434099151782,0.1565492988688176,0.9945630689635989,1.863327999215616,washing,top_load
50.7,-0.07905666655645369,0.05386305618846363,1.0134314509028521,1.747711955106752,washing,top_load
50.8,-0.07647003438212573,0.040615777638028275,1.0163763651321744,1.6789880622831612,washing,top_load
50.9,-0.12213648272847728,-0.042080319296548624,0.968901313025062,1.8827592403565672,washing,top_load
51.0,-0.09803652875369745,-0.07082137916550457,1.0153212384764054,1.8639671124297412,washing,top_load
51.1,-0.11083229739992304,-0.12121126596091711,0.9581849454389613,1.715865136373426,washing,top_load
51.2,-0.07187094831303295,-0.10662111122227363,0.9812312768079581,1.9664136283788085,washing,top_load
51.3,0.0300903671626158,-0.14600646967540926,1.0322716890248258,1.66757017281786,washing,top_load
51.4,0.1057430048065186,-0.11470489133626266,1.0107026887092507,1.712471493181344,washing,top_load
51.5,0.1450281389344724,-0.08462361045280445,0.9908656657676042,2.0454637818512498,washing,top_load
51.6,0.1813535019720042,-0.05857149542226745,1.0133938306373556,1.930287290660087,washing,top_load
51.7,0.10473887366626479,0.014034375550242159,0.998197232567346,1.7462986041163466,washing,top_load
51.8,0.0657797170567895,0.120493369192918,1.000377355070555,1.8431071064465325,washing,top_load
51.9,-0.04845879951768331,0.09037595510007929,1.0197045558016042,1.8232188366785758,washing,top_load
52.0,-0.07465826950255582,0.14402994879217587,0.9781789677802261,1.3881579202533934,washing,top_load
52.1,-0.13563080136433325,0.18603113023677018,1.0012100921666407,1.664028907578993,washing,top_load
52.2,-0.1721984094127761,0.1811858562859655,0.9906319541618004,1.7923730074336077,washing,top_load
52.3,-0.13372406969054904,0.12800066480078667,0.9524318987619923,1.7465082785161041,washing,top_load
52.4,-0.07778832351071627,0.021177280874831436,0.9723863273125211,1.837065384724563,washing,top_load
52.5,-0.008104653880111709,0.06185363371569572,1.0470461934119148,1.969422346942188,washing,top_load
52.6,0.12540328838328846,-0.072237755159181,1.011541699437557,1.751769632301911,washing,top_load
52.7,0.12369580875606605,-0.012868747400031466,0.9602923509579583,1.6413517805815703,washing,top_load
52.8,0.14238712595892034,-0.096215705082352,0.9537893687245477,1.848727748776657,washing,top_load
52.9,0.07280052914159892,-0.10323024672587106,0.9966350829966825,1.7510064999648296,washing,top_load
53.0,0.06134156728448743,-0.17588053934260306,1.0468355959952944,1.7765904748767147,washing,top_load
53.1,0.010907782300956438,-0.1927542551169887,0.9943972559558695,1.7562339421270383,washing,top_load
53.2,-0.07579426318800324,-0.11780657448208576,1.0392099866021205,2.136275670001648,washing,top_load
53.3,-0.07412575861503302,-0.09069385065731403,1.0105579231245598,1.4638943608503083,washing,top_load
53.4,-0.15229122087118935,-0.057499114155214824,1.0141375137353767,1.7417499145301032,washing,top_load
53.5,-0.10400514996472641,0.011958416351377317,0.959928384720863,1.7994466461527412,washing,top_load
53.6,-0.10083092686779173,0.1434590421180157,1.0281256876524927,1.6828286261575833,washing,top_load
53.7,-0.03618664798208064,0.129083762292992,0.9899520388817917,1.9349738748192424,washing,top_load
53.8,0.03463958964334892,0.1663957459108535,1.0258927736083272,1.9219886518079459,washing,top_load
53.9,0.10279595343794665,0.1745607592937956,0.9755749005404166,1.792836807226719,washing,top_load
54.0,0.1942223275357685,0.18967133848486095,1.0053114804252974,1.759398936698446,washing,top_load
54.1,0.07775476580676702,0.11782773945724354,1.010560088618129,1.783206474865253,washing,top_load
54.2,0.05553061408320649,0.02499306628308135,0.995379000502724,1.7842820019528285,washing,top_load
54.3,0.0389235579710204,0.03346864195330743,1.0121363557925847,1.7882440457811357,washing,top_load
54.4,-0.018364148576515874,0.011174391817285896,0.9920080877442248,1.77180013477248,washing,top_load
54.5,-0.06746465510095151,-0.09296090558821188,0.9805282074087616,1.837867397188859,washing,top_load
54.6,-0.12153144192907896,-0.11202133009607244,1.048164501483819,1.9129818097241797,washing,top_load
54.7,-0.1612313866506578,-0.1572689878928181,1.0314685859908432,1.6154609778602136,washing,top_load
54.8,-0.09607787802805176,-0.10451295748379781,0.9771740576485547,1.6424004151150278,washing,top_load
54.9,-0.04135718902067588,-0.12182044027571642,1.0170533291678383,1.5377222955774714,washing,top_load
55.0,0.005521734938145937,-0.101806330536925,0.9777196343589654,1.92995961005364,washing,top_load
55.1,0.10114277828986125,-0.06488330307960062,0.9644594606901302,1.8375484939785696,washing,top_load
55.2,0.13482854672826738,-0.03659232713012131,1.0310142832419693,1.8757901273899156,washing,top_load
55.3,0.13285951846075406,0.022855146206845322,0.9488770112305779,1.5855752642454797,washing,top_load
55.4,0.15665856303990425,0.03170194499753245,1.0278056774072963,2.067742218432021,washing,top_load
55.5,0.09148618152123388,0.04375203475069171,0.9924183306228083,1.7086723637781964,washing,top_load
55.6,0.018840180437279593,0.14253721101523076,0.9936536019075841,1.8252308710666885,washing,top_load
55.7,-0.011030075737014679,0.1595302511790669,1.0122925365886988,1.9281576991017557,washing,top_load
55.8,-0.18910315027256813,0.17950761876475882,1.0174359643598276,1.6519530366305892,washing,top_load
55.9,-0.18987361271409026,0.16623863427964786,0.9752097046951328,1.7180513462231,washing,top_load
56.0,-0.17827059023550446,0.12747397379681924,1.0215317682625018,1.8268757661901311,washing,top_load
56.1,-0.11357988531636853,0.0018603586894945477,1.0034011161407568,2.228620961319706,washing,top_load
56.2,-0.04494172816770685,-0.031236494651189148,0.9623183562139589,1.8451687114278037,washing,top_load
56.3,-0.007916286358465474,-0.05619556094835591,0.9949037654926078,2.0409541725946077,washing,top_load
56.4,0.07312732491997648,-0.03593403148136069,1.0414383704667678,1.9808509717787934,washing,top_load
56.5,0.11683322708856625,-0.09506349677181988,1.050297843947371,1.855201505474178,washing,top_load
56.6,0.2210658103715799,-0.11637071353254358,1.0215204537282603,1.6516206342553983,washing,top_load
56.7,0.16962924484878264,-0.15369838441569003,0.9642896953549489,1.9589630416227353,washing,top_load
56.8,0.04286620037216639,-0.14326533416970869,1.0147182070736767,1.575283448752793,washing,top_load
56.9,-0.02970748374384895,-0.05349869356572991,1.025525827115776,2.040131268551564,washing,top_load
57.0,-0.1226439077595189,-0.06112703511488983,1.0217712394995617,1.8300007962327383,washing,top_load
57.1,-0.19296797026666027,0.01724248424981989,1.0235486286606374,1.4024664679052736,washing,top_load
57.2,-0.15321041485649628,0.07046576276218747,1.0108978923774259,1.7489240857452242,washing,top_load
57.3,-0.15658474832262428,0.16215373932540034,0.9978276298350837,1.898092173138441,washing,top_load
57.4,-0.07480856706512004,0.13016915955928907,0.9817489751228794,1.764446419044035,washing,top_load
57.5,-0.048006175471307554,0.07682251084282153,0.9430619344449551,1.907250871649036,washing,top_load
57.6,0.04940381736595008,0.15594341807795473,1.0101892530014005,1.6724963748431558,washing,top_load
57.7,0.13110800168438727,0.09339572105860068,1.0055815853095658,1.6041026440818589,washing,top_load
57.8,0.16069029719775857,0.07518803196538075,1.0167272752847445,1.7892831895428591,washing,top_load
57.9,0.14824821663216364,0.021794433753968886,0.9598736892012132,1.8047348500934872,washing,top_load
58.0,0.04855311831916075,-0.03631831706238846,1.0193505006794519,1.747742347340652,washing,top_load
58.1,0.044440556938714015,-0.05345571261368283,1.0616363528386232,1.984093671996329,washing,top_load
58.2,-0.07922503380075932,-0.16275529158563384,1.0023535039233373,1.6724688937291414,washing,top_load
58.3,-0.09659124897814766,-0.15757517249784095,0.9981500404238037,1.8469748410998525,washing,top_load
58.4,-0.14766224790784854,-0.12943149099897366,1.009270070682571,1.8101954956745439,washing,top_load
58.5,-0.18395010241661117,-0.15788901614356973,1.06097011074131,1.5664926071795875,washing,top_load
58.6,-0.1121679970267385,-0.16015537309172764,0.9692905671490033,1.6021454724497233,washing,top_load
58.7,-0.026342570812815054,-0.05054892952709847,1.0060962080018172,1.8017866524372947,washing,top_load
58.8,0.05569244448896178,0.013024295310546462,0.9760102773310707,2.0971799998030445,washing,top_load
58.9,0.09845242896597022,0.030451210259015014,0.9835898583746502,1.8868904717848216,washing,top_load
59.0,0.18861184416230425,0.021548651292761754,0.9985122907635419,1.541154776228305,washing,top_load
59.1,0.17756841073890037,0.14027765219813912,1.0404196972484068,1.3334267902320995,washing,top_load
59.2,0.10787736292437435,0.09343304526940577,1.0540297180206621,1.909958038950657,washing,top_load
59.3,0.07772233726681228,0.1590745217963478,1.013444264338801,1.7855679775607702,washing,top_load
59.4,0.03921381952100281,0.1114108623626167,0.9887021583092954,1.9711898954265554,washing,top_load
59.5,-0.0293532498203775,0.07455011554020669,1.0747821659991557,1.6678923118932838,washing,top_load
59.6,-0.17256405429457808,0.054000181901114545,0.9871733655601144,1.852531874678779,washing,top_load
59.7,-0.17750000259895526,0.011429531038203957,0.9828659225692079,1.9269260194541795,washing,top_load
59.8,-0.08210162522328918,-0.05480109706514944,0.9467517086626382,1.7328804542690277,washing,top_load
59.9,-0.10401148264038707,-0.06587024412677218,1.0418827470773424,1.7360871644653402,washing,top_load
60.0,-0.03967623399875154,-0.13473463051000664,1.029047367771139,1.8037894246647586,washing,top_load
60.1,0.057677227194284475,-0.11489842458775709,1.0725341660834933,1.8814014519840494,washing,top_load
60.2,0.13925599010954104,-0.1411386400697876,0.9583142994334563,1.7978498993232135,washing,top_load
60.3,0.14663210806590768,-0.15744261180063948,1.0437451242243734,1.946099450663923,washing,top_load
60.4,0.1162071492577364,-0.13270854809636518,1.0021040655509839,1.7307097216099456,washing,top_load
60.5,0.06794141399213494,-0.11329178270618423,1.024183006504004,1.6007407191805336,washing,top_load
60.6,-0.002570126897736131,-0.004455684146606022,0.9505666857668659,2.096546305216977,washing,top_load
60.7,-0.08160397176247006,0.028488599525941384,1.044042454679959,1.709304939518633,washing,top_load
60.8,-0.047128000098083586,0.015470039671429986,1.023595502539955,1.714733687442338,washing,top_load
60.9,-0.1384177554737365,0.1074584434611818,0.9988326989564135,1.7901295018391723,washing,top_load
61.0,-0.11605570581213125,0.11825645329164516,1.0193533806298336,1.8100771664480972,washing,top_load
61.1,-0.1173543899328722,0.1965129803123151,0.9770351409687326,1.7419974536267575,washing,top_load
61.2,-0.04288218339030755,0.08382742937815718,0.982616797432549,1.7973849154576487,washing,top_load
61.3,0.01589686363361515,0.06080747187990284,0.9860966615912381,1.7940356652857739,washing,top_load
61.4,0.02313081584172512,0.09373505465022422,0.9444181641492917,1.826222899053121,washing,top_load
61.5,0.101318199138836,0.050121472653319094,1.025852754826101,1.4463768811519027,washing,top_load
61.6,0.09302452720989136,-0.06510237753226353,1.035747808425477,2.0821314460511773,washing,top_load
61.7,0.04808347307782013,-0.10864832214289416,0.9789596755070847,1.7779067529698165,washing,top_load
61.8,0.019357913673762925,-0.1071421441097194,1.0104460904783445,1.887093392917048,washing,top_load
61.9,0.020948685346804084,-0.21599202482634505,0.9920337857611229,1.5932847987698964,washing,top_load
62.0,-0.08950087287500061,-0.20465301573233866,1.009848218862431,1.7293499608126126,washing,top_load
62.1,-0.097007145000267,-0.14164246934755376,0.9811726827636691,1.6991526200519378,washing,top_load
62.2,-0.13737453195721433,-0.05480320423428034,0.9734972453173709,2.020458564676282,washing,top_load
62.3,-0.10317242405384883,-0.07003876697327596,1.0315622465807124,1.7121279589746177,washing,top_load
62.4,-0.09928996097439713,-0.0026254236484384587,0.9980838824462652,1.9137119980410138,washing,top_load
62.5,0.015718528625781006,0.08036622733316062,1.0606632685256043,1.7024369320990207,washing,top_load
62.6,0.09412447813748806,0.15588548396189378,1.0013892989438242,1.7321071590519084,washing,top_load
62.7,0.10934977005829148,0.1103437180747544,0.9722176587894852,1.7631674752198971,washing,top_load
62.8,0.16649022038272543,0.1464731561456336,1.0368082262930782,1.9925767690243952,washing,top_load
62.9,0.15270969062714826,0.2029594183509727,1.0189240049243806,1.5165221011454824,washing,top_load
63.0,0.0716812092099695,0.0857800237508373,1.0218061859108927,1.6026504667088353,washing,top_load
63.1,-0.01488306793348253,0.12931529547956155,1.0357180203660377,1.5079042251465276,washing,top_load
63.2,-0.09074253285965186,0.022912315836149257,0.9804161111846261,1.6368746820357825,washing,top_load
63.3,-0.1129818201587229,0.004959076995600231,0.9961824007304414,1.678259992321184,washing,top_load
63.4,-0.13753279154562328,-0.05720150310045466,0.9948565050553662,1.5578278118864417,washing,top_load
63.5,-0.16643425235801151,-0.12435394648333653,0.9612776038925315,1.6898778380077997,washing,top_load
63.6,-0.10188450564952004,-0.15908157040867368,0.9920922954952527,1.4977928278599877,washing,top_load
63.7,-0.02018737199057366,-0.13939221925176765,1.0400913837363048,1.647301691434848,washing,top_load
63.8,0.0558492045146827,-0.11781847033450144,1.0071201431138155,1.98006305998653,washing,top_load
63.9,0.14923846949297734,-0.1334805986745809,0.9596181601646504,1.8605382105421655,washing,top_load
64.0,0.18096790241021393,-0.09351020370031028,0.953324817650052,1.8281201508258793,washing,top_load
64.1,0.1173043446266073,-0.032787709689719724,1.049943281762448,1.6495832165581328,washing,top_load
64.2,0.1660845727025077,-0.027263657207884,0.997290429692346,1.5695872561432915,washing,top_load
64.3,0.03928938776603265,0.075652557059374,0.9805776938289514,1.629126588669858,washing,top_load
64.4,0.012546199338990177,0.12306815627473236,0.9917802470530899,1.7935185259655977,washing,top_load
64.5,-0.08612818906233898,0.20955479096909213,0.95568076737048,1.9302265169590003,washing,top_load
64.6,-0.14808853922361212,0.1370146359938992,1.0426928544853487,1.9353551125702981,washing,top_load
64.7,-0.20393491505748873,0.13323580380759356,0.9882084118724191,1.8945918543725,washing,top_load
64.8,-0.13179612413179523,0.15071814841641878,1.0410220458321526,1.6893664703898084,washing,top_load
64.9,-0.11904454817442633,0.11725206703091748,1.0015495514334194,1.8036824748605982,washing,top_load
65.0,0.029018977075281848,0.030299934554943665,1.0428859592370532,1.7517986204944132,washing,top_load
65.1,0.1177668308294332,-0.01774840770838957,1.0077008349712926,1.7698215354757876,washing,top_load
65.2,0.10274185914640267,-0.040732939181727934,1.0255969798860722,2.105569184543972,washing,top_load
65.3,0.15876313153981872,-0.12612744844019025,1.02157279138265,1.5356999644494582,washing,top_load
65.4,0.11396231220966495,-0.14553648696248056,1.0186987319875591,1.764798477611661,washing,top_load
65.5,0.06931324593977008,-0.14612942217611832,1.0104380343154813,1.9817623360794236,washing,top_load
65.6,0.042034826150606414,-0.11630087037331915,0.9930144785165325,1.5801162757449694,washing,top_load
65.7,-0.05637483075800401,-0.14376716449170773,1.057463040747186,1.7034378862100625,washing,top_load
65.8,-0.063387545158435,-0.144957281319551,0.972791890447123,1.7206442253648542,washing,top_load
65.9,-0.16181006197039075,-0.10025081339604541,1.0001292292702948,1.7665065416919024,washing,top_load
66.0,-0.11267838747003875,-0.02836381407178879,1.0004465762562278,1.5606064260590675,washing,top_load
66.1,-0.09975966350057114,0.021040933811050523,1.0120732226003057,1.889292909050706,washing,top_load
66.2,-0.013430142782399235,0.09940967311332359,0.9871158206231649,1.8999430923769716,washing,top_load
66.3,0.02388875335482726,0.09924438312702615,1.0094423891676876,1.8762562987526923,washing,top_load
66.4,0.10119530076275357,0.12816000375255868,0.994934722443911,1.6694439488563377,washing,top_load
66.5,0.13919351106530523,0.12206489761983347,0.9525414244768631,1.8129766186180942,washing,top_load
66.6,0.12226137416392961,0.11031465381882441,1.0002865685877054,1.6650839640646369,washing,top_load
66.7,0.135439432453821,0.12631103545903666,0.9669830400090954,1.7501105008842732,washing,top_load
66.8,0.07472615307005706,0.05898465362640657,0.947968427126533,2.123020189075632,washing,top_load
66.9,-0.0009933441874776933,-0.012693797024329847,1.0041061996206815,1.8143543066394385,washing,top_load
67.0,-0.04205881822634051,-0.07769768215218555,1.014636500260587,1.621871013601924,washing,top_load
67.1,-0.09224371383281306,-0.11972733128008076,1.0158009412631372,1.827050301099587,washing,top_load
67.2,-0.16095234995971466,-0.12668350150419144,1.017015121210591,1.5972306110905037,washing,top_load
67.3,-0.11545761927227834,-0.13204876283852324,0.9420223293717817,1.6201484411227483,washing,top_load
67.4,-0.09097107179300638,-0.1715326759209323,0.9591694921627759,1.6438315296076813,washing,top_load
67.5,0.0007006594834331359,-0.12025812648781761,1.0592056431044101,1.7333535821706476,washing,top_load
67.6,0.05427056764169161,-0.14447992953312166,0.9685837371976889,1.9405453493383802,washing,top_load
67.7,0.17525129809938372,-0.02912343602844295,1.0183252309341007,1.8867597297025258,washing,top_load
67.8,0.1606149537745293,0.039792934989777366,0.9793918713500246,1.8784492992370994,washing,top_load
67.9,0.1291831840267707,0.058855423607078336,1.002390182178027,1.6351613151614186,washing,top_load
68.0,0.12397634499956339,0.16384110399741247,0.9810023739317921,1.7188028466846528,washing,top_load
68.1,-0.04631847725921488,0.11159762368179804,1.0168462346385894,1.8408001660324782,washing,top_load
68.2,-0.11564176074866223,0.15633375595000037,1.0041032235195009,1.705752002191738,washing,top_load
68.3,-0.09170182675977344,0.14215493931201922,0.986551306790673,1.7582450339548352,washing,top_load
68.4,-0.14552903416578167,0.11608962977387541,0.9684948364095787,1.8662038038794924,washing,top_load
68.5,-0.13514508843645,0.07694435420670952,1.0080332259247753,1.7476840978198047,washing,top_load
68.6,-0.14247394898885957,0.03501421738859424,0.9636184360287223,1.8339089383653038,washing,top_load
68.7,-0.038000494400239344,0.0047702187012162375,1.0128244312636252,2.0389092684029353,washing,top_load
68.8,0.09740876538676378,-0.029273502736553804,1.078794547271107,1.7742211801519505,washing,top_load
68.9,0.12740805448317843,-0.11195867914874988,1.0405051015378604,1.976900671457881,washing,top_load
69.0,0.14774967379855697,-0.11500699071808786,1.0215504366068249,1.8839055100961037,washing,top_load
69.1,0.1341714703061555,-0.17100563678049843,0.9974317810677655,1.579913700976985,washing,top_load
69.2,0.10373980086028531,-0.11908608216742475,0.9418374211898942,1.6346794456104714,washing,top_load
69.3,-0.008657253773296299,-0.13962909094986548,0.9603314081229944,1.6749606175395155,washing,top_load
69.4,-0.011070772407007686,-0.04444613198458427,1.0384837856830813,1.6717747624600825,washing,top_load
69.5,-0.06280329458941245,0.03821202913393267,0.9763073175962567,1.7864565380839779,washing,top_load
69.6,-0.18299263768502147,0.020733058140090115,0.9790224370550786,1.8921966072122733,washing,top_load
69.7,-0.16954651603344523,0.008132796508021733,0.9950304857294794,1.9882737625057085,washing,top_load
69.8,-0.16137312779230753,0.09792418865437055,0.9681386122346034,1.8462262633087625,washing,top_load
69.9,-0.1012235869595211,0.1777663326767595,0.963196937963451,1.7331480665920185,washing,top_load
70.0,0.001604448804655537,0.16659230361075733,0.9984857778165573,1.487663813455519,washing,top_load
70.1,0.009730986465601388,0.14827748660833348,0.9732541163598389,1.8105884363126008,washing,top_load
70.2,0.1450773019760152,0.14462642733036174,0.9777694426066331,1.8038655290542487,washing,top_load
70.3,0.17231966136225105,0.08844270440969844,0.9765642692155898,1.8274393130308437,washing,top_load
70.4,0.12819098022879688,0.0609273304027722,1.0156708064150342,2.1159360446555,washing,top_load
70.5,0.01374653254433418,-0.0005244868884487358,0.9930362292851392,1.986089481928961,washing,top_load
70.6,-0.011092573745426267,-0.03151491648511769,0.9946428409631843,1.9177591377374978,washing,top_load
70.7,-0.0182316248796206,-0.10600546271786418,1.0179083769192665,1.65568843048926,washing,top_load
70.8,-0.19891681483822243,-0.11490696370439107,0.9957388117530118,1.7230507876204886,washing,top_load
70.9,-0.15776878997510868,-0.15916644058506857,0.9916523869462848,1.7857733089607246,washing,top_load
71.0,-0.17805850079829258,-0.15751029723000937,1.014113510667105,1.683688931398447,washing,top_load
71.1,-0.0785449568417596,-0.06068814260106016,1.0200459353067288,1.8750696787477676,washing,top_load
71.2,-0.05755690163903021,-0.06411944953512107,0.9955877950147419,1.8535363273823557,washing,top_load
71.3,0.04942210369679386,0.0034778733731703516,1.0024182332686156,1.6367538310417962,washing,top_load
71.4,0.11964587846437684,0.03551326692064978,0.9765462931080001,1.9795225063644186,washing,top_load
71.5,0.19774525263617249,0.06277854971924769,0.9741795087050642,1.815346550071329,washing,top_load
71.6,0.14125482929904215,0.11942804657464585,1.0230744250590043,1.5406393279886623,washing,top_load
71.7,0.12685831750504417,0.18630950224502868,1.0133482618763388,1.7922985712482546,washing,top_load
71.8,0.010667018528879246,0.16646774571928535,1.0136589531524973,1.8421809683884358,washing,top_load
71.9,0.016912421864172,0.08669058231296825,1.0084256304617656,1.9459188542153611,washing,top_load
72.0,-0.11098305328601067,0.10288796041592899,1.0013860982744487,1.7493785395310075,washing,top_load
72.1,-0.15254668279253628,0.12072629619464781,1.020892356724683,1.924190740117081,washing,top_load
72.2,-0.1503714431097172,0.01051455187552862,1.0280532628306835,1.8280712980155325,washing,top_load
72.3,-0.17353571918550154,-0.089489210305576,1.0273368401557195,1.6027418086443632,washing,top_load
72.4,-0.065399950247392,-0.0267398759105493,0.9969766625216204,1.587724983977623,washing,top_load
72.5,0.029023988187750913,-0.10088077386185706,1.0416097818972652,1.9683839805224024,washing,top_load
72.6,0.08105106582017244,-0.1464045365022954,1.0068538204519697,1.9793976267572655,washing,top_load
72.7,0.07898226189994034,-0.16071636712155415,1.018971285776974,1.8484363845607086,washing,top_load
72.8,0.14598973043435062,-0.10404533770899874,1.0084626367250464,2.0243560081770045,washing,top_load
72.9,0.15798492495928812,-0.12298985358818032,1.0074102012245252,1.958491477356241,washing,top_load
73.0,0.03182812486489153,-0.02941920099928263,0.9779274402924905,1.9025443094219583,washing,top_load
73.1,-0.013442995379883815,0.0030881790891114213,1.0210405251503447,1.6633032766899492,washing,top_load
73.2,-0.02892237478025781,0.046466683708105465,1.0853588318472291,2.0597143126548514,washing,top_load
73.3,-0.10747412339044798,0.09100134967340567,0.9887561477562975,1.880445214831241,washing,top_load
73.4,-0.13498394014550086,0.11828084854283771,1.0021298414627484,1.7421241838082568,washing,top_load
73.5,-0.08687363321557484,0.17665667777557137,0.9866138420695821,1.6997594992042053,washing,top_load
73.6,-0.08862548253411713,0.12328236758413999,0.985359402953142,1.8385175672270786,washing,top_load
73.7,-0.017566842761729,0.0862530339300489,1.04633348434356,1.5493411372742318,washing,top_load
73.8,0.11862584889127728,0.12248119955869657,0.9798108694681761,1.9049509913029294,washing,top_load
73.9,0.09626792914658462,0.07937311519906887,0.9857775857990092,1.656964377795896,washing,top_load
74.0,0.11872199453571769,0.023825812504754518,0.9523752152880609,1.855591216323643,washing,top_load
74.1,0.16017697955671684,-0.030521038281955945,0.9772716482637326,1.721756949396276,washing,top_load
74.2,0.12874671729803677,-0.0993019588087522,0.9487480032113995,1.7603371930912945,washing,top_load
74.3,0.039417221144322084,-0.10200472487475229,1.0189541409763578,1.6864635190852404,washing,top_load
74.4,-0.04977189562128778,-0.14754577472062172,1.0839909166551194,1.7758155853228799,washing,top_load
74.5,-0.018872455181169062,-0.16343061202162695,0.9889996361904844,2.083406931902603,washing,top_load
74.6,-0.12591875375826048,-0.142577206689695,0.9499972620102929,2.0077589440572963,washing,top_load
74.7,-0.171672570706303,-0.04068073025488012,1.026999989932892,1.8531718432493185,washing,top_load
74.8,-0.099171279756917,-0.10901614678963797,0.9781922512320953,1.7962058601652573,washing,top_load
74.9,-0.07553740566209836,0.009340115728379545,1.0389804079166063,1.9266301786039328,washing,top_load
75.0,-0.007586443389540818,-0.004020763672476557,0.9915391285663017,1.9694955591161336,washing,top_load
75.1,0.08913123727269029,0.08943194181385916,0.9810455293275165,1.6755272426688708,washing,top_load
75.2,0.08789272077835251,0.11464034771457746,0.9946612733276294,1.7883841698551697,washing,top_load
75.3,0.16028282538175573,0.08442740895723977,1.0227333028280856,1.526706265564788,washing,top_load
75.4,0.19311270210185508,0.1599688894236999,0.9931773810773303,1.9684653165391344,washing,top_load
75.5,0.10215311770979334,0.12004486014081492,0.9850982589161889,2.1097536386551283,washing,top_load
75.6,0.0075136219211416316,0.03551167308610739,0.9940350519106338,1.812012393693463,washing,top_load
75.7,-0.07043184131555258,0.0786488245302158,0.9618443444649735,1.4812484812645477,washing,top_load
75.8,-0.12788718561672116,0.0449350913221749,1.0119109480688193,1.8913335774865547,washing,top_load
75.9,-0.1549619679507357,-0.005219201409544003,0.9463982021846526,1.664386625077638,washing,top_load
76.0,-0.1539926734270217,-0.08484490524275778,0.9866763563690345,1.700497583750331,washing,top_load
76.1,-0.0751927226570647,-0.1282067684216113,1.0227815562649223,1.8939864584686505,washing,top_load
76.2,-0.08929975617100014,-0.10783995155250614,1.0090914484879816,1.8381831188269087,washing,top_load
76.3,0.06316348458708526,-0.09721314261917918,1.0177096171895916,1.7267836836992099,washing,top_load
76.4,0.091291470135024,-0.09558145149265773,0.9980486298184357,1.7025591551097503,washing,top_load
76.5,0.15396691101513435,-0.12385972652919854,1.0350923854295655,1.8188754082831249,washing,top_load
76.6,0.11353345030327819,-0.04388258608200473,1.0277409759030938,1.738580167123145,washing,top_load
76.7,0.1554359184218517,0.015070390311242068,1.0133842301274303,1.633614429959549,washing,top_load
76.8,0.09258773170786261,-0.0008267272605357798,1.0278263733194062,1.7501155227782461,washing,top_load
76.9,0.009987730737857806,0.11256868315156537,1.0225127066321074,1.8509388934882776,washing,top_load
77.0,-0.13361043111767923,0.19963575678596085,0.9868160945995933,1.773284479977055,washing,top_load
77.1,-0.11085042573792044,0.16749584668471024,0.95968303264926,1.5879737102627722,washing,top_load
77.2,-0.13755835663516935,0.1911806503008895,1.0126108637752786,1.948359693206331,washing,top_load
77.3,-0.17480732623928089,0.13313661417306602,1.0163826769249429,1.3891782844585001,washing,top_load
77.4,-0.07299197262838099,0.09048239224403637,1.032714159734157,1.7330452267457348,washing,top_load
77.5,0.010936034670994054,0.057790690858675546,0.9719103617486412,1.7069702318169127,washing,top_load
77.6,0.08894530932995182,-0.03012832684001976,0.9728070682216851,1.8222268316807122,washing,top_load
77.7,0.13196702983376998,-0.08588011994530352,1.0137970079892331,1.8842492711704104,washing,top_load
77.8,0.15844095176966208,-0.06331078450307165,0.9978649903344075,1.9690147212391553,washing,top_load
77.9,0.17993239963749813,-0.09205019703603395,0.9434271516828662,1.693139268997176,washing,top_load
78.0,0.12494880514119275,-0.17855039466479172,1.0112532449126257,1.8879873506000222,washing,top_load
78.1,-0.06721166357883879,-0.1171390667813703,0.9444273125503314,1.8293727581822192,washing,top_load
78.2,-0.06474183954782976,-0.12823800527450285,0.9716423034437988,1.5432690937225166,washing,top_load
78.3,-0.1205165172426823,-0.07949149022391899,1.0405504411858033,2.0850810383151166,washing,top_load
78.4,-0.1999060447911118,-0.028946330187448445,1.0547463705342135,1.5841837309139701,washing,top_load
78.5,-0.13983298569730354,0.03924909197312344,0.9635303089458411,1.8629245908464573,washing,top_load
78.6,-0.06521933271699124,0.06291751141293919,0.9901182538776192,1.8584939916296621,washing,top_load
78.7,-0.06990051886244636,0.14635285573097798,1.0012786756923613,1.8413455173493616,washing,top_load
78.8,0.04739551123541941,0.14419317292775147,1.053436807827447,1.7258134676757588,washing,top_load
78.9,0.0752073615704092,0.16796818072128067,0.9852139315652679,1.9240878976710754,washing,top_load
79.0,0.12250111673388088,0.12028959642317893,0.9856934793090016,1.5659448789085357,washing,top_load
79.1,0.19166489663440475,0.18828965996540997,1.0464617667538858,1.7901256816989115,washing,top_load
79.2,0.09930025181301258,0.10073065320948957,0.9887563254184523,1.7154187985171312,washing,top_load
79.3,0.06908505757302325,0.0605161487038412,1.0216660512689937,1.6984053086899453,washing,top_load
79.4,-0.07493652851647604,-0.06142325381895489,0.9556857110466271,1.864312168118032,washing,top_load
79.5,-0.03229826100202142,-0.08854795442712837,0.9948630176772302,1.9616217814079526,washing,top_load
79.6,-0.11764448448070794,-0.06959384094383028,0.9502120948502079,1.74851163572447,washing,top_load
79.7,-0.15517900454374833,-0.12790916205397126,0.9683369865713288,1.9171021634888668,washing,top_load
79.8,-0.10938279352530589,-0.20698722708395964,1.0251760406545678,1.8074610998166898,washing,top_load
79.9,-0.1145576339836965,-0.11315545286840006,0.9985028382673986,1.6660901686142988,washing,top_load
80.0,0.03547592225257795,-0.13766603328682453,0.9904268277834107,1.7613071860138405,washing,top_load
80.1,0.06254350785036619,-0.04119183289692705,0.9775375112805724,1.7550771163812577,washing,top_load
80.2,0.12052710337384781,-0.03810991991167313,0.9933803178027615,1.695501013124183,washing,top_load
80.3,0.13495434081527574,0.02306965831163137,1.0090333950130208,1.8642724392983752,washing,top_load
80.4,0.11830451578753687,0.10262611977124907,1.0294874861938528,1.835196928155714,washing,top_load
80.5,0.10900790619272294,0.08242050498757145,0.9212455994770959,1.5614025452595874,washing,top_load
80.6,0.02647719053777663,0.10824937286986083,0.9750471647721157,1.5522711007140964,washing,top_load
80.7,-0.03566623866061002,0.14391559087895925,1.0047728872656703,1.8637026679808633,washing,top_load
80.8,-0.11584082710093221,0.16804486570063495,0.9970341065211314,1.67770703568082,washing,top_load
80.9,-0.13194709327698761,0.07917224221877116,1.0121012872758017,1.8453061732650486,washing,top_load
81.0,-0.15522393976202342,0.030332981250176562,1.0080262085837965,1.9171397367163783,washing,top_load
81.1,-0.03579011064701848,0.056512694299625146,0.9908539641101978,1.609357074389166,washing,top_load
81.2,-0.08434139556764161,-0.03875789297970356,0.9841944041203847,1.5882694118135723,washing,top_load
81.3,0.07513160278161476,-0.08237237021240346,0.992634955307935,2.0511647523592944,washing,top_load
81.4,0.14371928941093295,-0.16759548387183207,1.0344622704946822,1.852735617444369,washing,top_load
81.5,0.117093713265304,-0.15983585231379585,0.9780397620128286,1.7371139014990093,washing,top_load
81.6,0.21422129592598252,-0.15017964729142944,0.9981157983056813,1.6599089321030605,washing,top_load
81.7,0.14544169490472555,-0.11415341002052404,1.0055002664199526,1.723433872663908,washing,top_load
81.8,0.08435285310738994,-0.1399062502220931,1.0468105278962336,1.6214141495830035,washing,top_load
81.9,-0.017959319423863723,-0.027444646460254456,0.9909907522529106,1.9325118261135885,washing,top_load
82.0,-0.09468457259042978,-0.04864387791325564,1.0287641996803287,1.683487326959052,washing,top_load
82.1,-0.142006322681092,0.0039028207316753223,1.0369593820979506,1.96403018823244,washing,top_load
82.2,-0.1379880913746554,0.12002982778917318,0.9980873720502805,1.7399056620344984,washing,top_load
82.3,-0.08461360057428932,0.12071018122262915,0.9936784306276971,1.643497472457403,washing,top_load
82.4,-0.0668236245794178,0.12424933677773266,0.9901283898385536,1.7360547617979298,washing,top_load
82.5,-0.027343308694118412,0.1453460060645822,0.9923253059727225,1.4063749833747876,washing,top_load
82.6,0.09699586298680282,0.18140228597434485,1.0256271958173049,1.781884713498899,washing,top_load
82.7,0.15428371121714574,0.15835246124048788,1.0069302993176654,1.7744821213304762,washing,top_load
82.8,0.169343795117674,0.049405305854139256,1.007058691275096,1.9237114119821952,washing,top_load
82.9,0.158089025065653,0.023122560476861957,0.9662432946886049,1.517054260802493,washing,top_load
83.0,0.08003994393914167,-0.025402492357825622,0.9709752976787429,1.9742799541295322,washing,top_load
83.1,-0.009069689979269487,-0.10675313338271959,1.0643034047433093,1.9230898942496484,washing,top_load
83.2,-0.08126448582192652,-0.1184398968145535,0.9946652282413393,1.9878065345547995,washing,top_load
83.3,-0.16464088387010212,-0.14190505993565963,0.9767568401326492,1.7920917935993794,washing,top_load
83.4,-0.14023462926292493,-0.11574634402439297,1.042932974967679,1.9520845251154133,washing,top_load
83.5,-0.14516194094107207,-0.10324372203390367,1.0084542564605066,1.5793133947639644,washing,top_load
83.6,-0.11588169702519467,-0.12176745376439764,1.0173446475059356,1.90695713478068,washing,top_load
83.7,-0.12597204780507676,-0.07702418414062347,0.995858587741554,1.6843255856850083,washing,top_load
83.8,-0.00011604101609783563,-0.0007397745410290361,0.9904398072826959,1.5522897251365597,washing,top_load
83.9,0.13630728543139414,0.014245413020492273,0.9949124088250813,1.6313789222753459,washing,top_load
84.0,0.1227196974423785,0.09803322379896758,0.9585178548910412,1.8008296707943907,washing,top_load
84.1,0.15816083793900979,0.11646136517609398,0.9973621777174031,1.6763551187673595,washing,top_load
84.2,0.07385642351711244,0.114147724379837,1.0088809923112785,1.8564110297543701,washing,top_load
84.3,0.09837984737348554,0.12110544210451352,1.0555138970153126,1.5287643667493975,washing,top_load
84.4,-0.023120814836290818,0.18144653798581395,1.0025799719501565,1.4809353684576207,washing,top_load
84.5,-0.0794665759493651,0.10465264973891557,0.9299746887336908,2.0058581151215362,washing,top_load
84.6,-0.06595066411345048,0.11646810523046078,0.9971804370164613,1.9355700194102152,washing,top_load
84.7,-0.10421080624655865,0.0015193699095770782,1.0821851239932492,1.6426054746129288,washing,top_load
84.8,-0.13584615746391682,-0.026738693519608628,1.0259909870495512,1.799550053479419,washing,top_load
84.9,-0.09005965666136936,-0.01175104078267726,0.9756733316857423,1.9529260590301987,washing,top_load
85.0,-0.009766350345583602,-0.15307415149614095,1.0177331954329167,1.8628800912435908,washing,top_load
85.1,0.08755999856955131,-0.2012385857349055,0.9777395972533078,1.8222334644275218,washing,top_load
85.2,0.12349246479777691,-0.11097613110047519,0.9593857744135943,1.9642731121968895,washing,top_load
85.3,0.13784668491413637,-0.16132016876454355,0.9895489191029778,1.690393128719817,washing,top_load
85.4,0.17973949539117393,-0.10735154250458248,1.002745793177166,1.8046767672996944,washing,top_load
85.5,0.08474149109053913,-0.08144444004831487,0.9438353349269981,1.7973227042561413,washing,top_load
85.6,0.08778765782577388,-0.005132796053962342,0.9655252212838409,1.7590856928493437,washing,top_load
85.7,-0.052496405990139855,0.010610139727911416,1.0003100668954708,1.7415291732868872,washing,top_load
85.8,-0.06201743458962586,0.08123770287683756,0.9877548047203314,1.8109302356742736,washing,top_load
85.9,-0.136623504927985,0.13702434944096073,1.0118443381343827,1.8051611243978292,washing,top_load
86.0,-0.1137696602467902,0.11503820758106625,0.9635599501807431,1.642735853619821,washing,top_load
86.1,-0.12442039743483986,0.1282401316578189,1.021423412456599,1.920269386485067,washing,top_load
86.2,-0.06291625975235328,0.12448930272700168,0.9644872270881941,1.6535422188350613,washing,top_load
86.3,0.05109466172517059,0.06118353284513802,1.0492820290581288,1.767264983317924,washing,top_load
86.4,0.13233866316326628,0.047759135873085445,0.9485272514686505,1.7557079290919924,washing,top_load
86.5,0.143866172504287,0.012982474126485639,0.9672233718884976,1.8537155418988824,washing,top_load
86.6,0.10875128755679322,-0.05473935761814461,1.0125211240909548,1.4821344089674002,washing,top_load
86.7,0.07476923542768901,-0.09782704224657644,1.0499269975449292,1.9336364722394188,washing,top_load
86.8,0.012404590837119457,-0.1262262561335149,1.0094512910834852,1.6984514478581754,washing,top_load
86.9,-0.07182864842282553,-0.16585133479095554,1.0168857376054716,1.9829944942165583,washing,top_load
87.0,-0.08488322706045329,-0.128085328221166,1.0005261070501918,1.728275261322577,washing,top_load
87.1,-0.10197274021866115,-0.09014112357798033,0.9692080463765442,1.7926734621398985,washing,top_load
87.2,-0.15010648287198491,-0.11523133298401952,0.9852958495528186,2.0870679060102635,washing,top_load
87.3,-0.19446163154543958,-0.04241091738394501,0.9636427084005617,1.7583992686809498,washing,top_load
87.4,-0.07798586492529325,-0.012842042063530889,0.9616387009666939,1.985827482701019,washing,top_load
87.5,-0.004883969898982329,0.05731716950739289,1.0120524675795923,1.805856762834684,washing,top_load
87.6,0.13514301362201275,0.1396523278996416,0.9663046605373612,1.8623128245440235,washing,top_load
87.7,0.08293505143771747,0.1429089585597476,1.0095866202017008,1.8104937884117063,washing,top_load
87.8,0.13798368118626478,0.09377582169334626,0.9609453174333671,1.9271777439450186,washing,top_load
87.9,0.18689963828623868,0.16191763065409598,1.0088914906035027,1.6971702580720422,washing,top_load
88.0,0.10166713808426903,0.16843191430585172,0.9853395229311112,1.6523927215471224,washing,top_load
88.1,0.03569937724014502,0.09183997826300583,1.0421984660095194,1.7042135714434468,washing,top_load
88.2,-0.05178114979198269,0.08333082599052843,1.009711566867372,1.8149565564486136,washing,top_load
88.3,-0.10567868025664565,-0.018818560252045938,1.0370734867898241,1.7668771821674507,washing,top_load
88.4,-0.12401480170094813,-0.09448910646411618,0.9773305985072442,1.9065412314706764,washing,top_load
88.5,-0.166943067011056,-0.09137852789732169,1.001684300207325,1.9957097549732281,washing,top_load
88.6,-0.07634030852206064,-0.18228281420131137,0.9705673852565116,1.6536242494147488,washing,top_load
88.7,-0.0784935735812951,-0.1548777805661883,0.9875918427176674,1.6899076812579101,washing,top_load
88.8,0.047154522259669096,-0.10907938230001654,0.9921368733176611,1.584564087253072,washing,top_load
88.9,0.10804429478789193,-0.18688139975131557,0.9782242533793858,2.1045559486138656,washing,top_load
89.0,0.1241696847985105,-0.13399850233972246,0.9635349142346291,1.845700424868274,washing,top_load
89.1,0.14666252934953436,-0.08088389903330095,0.9575944802904204,1.8719703480077368,washing,top_load
89.2,0.09690078183640091,-1.4689808826649558e-05,0.9298075565287781,1.598968742245343,washing,top_load
89.3,0.02306764309685245,0.042490278237597566,0.9683096060948962,1.799824501648969,washing,top_load
89.4,-0.02940842728305548,0.14046195481382379,1.0188248169001553,1.8763871976619628,washing,top_load
89.5,-0.12128744690501743,0.16007645187932742,0.9520450440396016,1.7620863464198362,washing,top_load
89.6,-0.12604013394710173,0.16315595009274358,0.9589563146124008,1.9613558437239593,washing,top_load
89.7,-0.18420657408881141,0.15134716728795358,1.0537269571369874,2.1467746688464246,washing,top_load
89.8,-0.10528987813557136,0.13944606557875036,0.9809051185045524,1.6579405759359074,washing,top_load
89.9,-0.10770742315311958,0.0668194713041508,1.009631380274945,1.6466869131034956,washing,top_load
90.0,-0.016988847467432247,0.0720688597629459,1.0192695143950148,1.6683365901707137,washing,top_load
90.1,0.053524948868796,-0.039014855031257234,1.0198757838934385,2.0409298740024737,washing,top_load
90.2,0.16640359069154587,-0.03190555451119977,0.9543305730817582,1.9563532975544526,washing,top_load
90.3,0.159612707632738,-0.06571564615458354,0.9930682096030153,1.7796708273309527,washing,top_load
90.4,0.1293720437935691,-0.1268945292593902,0.9514531819144483,1.8054839496601311,washing,top_load
90.5,0.10312937107596261,-0.15410359696603085,1.0733895357673098,1.6775184560704919,washing,top_load
90.6,-0.04441578538524041,-0.13416973366869728,0.952153742079532,1.9335040736614777,washing,top_load
90.7,-0.05651269059192818,-0.21147475710934316,0.9685647934339054,1.743014726383717,washing,top_load
90.8,-0.055651561082222,-0.08061800090406912,0.9687819743547549,1.7609885190817502,washing,top_load
90.9,-0.1433726924172228,-0.046153509305695825,0.9551001856983136,1.8913184657293887,washing,top_load
91.0,-0.1406210823691949,0.007899734537678584,1.0405778172926963,1.771800759287517,washing,top_load
91.1,-0.08623821450003925,0.08163194074398104,1.0726734370325048,1.764755100975323,washing,top_load
91.2,-0.010435325775296572,0.10180492822497712,0.9857275264206214,1.8015862808293612,washing,top_load
91.3,-0.022620517711970843,0.10070458203541839,0.9603873055946677,1.9193033120689615,washing,top_load
91.4,0.05221227143557283,0.1450005724224336,0.9328922350382194,2.046973961322575,washing,top_load
91.5,0.14896721617685613,0.14731413869172033,0.9926767384443369,1.8878229348369124,washing,top_load
91.6,0.1258967907523797,0.12697790699169853,0.9905090373051567,1.92049713354364,washing,top_load
91.7,0.1549377442829636,0.09149348653189371,0.9804611162091956,1.7700218906848313,washing,top_load
91.8,0.045763451206146145,0.0703072972910461,1.006641257619287,1.6938303205246925,washing,top_load
91.9,-0.07683590710604173,-0.045758716073636,1.0118551942844647,1.8980979348352673,washing,top_load
92.0,-0.12620820534918917,-0.05859588004981252,1.009692497738137,1.8256861236900856,washing,top_load
92.1,0.9424795271323438,1.09266140496832,0.9905162538409454,1.5866057026875378,washing,top_load
92.2,1.0039660902084329,0.9721396250802983,0.9669513451127721,1.7507895564861604,washing,top_load
92.3,1.0283931529479233,1.0165094309754714,1.0199749929342015,1.787565446477767,washing,top_load
92.4,1.075696933182451,0.9988283597940572,1.0003754127826459,1.7234313199457283,washing,top_load
92.5,0.03236637117089216,-0.13247386069043676,1.0266507257450395,2.022260339181319,washing,top_load
92.6,0.10821864621075399,-0.11067556756966572,1.0237022664841668,1.8719758555353325,washing,top_load
92.7,0.12153753612461846,-0.04056137102457675,0.9573471379285865,2.005976237683297,washing,top_load
92.8,0.0856631992399347,0.07216612616382552,0.9569733337762719,1.839513789247824,washing,top_load
92.9,0.1542425052846714,0.029324571578185833,0.9773337784377841,1.8122081754637618,washing,top_load
93.0,0.10482859469912652,0.07425699403884557,0.9683120377512799,1.6595103273584626,washing,top_load
93.1,0.02808173213935654,0.09897673999997503,1.022657553279283,1.801789429979485,washing,top_load
93.2,-0.02577429042345939,0.20163309208974564,1.0105392902796375,1.801958088851316,washing,top_load
93.3,-0.1505218293101974,0.12935949054636006,1.0329755198135593,1.594932917394865,washing,top_load
93.4,-0.08708042602374921,0.11832938798674386,1.0118946045223276,1.7190708795344407,washing,top_load
93.5,-0.1714413100385304,0.068290531013667,1.006259487456201,1.7515076102225458,washing,top_load
93.6,-0.0802053780732842,0.0034683801362199278,1.0359918934103252,1.8620219316083582,washing,top_load
93.7,-0.08792391390712549,-0.027723063001125203,1.0140918201920515,1.8692025167978559,washing,top_load
93.8,0.009395542456625414,0.0031417183472992327,1.0020430289031315,1.7128022277052193,washing,top_load
93.9,0.14817312529106522,-0.07012904418439858,1.0444135910179206,1.8703304403812828,washing,top_load
94.0,0.13483148275424686,-0.16505460741700562,1.0034554264945836,1.7726881605977225,washing,top_load
94.1,0.17254076576328853,-0.13052540530064421,0.9908697818524623,1.3695569962717566,washing,top_load
94.2,0.1226856480779477,-0.16701042892920526,0.9748653022366706,1.7272946952072687,washing,top_load
94.3,0.05206993822270369,-0.17006037440044408,1.0210907637713624,1.9618482960213568,washing,top_load
94.4,0.02211552471333045,-0.0465806025372843,1.037111516255274,1.547729136505848,washing,top_load
94.5,-0.09526755258342792,0.006695588211443598,0.9984823779569971,1.816903680062331,washing,top_load
94.6,-0.18914620109680502,0.05577714231066624,1.0392374687133952,2.037789182127793,washing,top_load
94.7,-0.17380121202279192,0.05981314375565451,0.9408995490408527,1.685908057048428,washing,top_load
94.8,-0.11011343696425444,0.10936310463165118,0.9983363987557625,1.8003223620641529,washing,top_load
94.9,-0.0603977779243836,0.16330304525782469,0.998797152636867,1.604397561415812,washing,top_load
95.0,-0.047011747507069615,0.16174488112044322,0.9781901688277795,2.0440846712495357,washing,top_load
95.1,0.05053277553300895,0.12900095450917218,1.0715158311394561,1.787500105950508,washing,top_load
95.2,0.10919754834923551,0.06579422204817059,0.9980142210193371,1.8069940264191027,washing,top_load
95.3,0.13873992144081376,0.07732535705650845,0.987768076851867,2.0031450698258433,washing,top_load
95.4,0.09444665021185622,0.05676586395631991,1.0007788634030053,1.8992217591968221,washing,top_load
95.5,0.06931665460029013,-0.06403484585888042,0.9399155878442251,1.668655690125489,washing,top_load
95.6,-0.0030583295231312105,-0.05800314861693757,0.9772039622396526,1.7029083113869026,washing,top_load
95.7,-0.0320726851098472,-0.10682309438104205,1.0294971990833621,1.8742396956784948,washing,top_load
95.8,-0.09130334708666019,-0.11956029785224159,0.9811316393520167,1.706381841740559,washing,top_load
95.9,-0.15171740135196823,-0.12379336340092474,0.9751337451159918,1.482413503181921,washing,top_load
96.0,-0.1544196713203957,-0.16030043014100073,1.039285769095432,1.7920138802041383,washing,top_load
96.1,-0.09848433652813494,-0.1603999538185795,1.040207632028555,1.5779681008312787,washing,top_load
96.2,-0.06180073629839846,-0.08661117559529041,1.0155097141648342,2.042442263034559,washing,top_load
96.3,0.002898520609697454,0.006005275923110804,0.98634647997884,1.826518145664473,washing,top_load
96.4,0.07447542962153512,0.01554094938252636,0.9928158680465103,1.6642237414884637,washing,top_load
96.5,0.12361408252512929,0.05955271953111872,0.9758755011527512,1.695205137800632,washing,top_load
96.6,0.11243887361553606,0.06445804953943048,0.9701568064291407,1.516590361818912,washing,top_load
96.7,0.12043877318825524,0.19580910834852466,0.968667505350747,1.6350807169829245,washing,top_load
96.8,0.07711015311621822,0.1745819527336623,0.9814583677964438,1.9524484803811049,washing,top_load
96.9,-0.06641293405859107,0.16113165654312597,0.9689583702794576,2.1347679218238587,washing,top_load
97.0,-0.08741392650739158,0.13837705571659967,0.9530888464437055,1.908959476979844,washing,top_load
97.1,-0.14232213172789185,0.08455873325981085,1.006582080092617,1.7861936192068457,washing,top_load
97.2,-0.13945874869813657,0.009598592075639824,1.007037867426803,1.7352060936519125,washing,top_load
97.3,-0.1270373518684118,-0.040387772677222336,1.0510237827528495,1.6565256279635456,washing,top_load
97.4,-0.11587102951320596,-0.09635827341099068,0.9799498489493589,2.1089648849009612,washing,top_load
97.5,-0.03787167896571937,-0.04231032652378677,1.008883017688698,1.7716876947203437,washing,top_load
97.6,0.07314575838279849,-0.1276267897989274,1.009381377378244,2.117344474509376,washing,top_load
97.7,0.15751261641766928,-0.16348784827963503,0.992384873166234,2.009027926441509,washing,top_load
97.8,0.08327838813295058,-0.12255099237776351,1.0223300076624904,1.538880535298059,washing,top_load
97.9,0.1460958552639493,-0.13705641911708594,1.0232568756055214,1.7001071406361064,washing,top_load
98.0,0.12385644800250212,-0.018731692177087853,1.0098223328559262,1.6996432313739267,washing,top_load
98.1,0.014209208748466175,-0.03300975235683735,0.9923308088485662,1.788023045384139,washing,top_load
98.2,-0.03871260802190554,0.05415878892215638,0.989274096743364,1.7909528620329371,washing,top_load
98.3,-0.13666905884329744,0.1186152344056262,0.9589673830360882,2.2494358643097216,washing,top_load
98.4,-0.15092407358761045,0.13507294597041375,0.9758224666414692,1.6384158188287863,washing,top_load
98.5,-0.19128588299351765,0.14812157392388398,0.9813397742829494,1.8343454903496585,washing,top_load
98.6,-0.17301236514187307,0.14956671509287617,0.9662808471271169,1.8924761613701706,washing,top_load
98.7,-0.00902050903797096,0.133217554828345,1.0131977190006298,1.7997641993296205,washing,top_load
98.8,0.007753635242989415,0.08674704120409917,1.0358988360696102,1.8165270866672036,washing,top_load
98.9,0.08901623053919899,0.04695146246396183,0.9727581270301255,1.643278665854012,washing,top_load
99.0,0.10106520984616518,0.05380628913893647,1.008503243072339,1.8159729291904023,washing,top_load
99.1,0.10504399651678754,-0.046008988351049274,0.9689766658141087,1.8767098494261558,washing,top_load
99.2,0.11036185541352919,-0.11325963554011027,0.9908523348718251,1.8491400876406694,washing,top_load
99.3,0.033331367078635654,-0.14111813391216185,0.9792901126246667,1.8855301355868137,washing,top_load
99.4,-0.007460855094804904,-0.11316791049707009,1.0180568694581933,2.011891185095435,washing,top_load
99.5,-0.0745916352744796,-0.12854900620223814,0.9796363547847347,1.9405449812871514,washing,top_load
99.6,-0.12609856848016082,-0.11641059197506654,1.0303498124111994,1.8106941920246156,washing,top_load
99.7,-0.1425459855363872,-0.10902555718545079,0.992628376790134,1.6242362472175085,washing,top_load
99.8,-0.07931614267734646,-0.03976599022308515,0.9805118887121551,1.7099992087933322,washing,top_load
99.9,-0.10429086418660183,-0.024960361149012244,0.9624008421296452,1.7670553272123877,washing,top_load
100.0,-0.001648045986089884,0.03856412821586731,1.0075961353088605,1.8378518747012171,washing,top_load
100.1,0.10624374573083878,0.12177307658529528,1.0268565520667854,1.7282500857750909,washing,top_load
100.2,0.16458538310544163,0.15387750263677138,1.0081996376961062,1.6596400201223473,washing,top_load
100.3,0.10705109978390306,0.11752096247911148,1.0671649499924327,1.6217701966319495,washing,top_load
100.4,0.12635339462022493,0.12263196812342948,1.0428936235741126,1.5523233361416704,washing,top_load
100.5,0.12891142071988898,0.13470706659098436,0.9907741670584895,1.7647573944338146,washing,top_load
100.6,0.034042358190622485,0.150271834603032,0.9904591769857879,1.5795501836894543,washing,top_load
100.7,-0.04936079195830749,-0.004005173127079112,1.0140909015845605,1.6499211473763913,washing,top_load
100.8,-0.12210752721940439,0.010234894169628889,0.9748594245872294,1.7409147190733547,washing,top_load
100.9,-0.1588571153805353,-0.09120423162564115,1.0349886491959746,1.5996124035912849,washing,top_load
101.0,-0.1340119055515627,-0.11464352826806953,1.0108480156553075,1.8569628282748045,washing,top_load
101.1,-0.11025328963883985,-0.14052136512084856,1.007693767325756,1.9110334595408531,washing,top_load
101.2,-0.038580841706060555,-0.1602999004824878,1.0206086100331244,1.7175859470336903,washing,top_load
101.3,0.03966144425817578,-0.1636985283691581,1.0516848965010717,1.7344459038584998,washing,top_load
101.4,0.08233992003449844,-0.1293723007676367,1.005128660565625,1.8806144655208616,washing,top_load
101.5,0.15862235866071478,-0.11167126546122391,0.9966087888738585,1.6929007354147982,washing,top_load
101.6,0.9414327175164705,0.6128656372306195,1.0452615886996774,1.6825899132604059,washing,top_load
101.7,0.7689296776912871,0.7319432848128871,1.029026512479734,1.9794747717279435,washing,top_load
101.8,0.7716013490831055,0.782710237276156,0.9903706047884884,1.932628160806918,washing,top_load
101.9,0.6650566027614879,0.8304453831183264,1.0001555934597706,1.890232500351588,washing,top_load
102.0,-0.07084571051829151,0.0852239671186534,1.0058614274781639,1.938846693209114,washing,top_load
102.1,-0.13432733367006408,0.15726530628821062,1.0108543883381496,1.5034081911948955,washing,top_load
102.2,-0.12684836604296704,0.16725762353184587,0.9593020044718266,2.003075332018966,washing,top_load
102.3,-0.09138399153004312,0.0967131102160187,0.9537254617659532,1.8588093174875613,washing,top_load
102.4,-0.06649041758220799,0.09295413940901698,0.9733782993399264,1.9516172076008602,washing,top_load
102.5,0.03396156865242505,0.042864549796933764,0.9710578467096598,1.8580742668674544,washing,top_load
102.6,0.0019341143015925988,0.04961099235656803,0.980685279580825,1.8073387237020235,washing,top_load
102.7,0.17436275776278232,0.0007680167821077707,1.0190413192627001,1.7587036181456919,washing,top_load
102.8,0.16095587382101056,-0.15123061301805352,0.9949321253102579,1.8550716565329308,washing,top_load
102.9,0.16805935854225923,-0.058402657150188594,1.0058918381503057,1.7532378136643172,washing,top_load
103.0,0.05157151549863075,-0.1762739768317706,0.9632708976987322,1.930181415009767,washing,top_load
103.1,-0.00612311141351159,-0.11675883208816501,0.9861507339123716,1.56203150331717,washing,top_load
103.2,-0.05084053407835936,-0.09651426658041176,1.0176177298523452,1.7187636207308583,washing,top_load
103.3,-0.1160881230964899,-0.11955645426388481,1.017848573745304,2.106723487271497,washing,top_load
103.4,-0.13885102996900361,-0.027954855555325824,0.9782627851543627,1.7060879304641412,washing,top_load
103.5,-0.11012302261637544,0.0061925656014050765,1.0048498715913865,1.7641974415404784,washing,top_load
103.6,-0.15563867534839554,0.07706586549601283,1.0659654356044699,1.6676128599974887,washing,top_load
103.7,-0.00808891092320596,0.11096816494333983,0.9994720621223309,1.8503768509328737,washing,top_load
103.8,0.03755194037346447,0.17080097229605995,0.9792043916157266,1.6895602664786709,washing,top_load
103.9,0.0965686100555685,0.15150463884157714,0.9947871283191352,1.7721583597789425,washing,top_load
104.0,0.09852502041272555,0.1402512520865066,1.002765313225805,1.9273299804052606,washing,top_load
104.1,0.1624345476606106,0.15641181663598186,0.9954649485792835,1.6951854871777776,washing,top_load
104.2,0.04315375088543939,0.10404778445910084,0.999059358979705,1.9182916678897832,washing,top_load
104.3,0.07467050323987053,0.06108062777312154,0.9566965960918948,1.9233343973340535,washing,top_load
104.4,-0.0635631600988397,-0.03311527965036816,0.9711210857474215,1.9582434142078942,washing,top_load
104.5,-0.08656405046534646,-0.0952247771767149,0.9955199428878551,1.8210811492377061,washing,top_load
104.6,-0.13929912298973837,-0.12376201587896836,0.995041960899327,2.286188861546518,washing,top_load
104.7,-0.11461786484542431,-0.15514053717316417,0.9830143217542,1.9581800544813124,washing,top_load
104.8,-0.13200884389572215,-0.12598785697950424,0.9946895924177069,1.848731643661024,washing,top_load
104.9,-0.09308720794962907,-0.11502462922909264,1.001830445662426,1.6686113378877399,washing,top_load
105.0,-0.015198080879134325,-0.1260064578422164,1.0266824036957358,1.785441131118879,washing,top_load
105.1,0.11044953417789463,-0.040603771908500036,0.9970236479432185,2.013949046535005,washing,top_load
105.2,0.14273809790072955,0.005579232259393323,1.0119730961589477,2.0564301923439405,washing,top_load
105.3,0.13813510981854565,0.02423042522302902,0.9837519909569824,2.0217493650660345,washing,top_load
105.4,0.1286306652709675,0.04260072926721366,1.0171628717079544,1.917778846009443,washing,top_load
105.5,0.04115247512631132,0.15660659359627277,1.0112719089283706,1.6116509690556642,washing,top_load
105.6,0.03045421106020113,0.13620425657402574,1.0259745100953945,1.8730742726738505,washing,top_load
105.7,-0.10801315413356846,0.153595499383832,1.0214038138733346,1.6137896432920504,washing,top_load
105.8,-0.09302309244130363,0.13304153094380072,1.0176620686864344,1.5768793209928862,washing,top_load
105.9,-0.1434844398345657,0.09240485000826155,0.9970474777402666,1.8358738026865857,washing,top_load
106.0,-0.07104992345705614,0.03631483633739296,1.0073481768113342,1.8784799170904627,washing,top_load
106.1,-0.13568613250103775,0.05078711619503677,1.0319052678535459,1.9355065647721208,washing,top_load
106.2,-0.04038334580595049,-0.044170575219585215,0.9804377629179162,1.874570436057914,washing,top_load
106.3,0.09125211410241227,0.02118034704511207,0.981147766639094,1.8797378978614123,washing,top_load
106.4,0.13842375509804886,-0.14447337929200255,1.005442941938511,1.6523021122511437,washing,top_load
106.5,0.12177211589687591,-0.1771879471326765,1.0124583907079636,1.7842534972973,washing,top_load
106.6,0.1540621104605077,-0.1346484669240916,0.9752768050220799,1.5739324821548268,washing,top_load
106.7,0.11563696710882179,-0.09618534138019416,0.9977571230976008,1.4994946305899708,washing,top_load
106.8,0.06367735892453195,-0.11483165552675895,0.9971800367731365,1.911096406476461,washing,top_load
106.9,-0.03976039811418841,-0.05999865746160975,0.9335415965318958,1.6870313409313562,washing,top_load
107.0,-0.0908473999248875,-0.0834136197116297,0.9934121803222372,1.9308747753214581,washing,top_load
107.1,-0.18366562912820306,0.0040702284084707455,0.995280465014546,1.9662521366820058,washing,top_load
107.2,-0.14565030570819823,0.04170062935811723,0.9951912117153094,1.7071024013065204,washing,top_load
107.3,-0.11314856862264935,0.05751500115327625,1.0424774282373181,1.8885466641832949,washing,top_load
107.4,-0.07908563349457381,0.14431948566879566,0.9635260510447338,1.7008264907079538,washing,top_load
107.5,-0.048451526717548335,0.08271517135168699,0.9752613228638616,1.5231181688059765,washing,top_load
107.6,0.10191900700079293,0.10114419966546195,0.9216341260504199,1.8184964106663688,washing,top_load
107.7,0.13758493996508792,0.0982505628313166,0.9855725000147758,1.729368918042636,washing,top_load
107.8,0.1279235563332113,0.048970526153713244,0.98813069337622,1.7339866484119302,washing,top_load
107.9,0.1273060444647601,0.03628782984544564,0.9847006847099723,2.096301467676829,washing,top_load
108.0,0.043147705760417904,-0.01893979143077582,1.0332303201845128,1.5711214525900994,washing,top_load
108.1,-0.011962318798684271,-0.0503519676891557,1.025818525670109,1.8574306703057206,washing,top_load
108.2,-0.07135302329341267,-0.09419783325366897,1.0023357017280192,1.6507789144282874,washing,top_load
108.3,-0.07872436204795866,-0.1078403620683684,0.9888816083938041,1.9362392113900988,washing,top_load
108.4,-0.16652818933592836,-0.15001018039276653,1.030785690043206,1.8447646854262598,washing,top_load
108.5,-0.12345206766441041,-0.13036246585873898,0.9994072642049244,1.856901652377092,washing,top_load
108.6,-0.11883155197515444,-0.09654576075605342,0.9754518988324463,1.658266557359661,washing,top_load
108.7,-0.02986505624917326,-0.06635588890307069,0.9485125396754635,1.6851618130067516,washing,top_load
108.8,0.03306161801040832,-0.032584372900217165,0.9867605651831295,1.9390875761018829,washing,top_load
108.9,0.128873763892084,0.021827790458106927,1.0226393085151781,2.0656196582591346,washing,top_load
109.0,0.1266141372977168,0.0558472672969515,1.0682961606862926,1.8720461725836282,washing,top_load
109.1,0.10016724010923064,0.1317470646944663,1.0018483103856843,1.6653868918842851,washing,top_load
109.2,0.07411851547545889,0.14040922648944015,0.9770393345463909,1.8508407783693104,washing,top_load
109.3,0.039262358084422605,0.12991533097179989,0.9644510437514736,2.1641208066506414,washing,top_load
109.4,-0.05627178415498715,0.11816743252514413,1.0165586468891679,1.8153634216078367,washing,top_load
109.5,-0.07586142737348059,0.07303333227972977,0.947061518428472,2.01927612890904,washing,top_load
109.6,-0.14969710281564125,0.0966227226506298,1.0165103530421467,1.6889505951241932,washing,top_load
109.7,-0.0784658127634476,0.0192869878169764,1.0245313481878873,1.793687092254542,washing,top_load
109.8,-0.17878062667941716,-0.06135885014074896,1.013088383596986,1.8929347809188315,washing,top_load
109.9,-0.06615405575396145,-0.05927490998516885,0.9934101498418433,1.8595992462394297,washing,top_load
110.0,-0.033838590705172714,-0.1381660134500697,1.0169482196064044,1.6850416979833258,washing,top_load
110.1,0.0574610109037705,-0.18649916954827844,1.005128151133849,1.67857238143041,washing,top_load
110.2,0.13089177302551672,-0.11893716636251843,0.9766562847441822,1.9482426604653988,washing,top_load
110.3,0.0799428680180116,-0.15262880528973757,1.0555123696712507,1.9787326218975219,washing,top_load
110.4,0.142828841373542,-0.11899732428765804,0.9894496186116846,2.026821533718288,washing,top_load
110.5,0.14525501171209643,-0.06263149312428669,1.0232725690134972,2.07058957248793,washing,top_load
110.6,0.005196836083593033,0.021099997201083236,0.9274415715191285,1.8201929154483896,washing,top_load
110.7,-0.04742444719853512,0.03972734466946636,1.0382941264834278,1.753320113365261,washing,top_load
110.8,-0.08482933562260253,0.05066239172897768,1.0440629123396374,2.0026486408167705,washing,top_load
110.9,-0.15226169261011277,0.13984619976762622,1.000895013613799,1.906960392277738,washing,top_load
111.0,-0.16008728310021966,0.13073778244144174,1.0167631310421328,1.6526317111998614,washing,top_load
111.1,-0.17095415800095812,0.20588037169307938,1.016755455448227,1.6449546501721632,washing,top_load
111.2,-0.01807376149287831,0.13487719607502022,0.9807164929107782,1.8737895302034464,washing,top_load
111.3,0.03390843078285746,0.03699693093496213,1.0164136691631802,1.7734088007774,washing,top_load
111.4,0.07230155034765835,0.07115691452172047,0.9757410859038234,1.7960355067888953,washing,top_load
111.5,0.14645637875260234,0.06775651169721233,0.9817372922906402,1.9608800047065293,washing,top_load
111.6,0.12983267690511965,0.004524719285872468,1.033808294296369,1.9138555717477554,washing,top_load
111.7,0.0997242024829008,-0.03475711879593246,1.0292397307210062,1.9994809872627648,washing,top_load
111.8,0.07340741758596465,-0.1562220115677621,0.9788087349365262,1.510269584043995,washing,top_load
111.9,-0.05895145737436294,-0.11881445903868218,0.9779927096949688,1.8380096875831802,washing,top_load
112.0,-0.05674832926165604,-0.17047704138927347,0.9806321019262698,1.904203278359581,washing,top_load
112.1,-0.1776546427634519,-0.12649178533952907,1.0219791869939647,1.5710121214968475,washing,top_load
112.2,-0.16958505151489883,-0.13948849408034686,0.9700004565756881,1.7017656538035042,washing,top_load
112.3,-0.06896080300330937,-0.07630053727476016,1.0107013791710786,1.673927225650662,washing,top_load
112.4,-0.038442408265981026,-0.025940928321398323,1.022405404319029,1.8032547256589875,washing,top_load
112.5,0.0029281197748626184,0.07330920756051372,0.997352636491207,2.0441780953041095,washing,top_load
112.6,0.04404714465021617,0.1167005156136349,1.030301910905948,2.1033884106997354,washing,top_load
112.7,0.11077101962430469,0.13595376414912563,0.9908706949153062,1.6778568670390077,washing,top_load
112.8,0.15190226870181125,0.10646561531597462,0.9935843319701826,1.8789835875740362,washing,top_load
112.9,0.13684975484009185,0.13894857869219598,0.9706826130660443,1.8838196778213474,washing,top_load
113.0,0.08544165995509084,0.10906250751829888,1.0305153204286062,1.8581438657272122,washing,top_load
113.1,0.01787500961212324,0.12457813606377922,0.9770043865906339,1.8598469452108852,washing,top_load
113.2,-0.06164993619385574,0.08880732739150349,1.0104931545314517,1.8455613753676992,washing,top_load
113.3,-0.15883634848556621,0.03357647356343731,0.997860517986222,2.053135518120963,washing,top_load
113.4,-0.16283840987412823,-0.07257951426095205,0.9684165081066501,1.9653699771552087,washing,top_load
113.5,-0.11521975582466915,-0.17779959213098323,0.9817269056853004,1.64097691536026,washing,top_load
113.6,-0.14373209481584379,-0.18259736952282013,1.041486167171222,1.9193581621320823,washing,top_load
113.7,-0.04299014842090387,-0.10503584083691384,1.0060497262790344,1.9338560061767178,washing,top_load
113.8,0.012710865211601058,-0.15972229835897603,0.9697254897589948,1.8472450930727684,washing,top_load
113.9,0.10602257877124804,-0.1521102511268797,1.0091598486204607,1.9697136555754096,washing,top_load
114.0,0.13099948201226763,-0.04633378965921727,0.9956165790521636,1.8282111051448555,washing,top_load
114.1,0.19166489755854477,-0.011968133313806327,1.1036213920673255,1.8300701581614376,washing,top_load
114.2,0.13077448104207828,0.0026183676400888404,1.0085537152402682,1.8181860817015565,washing,top_load
114.3,0.015864587929393083,0.044659689075062146,0.988581254588009,1.4972633871300498,washing,top_load
114.4,0.001336855313761303,0.09452482697855183,1.042600837533613,1.787940240914119,washing,top_load
114.5,-0.11140734353173234,0.13826088595820124,0.9447689149812146,1.6997624138318144,washing,top_load
114.6,-0.15303394901122666,0.19629918015027478,1.002829604691433,1.6220328032711164,washing,top_load
114.7,-0.14028943866102717,0.15965228058475436,1.059832854840432,2.0151027427109285,washing,top_load
114.8,-0.1414016114172096,0.14943004326038342,0.9965140214692074,1.8756311277801687,washing,top_load
114.9,-0.045477376625570706,0.12775704523565592,0.9480009686605576,1.7955253378583178,washing,top_load
115.0,-0.02323530184540892,0.01126226912551749,0.9881224610676821,1.7152794973346361,washing,top_load
115.1,0.05369465453751357,0.01699232937373847,1.043635541228771,1.844425437694311,washing,top_load
115.2,0.10695806201885934,-0.0658039269681126,1.0112820878896231,1.948715413997627,washing,top_load
115.3,0.13273484681358932,-0.17678277709133264,0.9748343167146245,1.6759551234679588,washing,top_load
115.4,0.1686998045363374,-0.197065553581604,0.9794427157846293,1.7992757441585085,washing,top_load
115.5,0.10703167665218406,-0.1793607335427318,0.9832089918655056,1.930209974827676,washing,top_load
115.6,0.07009830365501732,-0.1302423340602116,1.01083593652162,1.5095998306373806,washing,top_load
115.7,0.012810643214273401,-0.12221521904611318,1.0401458839881597,1.7913645356391894,washing,top_load
115.8,-0.14649849737433732,-0.08415474624335834,1.031572690383975,1.7356062944178692,washing,top_load
115.9,-0.14523051378948498,0.015775415110104773,1.0136803654632738,1.7799255213367449,washing,top_load
116.0,-0.1779444869435769,-0.028654110516404437,0.9600506571982755,1.7247557165442147,washing,top_load
116.1,-0.1260102437217568,0.059612964731532096,0.9601620245801967,1.8206436907810943,washing,top_load
116.2,-0.05620595838240186,0.11318106155633151,1.0159975606364129,2.088544083063408,washing,top_load
116.3,0.0055888368505718836,0.11282259423880003,0.9596358670620132,1.7514116289107173,washing,top_load
116.4,0.0711254477023538,0.15009245489968293,0.9932329893679419,1.843756651364116,washing,top_load
116.5,0.13832994608866517,0.09728899414676487,1.0091245133855853,2.099211962761367,washing,top_load
116.6,0.1108415350577121,0.16582707616252046,0.9658721801391194,1.7174976632441168,washing,top_load
116.7,0.14084079519049836,0.06618746893742732,0.9692721299692341,2.0722013023393453,washing,top_load
116.8,0.02768607678018208,0.10006823088684713,0.9971763680629654,1.8007984509940662,washing,top_load
116.9,0.06548708406824852,-0.014151909200128342,1.0151095086257216,2.067284433879739,washing,top_load
117.0,-0.10170932137280395,-0.03302528677278012,1.0318455631124126,1.9125301687419478,washing,top_load
117.1,-0.13356352861238996,-0.10832943765112402,1.0182116030431165,1.8460662543873634,washing,top_load
117.2,-0.18856424479822173,-0.13743821057056363,1.0022096978497659,1.7901553977170122,washing,top_load
117.3,-0.07546643608147528,-0.1670947150357521,0.9776141573932885,1.7063937840181185,washing,top_load
117.4,-0.03867803069117006,-0.14073043285692505,0.9678727901246644,1.811368732494653,washing,top_load
117.5,0.008907476122078378,-0.11181258832382625,0.9846736873501256,1.9346042188530037,washing,top_load
117.6,0.03185897465186183,-0.10705909774069064,1.012298067549417,1.7980332853504994,washing,top_load
117.7,0.13296919515704228,-0.03922618202935424,1.0100987111988202,1.7525065792407213,washing,top_load
117.8,0.11606107788372295,-0.0013745082506976466,0.9370029404282463,1.762382619873334,washing,top_load
117.9,0.17959471577410296,0.13624740450194503,0.9764296891519749,1.948871492037458,washing,top_load
118.0,0.11244362979946848,0.10665337101586005,1.0361352265481847,1.9837742182649785,washing,top_load
118.1,0.021663156189285233,0.18439174165577257,1.0023764514341242,1.6999274229347445,washing,top_load
118.2,-0.12830995280011787,0.14394187356667182,0.9574897326069104,1.6997118213828766,washing,top_load
118.3,-0.14507946577613393,0.1510083109580467,1.0706746354479446,1.8569038379500669,washing,top_load
118.4,-0.12671025366130786,0.07945763764781763,0.999131748030557,2.0291298097135884,washing,top_load
118.5,-0.10627196669257859,0.06696184149081327,1.0115300187794023,1.971898546246884,washing,top_load
118.6,-0.06940697154454332,0.03811710661199266,1.011985742681354,1.6122221681730133,washing,top_load
118.7,-0.08506387314197345,0.02691157132610648,0.9889721360151944,1.7603886045012207,washing,top_load
118.8,0.046350052279109225,-0.06394610649450709,0.9781727895453581,1.6604094667965732,washing,top_load
118.9,0.13314752238378938,-0.0703795609778345,1.0636502495519782,1.7598731217127113,washing,top_load
119.0,0.09290841047680347,-0.12024459957714576,1.0300961760885325,2.0406614994053034,washing,top_load
119.1,0.14710595214810684,-0.10113058820855436,1.0246581160332604,1.5866099026825475,washing,top_load
119.2,0.12379225836562176,-0.14383601226836373,1.0172886757515462,1.5571702060079715,washing,top_load
119.3,0.046195745357303544,-0.045062663915504966,0.9699004782891495,1.6757168769849597,washing,top_load
119.4,-0.07436484069668133,-0.09172781615464913,1.0383259057522083,1.843096590386399,washing,top_load
119.5,-0.09793873114607873,-0.051101052213795586,0.9747060202596475,1.8931132230961136,washing,top_load
119.6,-0.1455432207775495,-0.011906010711444374,1.0084986039445194,1.86561726522923,washing,top_load
119.7,-0.1541461814006732,0.14383984137898148,0.950818302836063,1.9763528104846526,washing,top_load
119.8,-0.14355333158805547,0.13894980383025152,0.9387742344805744,1.5355371608649107,washing,top_load
119.9,-0.08555341571249978,0.13078645664667082,1.0095487360795934,1.9782504807538406,washing,top_load
120.0,-0.0011911884704122761,0.18747068090620483,0.9757270219841527,1.7531857019930563,washing,top_load
120.1,0.08553668926434194,0.1614408442016179,0.9403249728610819,1.9097241464707302,washing,top_load
120.2,0.1175163859396002,0.17335020079299046,1.0162182850884123,1.6014861859855194,washing,top_load
120.3,0.13741454141320014,0.027474116250053054,1.0636024231315238,1.8007435045513607,washing,top_load
120.4,0.138494679017535,0.01643477152980307,1.0416868077574017,1.835440615588352,washing,top_load
120.5,0.030540310067016192,-0.041982838706137865,0.9922804634420298,1.9733626556247628,washing,top_load
120.6,0.033111038851444854,-0.13637641035947998,1.0002653592009083,1.5622118066088353,washing,top_load
120.7,-0.05523557581638889,-0.08495952909166035,1.0266311877035175,1.8046128822802356,washing,top_load
120.8,-0.11438618061843747,-0.15017664242330878,1.0336638405950471,1.6372147063286786,washing,top_load
120.9,-0.1185210583814689,-0.12776369224289819,0.9896939284352291,1.8758244066312413,washing,top_load
121.0,-0.20124294334572007,-0.06867331485334964,1.0010253314717372,1.916582480468419,washing,top_load
121.1,-0.1618970819850747,-0.12248848256846114,1.0090184442029362,1.9930755363762132,washing,top_load
121.2,-0.029089367715022206,-0.08324017930451352,1.016616289608365,1.719745581853744,washing,top_load
121.3,0.03708997742086862,-0.01710861851098216,0.996007706739662,1.9390839728533187,washing,top_load
121.4,0.10778737418506096,0.061418487077805194,0.9963974426479377,2.004135238121558,washing,top_load
121.5,0.12879466518909807,0.06337262848754124,1.0413949698926317,1.55351295452168,washing,top_load
121.6,0.1672736978365031,0.10016971188320409,1.0362856210732865,1.8918517380147677,washing,top_load
121.7,0.14355615170610037,0.1749453598192367,1.0143223172030826,1.943776688067016,washing,top_load
121.8,0.0697381517212495,0.16116972320604375,1.0515732721006879,1.7611910420418844,washing,top_load
121.9,-0.02662483878678481,0.07669292921473612,0.9884066271332075,1.6183839633712338,washing,top_load
122.0,-0.15139846947229374,0.072583540129144,1.0486892034588815,1.9414433634164494,washing,top_load
122.1,-0.11264697162878581,0.11229455832832747,1.0162754633060664,1.6200736758663365,washing,top_load
122.2,-0.1130521492777132,0.028986306223392697,1.0981307836664378,1.7732472848233647,washing,top_load
122.3,-0.10731243646578287,-0.05834072748467119,0.9642255421965257,1.7939813913295006,washing,top_load
122.4,-0.09865232393627915,-0.08864363219027421,0.9793196424334798,1.9073307077555999,washing,top_load
122.5,0.020213831810023324,-0.12095544897218513,1.0125639348460165,1.7060052660731202,washing,top_load
122.6,0.09807894235409576,-0.12223214992950504,1.0119170215893698,1.6973124466758218,washing,top_load
122.7,0.1734136762592739,-0.19032173688485585,1.0585041695252506,1.8148373218144667,washing,top_load
122.8,0.12342071153740213,-0.16174436976286316,0.979948759501014,1.9509585716429625,washing,top_load
122.9,0.12893042033357627,-0.09854167893549062,1.0271475555608165,2.143117500097972,washing,top_load
123.0,0.11058594937818053,-0.06686193114963057,1.03487389014046,1.573877820033184,washing,top_load
123.1,0.020522287177793797,0.003978095996484011,1.0211394349666194,1.8473013026679868,washing,top_load
123.2,-0.08873851096424029,0.0022410040226919156,0.9711701097422704,1.6370197460648563,washing,top_load
123.3,-0.10313849786555909,0.09734976580146965,1.042232764157626,1.9528216864810115,washing,top_load
123.4,-0.1299832385948498,0.15627739822559147,1.0368797479394625,1.659218317903615,washing,top_load
123.5,-0.14001959055434457,0.15989203058377055,1.0179875355937114,1.6988027672726516,washing,top_load
123.6,-0.09609451807390595,0.15341600474004286,1.0061304306162686,1.7116093711404006,washing,top_load
123.7,-0.0450646601252977,0.1320342796579765,1.006783240301331,1.7885701591920296,washing,top_load
123.8,0.0816518511461996,0.07900246128878109,0.9976379262328187,1.8484796395288061,washing,top_load
123.9,0.07566130037791799,0.05827600758386172,1.0192235540275794,1.8725552090412771,washing,top_load
124.0,0.12503885456135874,0.047209753515814724,1.0009340455883493,1.7991348680725825,washing,top_load
124.1,0.1476726530151289,-0.04632374456849579,0.9745442507394207,1.600516346633913,washing,top_load
124.2,0.14194560724739222,-0.11637986713907725,0.9685422506551722,1.9091679225465283,washing,top_load
124.3,0.010297487799873599,-0.14039661866927675,0.9774389123904312,1.7920562004505458,washing,top_load
124.4,-0.058108887527604076,-0.14015352199970638,1.0066639672764837,1.974260218502205,washing,top_load
124.5,-0.14929964307591173,-0.16002262511259716,0.9991913249069437,1.6938391830780095,washing,top_load
124.6,-0.1347432011122988,-0.11866136883014514,1.0064603137986625,1.559658790897351,washing,top_load
124.7,-0.18325318378043665,-0.0856146083956818,1.0150243940063832,1.7948960995975387,washing,top_load
124.8,-0.13818569212584325,-0.030297368916136495,0.9811803722224937,1.9943929032426397,washing,top_load
124.9,-0.05242170541850838,0.037053256767455536,1.0439698050503605,1.8241413204924077,washing,top_load
125.0,-0.01924628162348422,0.07622831088740885,0.9919686751885758,1.7700495301240715,washing,top_load
125.1,0.07920151179754767,0.06465177003910204,0.9869971904565548,1.669447947351385,washing,top_load
125.2,0.1176690515927462,0.10054313887190992,1.0144715871199737,2.0636649700021232,washing,top_load
125.3,0.16986743871713356,0.1447051135638403,0.9449046939287478,1.6455596107672832,washing,top_load
125.4,0.14997789989034344,0.1347625009935047,0.9762839665083124,1.691190861355764,washing,top_load
125.5,0.06740977695863001,0.09729620019775095,1.029432183960755,1.8855051294126035,washing,top_load
125.6,0.013740432432641905,0.08523710953775888,0.9478773421281367,1.5215968965169817,washing,top_load
125.7,-0.023906380971081206,0.03922639379842201,1.0335272259079946,1.991188599807201,washing,top_load
125.8,-0.10377568030874403,-0.018270526210328295,1.045334096990774,1.8936289671326034,washing,top_load
125.9,-0.18925194934183753,-0.05939661626309438,0.9889163398652876,1.9348846607716665,washing,top_load
126.0,-0.12298993560912987,-0.060260072952751174,1.0087543830227892,1.8837175517924483,washing,top_load
126.1,-0.13522038456239613,-0.12361137134144277,1.033572612545531,1.7758314723815445,washing,top_load
126.2,0.005071909024098112,-0.07353037789771505,0.9859963243586944,1.6405276934766866,washing,top_load
126.3,0.06802644826995882,-0.14256940459879133,1.0260332656157853,1.7789886838162559,washing,top_load
126.4,0.11137863016685802,-0.1382904857970424,0.9798655361460799,1.653714553237105,washing,top_load
126.5,0.1473754627473559,-0.0954896119826626,0.9856719312000046,1.8729232965114575,washing,top_load
126.6,0.14107211992848176,-0.04222817232514716,0.9760199060702508,1.9210169745822152,washing,top_load
126.7,0.1359327049583704,0.01494252469763009,1.0102794159758441,2.021521294679731,washing,top_load
126.8,0.04409533781883801,0.11576312158275481,1.0347390715769664,1.8557651460829294,washing,top_load
126.9,-0.011732888915454586,0.07312824941361434,0.9944766120364851,1.938686303489278,washing,top_load
127.0,-0.062009756848281444,0.15721738375190664,0.9618625252026279,1.7554282894154787,washing,top_load
127.1,-0.15257825417566911,0.1545302796391094,0.9675187953313955,1.7282584292987708,washing,top_load
127.2,-0.16818979146396154,0.09984532558051847,1.0118379826411161,1.8710507836225203,washing,top_load
127.3,-0.16248015324704299,0.150770135732055,1.055323492401828,1.7420290690924638,washing,top_load
127.4,-0.10419723349903551,0.1307076487876656,1.011811749979432,1.8403778683241487,washing,top_load
127.5,-0.05485185934325036,0.020637257042924358,0.9883931034804624,1.640821171599687,washing,top_load
127.6,0.0941579147857219,-0.0059215434372448745,1.0229855190055086,1.667755847628555,washing,top_load
127.7,0.18091662508778664,-0.10872749218849807,0.9928150409323976,1.8953113951527436,washing,top_load
127.8,0.1924638775683492,-0.13906411500867563,0.9886514434790739,1.9330035113109145,washing,top_load
127.9,0.08694152321111041,-0.1017795799935095,0.9712462268291421,1.652151574654998,washing,top_load
128.0,0.10991342799055953,-0.16280970037739356,1.0422534653273907,1.9005921465759632,washing,top_load
128.1,0.06146317553235167,-0.17944312016612762,0.9238237624751301,1.7200896490447088,washing,top_load
128.2,-0.06892298232486578,-0.11874539507256758,1.023935776008378,1.8024757764300465,washing,top_load
128.3,-0.11253356349686135,-0.10535812040156341,0.9860876518660739,2.012541662368597,washing,top_load
128.4,-0.2075798791334425,-0.056877539103767416,0.9876897780564516,1.9211230851034422,washing,top_load
128.5,-0.1346563924049741,0.03159835869963996,1.0507694546835344,1.919380798203329,washing,top_load
128.6,-0.1345888577723552,0.025583964589008294,0.9785760672339985,2.086318553768545,washing,top_load
128.7,-0.03131443253737638,0.07688703949146419,0.9795979253791477,1.6944180988425304,washing,top_load
128.8,-0.009532604590944592,0.13953318749941745,0.9960881728324141,1.6521187537511182,washing,top_load
128.9,0.11896781262362915,0.1783249462696403,1.0124154215743673,1.6916816594657114,washing,top_load
129.0,0.17339385770707405,0.18243228321398997,0.9867443265312139,1.7618248419890077,washing,top_load
129.1,0.12384769175785054,0.10357803803342411,0.9527842320839235,1.4468174078562162,washing,top_load
129.2,0.08146930897406066,0.11475721452093433,0.974029054573547,1.7688857644954785,washing,top_load
129.3,-0.009462008373793566,0.015601957139376954,1.0384400156939355,1.7183143902157632,washing,top_load
129.4,-0.026792391056900296,0.041608600924596374,1.0022433036740654,1.9175639651096699,washing,top_load
129.5,-0.10561560587232169,-0.09788002449735013,1.0135326185111146,1.8528629068515061,washing,top_load
129.6,-0.1822546402403403,-0.06687598725763352,0.9921573637848089,1.7098955058345995,washing,top_load
129.7,-0.13611344657487595,-0.15621047880730715,0.9802150691148019,1.8884941268044357,washing,top_load
129.8,-0.14014830028124298,-0.08917644139525344,1.0503270834962624,1.9084894589735655,washing,top_load
129.9,-0.10453512987461297,-0.12656452887233807,0.9943542442884675,1.6847181315312885,washing,top_load
130.0,-0.01663717216922517,-0.15183304503849762,0.9866989036141862,1.7260463616926374,washing,top_load
130.1,0.10440218728313881,-0.09919849685950802,1.0328842709906603,1.4661955219353027,washing,top_load
130.2,0.14473729713795672,-0.012039413396850891,0.9783291892339785,1.6364010038446073,washing,top_load
130.3,0.14580322741928603,0.048507790259485525,0.9821581796867801,1.6886295659364632,washing,top_load
130.4,0.15429720842384698,0.06513601466176863,1.000307400520507,1.8111249264909033,washing,top_load
130.5,0.05334042915227659,0.11068504254210877,1.0000081031226453,1.6581925980960277,washing,top_load
130.6,0.019771088056462317,0.16078536808419894,1.0077883404370964,1.7229822019426337,washing,top_load
130.7,-0.05079901298810574,0.15376449630122682,1.0627500726818646,1.6162003977626103,washing,top_load
130.8,-0.12967208167133137,0.10442453593184478,1.0100874473905712,1.8256670847796905,washing,top_load
130.9,-0.13427933753058183,0.09470933905796848,0.928658381117476,1.8638571891877362,washing,top_load
131.0,-0.1660714810836089,0.0874276175414039,1.0097889683029468,1.8603548022629735,washing,top_load
131.1,-0.08738744465602245,0.0682655389832432,1.001136399834688,1.801854169785789,washing,top_load
131.2,-0.020747719928789325,0.027810929122169,1.0013035007305437,1.568839050524791,washing,top_load
131.3,-0.050211313346196426,-0.047219707201646796,1.007378419281885,1.7070069504160723,washing,top_load
131.4,0.13839123699461253,-0.1032724489825355,0.999139651369756,1.7389039991522273,washing,top_load
131.5,0.051229500483688725,-0.11700205630376012,0.9984216372083383,1.7395057030619063,washing,top_load
131.6,0.12886161684261982,-0.16995515389870047,1.0183913262931237,1.8112471826984755,washing,top_load
131.7,0.14633742744409958,-0.14666167455695756,0.983737576084165,2.0138312058556527,washing,top_load
131.8,0.04570008114513867,-0.1414932668752469,0.9715694099308247,1.92181443190269,washing,top_load
131.9,-0.06278556450872483,-0.11462820838846158,1.0907134435786716,1.6518723330226959,washing,top_load
132.0,-0.12097989969536843,-0.018100726838776483,0.9785242766865629,1.9017604312944951,washing,top_load
132.1,-0.10491688548028456,0.029960973976771856,1.0030042873738023,1.8960453551498604,washing,top_load
132.2,-0.2073491451806996,0.09453867576751233,0.955130192473739,1.6790898790572653,washing,top_load
132.3,-0.0927794557964465,0.13074973157848438,1.0034940524515426,1.9273298883953158,washing,top_load
132.4,-0.07391611408653034,0.148089406787794,0.9720032334793199,1.7759435046082106,washing,top_load
132.5,-0.035771859913274175,0.16669849997032662,0.9867258117144997,1.5885069764978332,washing,top_load
132.6,0.05476959894616394,0.13952958576126204,1.0313519399731337,1.8682804086955713,washing,top_load
132.7,0.0961324585922565,0.12675311850838733,1.0141602870513422,1.8325442735421786,washing,top_load
132.8,0.1756907652899962,0.052124769151657036,1.0170522857372446,1.7658483556221258,washing,top_load
132.9,0.15769689216278931,0.03548675254841012,0.9468638548482441,1.7943820372525052,washing,top_load
133.0,0.03659295382758881,-0.00805466662927571,1.0551068550948703,1.6921371781667307,washing,top_load
133.1,0.006692221479077795,-0.09725637290938322,0.9642435606717438,1.8915195755695664,washing,top_load
133.2,-0.08111425277302214,-0.11521438226526225,1.045856824428816,1.793482404823661,washing,top_load
133.3,-0.07677168736258433,-0.16077282103808976,1.0306463159794446,1.8249673265922342,washing,top_load
133.4,-0.18784606115309577,-0.16574782928797863,1.0173199822535404,1.853571288664331,washing,top_load
133.5,-0.09453160430372168,-0.17321435353630155,0.9743504565727485,1.6268121578360513,washing,top_load
133.6,-0.10368090807481882,-0.07391792405863992,1.0045476953445858,1.6658575467176924,washing,top_load
133.7,-0.07216151526613697,-0.03863503458320236,0.9858723576806542,1.4685083310575686,washing,top_load
133.8,0.016985257554447464,-0.00454552797587901,1.0008711871451588,1.884711338773561,washing,top_load
133.9,0.07863350066625076,0.0909669450466202,0.9925038322274332,1.6181684964379852,washing,top_load
134.0,0.10441992538380945,0.07469664834979647,0.9388416848028277,1.8198854564843479,washing,top_load
134.1,0.15018789340121608,0.21005143225048883,1.0336535245295377,1.855648233740933,washing,top_load
134.2,0.07873951989561577,0.13640379925109744,0.9975667853035192,1.890352925833878,washing,top_load
134.3,-0.010192303359443614,0.15746634404358348,0.9854559880149328,1.619397462924591,washing,top_load
134.4,-0.03019027916009426,0.12610143968667337,0.983190183015107,1.7902257572788964,washing,top_load
134.5,-0.14225347373639954,0.12051506091503021,1.010753787291003,2.0505420631181623,washing,top_load
134.6,-0.15828888391192603,0.09232593025009588,0.9731873098511659,2.0571472019976476,washing,top_load
134.7,-0.17697709592234154,0.013510965939432887,0.9323447332457787,1.9480984641040426,washing,top_load
134.8,-0.15278567098607576,0.017826745859972043,1.0122138940962482,1.850623970822826,washing,top_load
134.9,-0.012234158067547789,-0.07635686393422336,1.0155730899387045,1.6492340416731934,washing,top_load
135.0,0.0016923470150794796,-0.11323798757293099,0.994011045259671,1.907793243808658,washing,top_load
135.1,0.07962418138511392,-0.17157408157332227,0.9655629137442997,1.776296815687974,washing,top_load
135.2,0.07335723993503343,-0.13701886280258108,1.0026680662266785,1.8840792412909266,washing,top_load
135.3,0.13008511525513225,-0.14053671222703626,0.9560640289505924,1.7050734817721827,washing,top_load
135.4,0.142183136768145,-0.12497754346150883,0.9691830820993702,1.7740600330740106,washing,top_load
135.5,0.057431920456485236,-0.08716112597921531,0.9774790619048752,1.8246221040114639,washing,top_load
135.6,0.04604187034018688,0.0669752219100862,1.0253181721267466,1.8369417137240789,washing,top_load
135.7,-0.09129958047973459,0.031221908438111626,0.9891216714868925,1.8740584071690374,washing,top_load
135.8,-0.12416797049231659,0.04292634288989439,0.9865640076467062,1.713120752321265,washing,top_load
135.9,-0.16492463680856867,0.10258324585228212,1.0586407754623375,1.5985073321834697,washing,top_load
136.0,-0.13772885766281662,0.14374043898500638,1.0105738749156614,2.0437177559849693,washing,top_load
136.1,-0.12189676804496577,0.16564266352569024,1.0101698353142448,2.1733881253535037,washing,top_load
136.2,-0.045430291886852214,0.15155468338671374,0.9889089776437368,1.8671131066803568,washing,top_load
136.3,0.030219580321379967,0.12434643242522592,0.9821088499708966,1.6014011857904835,washing,top_load
136.4,0.08065043316756053,0.041090156157932795,0.9344078067994854,1.6840207324735685,washing,top_load
136.5,0.157211293499186,0.019631791234445976,1.0290622159577067,1.8763676353576455,washing,top_load
136.6,0.15449473885442877,-0.06903467329380403,1.0134492911726913,2.001167341752193,washing,top_load
136.7,0.1129185680587693,-0.10827503694904765,0.9946250202035976,1.6180664048187217,washing,top_load
136.8,0.04230493289884932,-0.15316047524132456,0.9958831989449123,1.781350076872665,washing,top_load
136.9,0.0050963358809572624,-0.18183069655593304,1.0220843278678315,1.8293898096665955,washing,top_load
137.0,-0.09524281515829708,-0.11689092053143219,0.9533586978076044,1.9296867676928813,washing,top_load
137.1,-0.14492497650467578,-0.11256211629267139,0.9823035600533858,1.7484598358399432,washing,top_load
137.2,-0.14656330836759748,-0.07199996011881922,0.965910914113224,1.5654277963017114,washing,top_load
137.3,-0.07575158833617927,-0.05578747234754433,1.0531452784746025,1.8931796339179354,washing,top_load
137.4,-0.1124737373558942,0.017650703565461886,1.026269665955599,1.9687193947756858,washing,top_load
137.5,0.023095706791663582,-0.00648613298303552,0.933919220765939,1.7876112807382258,washing,top_load
137.6,0.015467916278105127,0.1185715675049038,0.9545871512008007,1.8607860136959646,washing,top_load
137.7,0.13316738357215752,0.13296276716935052,0.9960296297992755,1.7288263155859394,washing,top_load
137.8,0.1969564940925025,0.1657915458621106,0.9858267936378272,1.673134080791116,washing,top_load
137.9,0.15038411360392162,0.15969846068214638,0.9602685337576934,1.9539638520820828,washing,top_load
138.0,0.09328654020007446,0.10183434737047944,1.0583428671295148,1.8581243771721692,washing,top_load
138.1,0.0019865009705614667,0.053546670101221515,1.0093761974194775,1.8735552899102825,washing,top_load
138.2,-0.054287266888041044,0.03210015682150154,1.0142444896858926,2.025317272199192,washing,top_load
138.3,-0.12313887087846875,0.018832424420692308,0.9792395515230335,1.641773649852214,washing,top_load
138.4,-0.1709223858472446,-0.02922018922318512,1.02166822441534,1.7171960597760867,washing,top_load
138.5,-0.1513547459085222,-0.1366518667837527,0.9885870171705397,1.8236900023252043,washing,top_load
138.6,-0.09673063107051451,-0.15902149360296786,0.991499704788775,1.7153530143358138,washing,top_load
138.7,-0.06031999513064957,-0.1693817207576048,1.0183300587947577,1.9174704802908675,washing,top_load
138.8,0.013115028454189267,-0.15840380198738627,0.951130073048191,1.7718901168644023,washing,top_load
138.9,0.06187476276154204,-0.17045003750450294,1.0479108357955296,1.6511200788754217,washing,top_load
139.0,0.1543802282269375,-0.13827515144651686,1.0054716764417162,1.8098657512781493,washing,top_load
139.1,0.16370278546831585,-0.07457799057067721,1.0384283262634126,1.8255508156210183,washing,top_load
139.2,0.12252679974346395,0.004472521069251291,0.9677374073014354,1.9402023094344496,washing,top_load
139.3,0.08417379768457404,0.018043951614374186,0.9723050462791543,1.8589711354721137,washing,top_load
139.4,-0.016163955922231327,0.09501375806379063,0.9651429933520056,1.8691719587039755,washing,top_load
139.5,-0.0764074597228937,0.16320258649083047,1.0075089301799451,1.8480437526010838,washing,top_load
139.6,-0.12660893510077528,0.10924436958828085,1.0019794990575475,1.7717666218062105,washing,top_load
139.7,-0.15245020984678684,0.14078488510532192,0.9860676454230646,1.6925671327333103,washing,top_load
139.8,-0.14257384366919768,0.15839187428173376,0.9695779242134416,1.8433257527489064,washing,top_load
139.9,-0.005838472641506401,0.08013089025264529,0.9620021119080747,1.750031285117454,washing,top_load
140.0,0.10138935722646092,1.2078734000067028,0.985683801131654,3.5460367432278934,spinning,top_load
140.1,-0.6248113650645746,-1.2103107468530994,0.8199133186719048,3.886781569885692,spinning,top_load
140.2,1.1792381674952805,0.767876351556644,1.3386849369934881,3.1296674848124657,spinning,top_load
140.3,-1.1185598031966053,-0.07951778458378418,0.6759670350843688,3.2722243637322377,spinning,top_load
140.4,0.7000647596920977,-0.6530365999509731,1.2317330636416204,4.20111562318402,spinning,top_load
140.5,-0.07566742388082899,1.0206074458257068,0.9864267898146183,3.4317256790110062,spinning,top_load
140.6,-0.718312636150285,-1.0757830336665293,0.8211545022475655,3.0272515475241812,spinning,top_load
140.7,1.1473518215584992,0.712705230679533,1.3196107999464621,3.3543624641629584,spinning,top_load
140.8,-1.127500431087505,-0.006363825758255372,0.6809576807345709,2.8077816946339094,spinning,top_load
140.9,0.7335144847719186,-0.6865388954836199,1.1998965320002948,3.5602301781140384,spinning,top_load
141.0,0.05527981187265934,1.0809166240469266,1.0104867384589613,3.702446190069555,spinning,top_load
141.1,-0.7468715470525381,-1.0876414098973328,0.7745375191040823,3.272084405957812,spinning,top_load
141.2,1.1002832831216427,0.8187994209414967,1.343879625107453,3.3823190194371233,spinning,top_load
141.3,-1.0542164187695955,-0.05540819002962499,0.6253788430829914,3.7309135388422283,spinning,top_load
141.4,0.7516011981025587,-0.6035872660123892,1.2190294003659548,3.0624461337884825,spinning,top_load
141.5,-0.023446256528001915,1.1011337363452878,1.001325635048787,3.1696071969501136,spinning,top_load
141.6,-0.7117749728880997,-1.1609308625883943,0.7721927025525361,3.44297120457109,spinning,top_load
141.7,1.1351049827536868,0.7194688811849995,1.3407295068745453,3.3119162906332953,spinning,top_load
141.8,-1.1393733722173023,-0.013684247009449257,0.6616397884187818,3.426533275631603,spinning,top_load
141.9,0.7337032882852941,-0.6908610988708017,1.19311197922734,3.1840624201483694,spinning,top_load
142.0,0.15209956476598635,1.2075562838569427,0.9961372427281088,3.553578371480377,spinning,top_load
142.1,-0.6939569090812125,-1.1793788550244486,0.7582307509478609,3.462691728705003,spinning,top_load
142.2,1.181023708579698,0.7603968585738027,1.4127523370350852,3.637297623558258,spinning,top_load
142.3,-1.2424564219255967,-0.022404462728214176,0.6893932139399891,3.550099875120073,spinning,top_load
142.4,0.6762483031842411,-0.647824433729392,1.2197955139942378,3.551672518124006,spinning,top_load
142.5,0.07372890016298338,1.1005724043035494,1.035163387824297,3.138423161367472,spinning,top_load
142.6,-0.6812033792695671,-1.16223021179377,0.7290197348741974,3.6231478879112182,spinning,top_load
142.7,0.8779209444622953,0.8127954459462717,1.2656499537312353,3.4172833995488894,spinning,top_load
142.8,-1.100826427415214,-0.10769927729566894,0.645640922281247,3.4583504230875954,spinning,top_load
142.9,0.8204321664287049,-0.656830519437155,1.1702457665172303,3.7620660940977024,spinning,top_load
143.0,-0.11975445516719288,1.1190641068009193,0.9929018342665485,3.320141110870776,spinning,top_load
143.1,-0.6141790422122394,-1.1085536931936002,0.7945670083925559,3.83779608211475,spinning,top_load
143.2,0.9749504817166269,0.7531756223005379,1.369992780816473,3.861118824843273,spinning,top_load
143.3,-1.084987882850984,0.040569801702147315,0.623471734605487,3.688196109341093,spinning,top_load
143.4,0.704823385190252,-0.6586486136636425,1.223591611410098,3.2548447973081447,spinning,top_load
143.5,-0.14099827291467462,1.1041858848563506,1.0004316907945676,2.953426688593267,spinning,top_load
143.6,-0.6785740331165754,-1.17069073222233,0.7988225884727037,3.7697087285649853,spinning,top_load
143.7,1.210318204503303,0.6801678590133639,1.3267871873436459,3.52784626533277,spinning,top_load
143.8,-1.119434599324897,-0.13013175477302352,0.6991137083296062,3.3137006322946343,spinning,top_load
143.9,0.7404319609745432,-0.6810963123851033,1.2084974313723982,3.7933905859389005,spinning,top_load
144.0,-0.024700566740350753,1.186596694091672,1.0532254667051109,3.284610279780548,spinning,top_load
144.1,-0.8170256880642163,-1.1624163684869893,0.7646856495642468,3.393961185442264,spinning,top_load
144.2,1.182779660894411,0.730087693355883,1.3646651660649227,3.6312225910792484,spinning,top_load
144.3,-1.0362825843874062,0.005663940768917963,0.655829599716929,3.221599292096281,spinning,top_load
144.4,0.7731171540046216,-0.5561856710272141,1.2017704183252893,3.4726297725982334,spinning,top_load
144.5,-0.11927254977609722,1.1937698508151264,1.0189694602140216,3.7722842959783405,spinning,top_load
144.6,-0.7962359671836033,-1.2116142047593805,0.7794221047990282,3.5527776859052826,spinning,top_load
144.7,1.0905097550463438,0.7294514275212134,1.2625213857515354,3.81185658420592,spinning,top_load
144.8,-1.2368463466309954,0.04089602025139598,0.5657336104385148,3.7834005895014995,spinning,top_load
144.9,0.7079936979243163,-0.6347879174807691,1.2497753556338076,3.5019345836054048,spinning,top_load
145.0,0.023604948310805497,1.1023892792668926,1.036907753736383,2.915814655910653,spinning,top_load
145.1,-0.7911574997454819,-1.1173279272454233,0.8450175375623965,3.2235569261961734,spinning,top_load
145.2,1.1878955271107132,0.8196042887743267,1.3418544984177891,3.6908335280961224,spinning,top_load
145.3,-1.105201582912989,-0.10221511822319242,0.6188406100738064,3.1124371449286783,spinning,top_load
145.4,0.6724527552603394,-0.6360899014835667,1.1990151755457585,3.4183268528532627,spinning,top_load
145.5,-0.01035131915904022,1.1740405073136897,1.000342735460839,3.584620153422258,spinning,top_load
145.6,-0.8223303732901417,-1.2300460336828583,0.7581861624461588,3.8673926739403774,spinning,top_load
145.7,1.1213320901769541,0.7599070721784157,1.3918375875554696,3.3562450758863966,spinning,top_load
145.8,-1.1408247211063731,-0.13479152315054885,0.7248047405230543,3.339128072729218,spinning,top_load
145.9,0.7154671584646606,-0.7082711288163633,1.2259511118471962,3.486888558376125,spinning,top_load
146.0,0.02273261472119985,1.0846608985118444,0.9996740875990509,3.5877282424525254,spinning,top_load
146.1,-0.6906877981571178,-1.1318016326525013,0.7495482998204813,3.4614382931509766,spinning,top_load
146.2,1.1254071977182458,0.73984498701454,1.3887733627509375,3.7623170872214526,spinning,top_load
146.3,-1.124096123000926,-0.10683323146558565,0.6599088584592159,3.300214041742882,spinning,top_load
146.4,0.7654642223495917,-0.6461630252012491,1.2029277588729748,3.530040233344761,spinning,top_load
146.5,-0.005729884398598651,1.0496291394646737,1.0144352226602302,3.6113031775617546,spinning,top_load
146.6,-0.6862866093010439,-1.1347006118552372,0.770825963305041,3.3999417975235358,spinning,top_load
146.7,1.130097555794336,0.827049550450334,1.3467866010599097,3.7099274841399916,spinning,top_load
146.8,-1.180073354542973,-0.07268038642680541,0.6143456486083707,3.5372396353105873,spinning,top_load
146.9,0.7367150827660408,-0.6614152385987513,1.2442153065028683,3.6972114282880684,spinning,top_load
147.0,-0.0333135566502076,1.1408533243536025,0.9968676687659311,3.548526027012208,spinning,top_load
147.1,-0.6821734886914054,-1.2821369700551668,0.8231613349937393,3.594101142871807,spinning,top_load
147.2,1.142963141844783,0.7913753921287148,1.3363462605310057,3.3419020607876613,spinning,top_load
147.3,-1.1595039001453888,0.11818500425722578,0.6535336628702265,3.342307073702194,spinning,top_load
147.4,0.6856537328221924,-0.656616872267614,1.1752331679765389,3.806099119982194,spinning,top_load
147.5,-0.03048725954494591,1.111299401137685,1.0227927091905429,3.658877611130083,spinning,top_load
147.6,-0.8040903730762701,-1.1158123849192956,0.7621221105540285,3.2442587084443995,spinning,top_load
147.7,1.164241525263879,0.8578863048247278,1.3277876746702764,3.5452158561637077,spinning,top_load
147.8,-1.127375010037484,-0.009430073301427318,0.6576510697162211,2.9065559866161434,spinning,top_load
147.9,0.7563225178978542,-0.7785927117157935,1.2152394163359639,3.3565149590751457,spinning,top_load
148.0,-0.0318874141384218,1.1522508334204262,0.948817091793463,3.7402569191549766,spinning,top_load
148.1,-0.5916192852223217,-1.0061129962107787,0.781473133210083,3.46871360282221,spinning,top_load
148.2,1.1184836626831967,0.7965128075384251,1.366237252425564,3.529478167416508,spinning,top_load
148.3,-1.193774398085868,-0.13720425876378978,0.646269513098027,2.745904688369947,spinning,top_load
148.4,0.6457212075603922,-0.6323465215356556,1.204860738198886,3.401936595465962,spinning,top_load
148.5,-0.10403534419380325,1.0416056680801942,1.0048721815252748,3.584568055956803,spinning,top_load
148.6,-0.6133846292073816,-1.0864605835691328,0.7846184961982993,3.6163224688495847,spinning,top_load
148.7,1.2235318630002912,0.7018133894511891,1.3114648807946234,3.740588927833591,spinning,top_load
148.8,-1.1052231097811036,-0.06347352588597281,0.6565292704237362,3.447435562056643,spinning,top_load
148.9,0.651576974284413,-0.7007230991202754,1.2414248859254648,3.458586046843963,spinning,top_load
149.0,0.10867606089351427,1.0856600197077753,0.9684647215819774,3.1669706426475344,spinning,top_load
149.1,-0.726445452442261,-1.0712597661736367,0.777162852490137,3.4488696152067004,spinning,top_load
149.2,1.1251262696805697,0.7653737746264938,1.3009314061481982,3.18460623440055,spinning,top_load
149.3,-1.0550322747280063,-0.1014802923909787,0.6858611126484591,3.0380324700486456,spinning,top_load
149.4,0.7448769378198197,-0.71796997725396,1.2088319446201539,3.2287051574723553,spinning,top_load
149.5,0.13206618832523329,1.006144813976685,0.9744940109918114,3.877171226950993,spinning,top_load
149.6,-0.6904189671318128,-1.23550564293663,0.7911652771790092,3.432359699621681,spinning,top_load
149.7,1.1174459715794425,0.7658838992195418,1.3062723394193863,3.5549693407558416,spinning,top_load
149.8,-1.1779761125617616,-0.00911411784408507,0.6266147881899355,3.371625937200486,spinning,top_load
149.9,0.5945225321195373,-0.6828773885460807,1.1677986849297393,3.052362245137026,spinning,top_load
150.0,-0.016715746368424007,1.2126795192037887,0.9679966228732625,3.734028281232427,spinning,top_load
150.1,-0.6366667024213036,-1.203478830258965,0.8291174366947103,2.956950465036103,spinning,top_load
150.2,1.177197869913527,0.7448856413600937,1.320386795927771,3.3613018308020854,spinning,top_load
150.3,-1.1400493391605524,-0.13270274718768937,0.6716064078132913,3.486346279787485,spinning,top_load
150.4,0.6456462361220028,-0.5898105949266694,1.1865136482266172,3.557622410857464,spinning,top_load
150.5,0.013612381080771296,1.2442975400033434,1.022786012372899,3.3183825988677826,spinning,top_load
150.6,-0.6445734804392164,-1.2661378225814457,0.7576148491467788,3.0405096292362566,spinning,top_load
150.7,1.167110974942359,0.7383966206148119,1.3435571836991007,3.2997266769161406,spinning,top_load
150.8,-1.131263709376178,0.007958646855538445,0.6592051934298145,3.3128105030950845,spinning,top_load
150.9,0.6575248435541177,-0.7360730302862688,1.281436850918095,3.30672662621123,spinning,top_load
151.0,0.05203090884671841,1.152447937578931,1.0189127586394042,3.742514647551901,spinning,top_load
151.1,-0.8932565918755822,-1.087140472912822,0.7706101887448424,3.1965993054652144,spinning,top_load
151.2,1.164238562086087,0.7638600735942584,1.3629318147757687,3.57524481860954,spinning,top_load
151.3,-0.9870485006975066,-0.0349123597110651,0.7217648882483014,3.5395742593044788,spinning,top_load
151.4,0.6148398995110871,-0.5436021558330686,1.1627136081107705,3.7401137693679174,spinning,top_load
151.5,-0.014482167282093714,1.2353524964067313,0.9747255387229347,3.466717032065767,spinning,top_load
151.6,-0.7058169621584073,-1.1641468377073474,0.7812903824013241,3.6977827417993896,spinning,top_load
151.7,1.1135128507107805,0.7272236737749015,1.3298676990519942,3.4569449654764757,spinning,top_load
151.8,-1.0790853650006467,-0.12312695063190424,0.6476369531838482,3.6085981316462,spinning,top_load
151.9,0.7336893636122682,-0.5906384499750517,1.1724757228574878,3.12426472818819,spinning,top_load
152.0,0.009138022352817994,1.036140369693201,1.042118681606494,2.840430480927223,spinning,top_load
152.1,-0.6575059490807591,-1.175583247204753,0.7457190512204266,3.5943867133914633,spinning,top_load
152.2,1.1422728620984768,0.7653277309901306,1.3363739615775767,3.6077957815098074,spinning,top_load
152.3,-0.9504759502247775,-0.09810829473061712,0.6889945718865645,3.6188755832879704,spinning,top_load
152.4,0.7144231187703624,-0.6324670830996191,1.2106971451109116,3.36876687131133,spinning,top_load
152.5,0.01171692590935169,1.2723177022582208,0.9706181749929077,3.872430563052593,spinning,top_load
152.6,-0.8079703857253602,-1.1677247203460583,0.7479370394834922,3.3850305460657446,spinning,top_load
152.7,1.1086607999159641,0.7330420070872267,1.3354803699854174,3.6052197549180924,spinning,top_load
152.8,-1.0724251586462026,-0.00700823450459008,0.6349087671582286,3.6486590562510197,spinning,top_load
152.9,0.6252148917293731,-0.6348812803520272,1.217759623576379,3.9296850399372776,spinning,top_load
153.0,-0.12945343045815724,1.2048070494333347,0.9579564655682626,3.4207425950525416,spinning,top_load
153.1,-0.7034033744797014,-1.1505475477360851,0.8127883812813418,3.336701773442712,spinning,top_load
153.2,1.2235124900026653,0.7442609522546154,1.345846831561184,3.125463653896169,spinning,top_load
153.3,-1.1387249458324054,-0.17495163725311585,0.6633147459643224,3.8880917516656184,spinning,top_load
153.4,0.6851748265933925,-0.7464403806294551,1.2548349941724923,3.605352726762135,spinning,top_load
153.5,-0.11150927626450818,1.0083049817350227,0.9868661350488293,3.6132652764735753,spinning,top_load
153.6,-0.6782070553887616,-1.1376684549482163,0.7666228083327353,4.27917606033098,spinning,top_load
153.7,1.1809443260871675,0.6774313759407313,1.3259474370158493,3.581261185296575,spinning,top_load
153.8,-1.248171769500263,0.00740649798771105,0.6518438570480432,3.174419648724992,spinning,top_load
153.9,0.7734142496727586,-0.6474415051095004,1.2088737439815378,3.451024106251756,spinning,top_load
154.0,0.04594173155353596,1.1037956880145945,0.9750790679019496,3.2563043977878365,spinning,top_load
154.1,-0.6374033461980999,-1.2110601094375162,0.727704751583726,3.401032901354307,spinning,top_load
154.2,1.1762793250641612,0.7965018696290515,1.3255524758398771,3.399352599311348,spinning,top_load
154.3,-1.1020468570254998,-0.1161980131399379,0.6684144241223531,3.3532439022332374,spinning,top_load
154.4,0.7365855566730927,-0.7083789792449852,1.2156904400129014,3.1516793736611506,spinning,top_load
154.5,0.05210833929000354,1.1897478983969874,1.0359866340947543,3.898125408418074,spinning,top_load
154.6,-0.8144677688984234,-1.1391515352787394,0.8470619054936172,3.5747120111095985,spinning,top_load
154.7,1.051204253536888,0.7450705790378972,1.3651603590100079,3.4436319913249402,spinning,top_load
154.8,-1.185428293565589,-0.029442164883447718,0.6990952734059859,3.6894094573789356,spinning,top_load
154.9,0.6975530924505875,-0.6487203866141997,1.2346059195931758,3.6177668187123477,spinning,top_load
155.0,0.023288215398481363,1.1414276921877888,1.0512969776778187,3.568922683185512,spinning,top_load
155.1,-0.6858614035571945,-1.2094396790677877,0.8439229182034603,3.671249518191707,spinning,top_load
155.2,1.2082941682415167,0.8833902612674911,1.3709153009896142,3.533483685939664,spinning,top_load
155.3,-1.0723581016393637,-0.1027053420279855,0.6788110585264822,3.6675553642478977,spinning,top_load
155.4,0.6529991962533759,-0.5558953193837778,1.20544572566718,3.688278075219444,spinning,top_load
155.5,0.014314566602941255,1.1071147722023913,0.9987598815710567,3.5406796837582006,spinning,top_load
155.6,-0.7562121956142834,-1.112002977985948,0.7782621892342002,3.444901376625971,spinning,top_load
155.7,1.129972997252959,0.8032197546743762,1.3610178941931037,3.882599450363477,spinning,top_load
155.8,-1.1219603374112568,0.0008829613416494464,0.6360092130129695,3.3805246150566415,spinning,top_load
155.9,0.5008195781626544,-0.6996937214306745,1.2058695045318895,3.5978284001068364,spinning,top_load
156.0,0.14467464237835284,1.182985027237413,0.9293449034446426,3.6034771026847667,spinning,top_load
156.1,-0.6713577821071721,-1.049642413870544,0.8400900060178691,3.347610536934091,spinning,top_load
156.2,1.1055256230293447,0.7436447659783567,1.3357661083886552,3.298044403672127,spinning,top_load
156.3,-1.025625634240377,-0.06584577993890343,0.6712870672538402,3.411536994782537,spinning,top_load
156.4,0.6844964325218471,-0.6806630975495698,1.2553362916666477,3.376945786706098,spinning,top_load
156.5,0.007951163149714053,1.0976607280295965,1.0090088031232445,3.1354673595902836,spinning,top_load
156.6,-0.7345692513748155,-1.0577434369893008,0.8317276202375156,3.337126229370181,spinning,top_load
156.7,1.2403873298007675,0.6989122731650104,1.305128211501709,3.5665557461586403,spinning,top_load
156.8,-1.1475669019325252,-0.1244552732784184,0.7295409518216793,3.8164858960371495,spinning,top_load
156.9,0.7143113487954521,-0.5526022428158326,1.2442159967799875,3.6385978337934084,spinning,top_load
157.0,0.07222692918147974,1.1559198087139761,1.0062760747745851,2.8501163754074406,spinning,top_load
157.1,-0.6702339353033409,-1.0332065899826839,0.8311496891534617,3.660325928689332,spinning,top_load
157.2,1.138006935646141,0.7321400264632261,1.3073212992865744,3.3604620535260707,spinning,top_load
157.3,-1.0746443612127485,-0.06035127573319542,0.6489612077706564,3.613270018671941,spinning,top_load
157.4,0.857651296516711,-0.6888969156270529,1.2549302027173814,3.496466185197343,spinning,top_load
157.5,0.01904462692797705,1.1270449732795573,0.9439881945731546,3.451828093478293,spinning,top_load
157.6,-0.6983366974785886,-1.2668746067623133,0.8052110424234813,3.474441068009465,spinning,top_load
157.7,1.1515054445713064,0.8002636181321378,1.358345630661603,3.494393922932555,spinning,top_load
157.8,-1.062642049504287,-0.04851969895785058,0.7166964286384114,3.836101243022561,spinning,top_load
157.9,0.6693904386491213,-0.6527095787486346,1.164114028233662,3.4950849532287283,spinning,top_load
158.0,-0.016699053582765508,1.0950250436846876,1.0482889317109292,3.7713840332953,spinning,top_load
158.1,-0.7975888796985886,-1.2141140441673262,0.7716131868802358,3.7349764664614145,spinning,top_load
158.2,1.0702357477957811,0.8028291194547574,1.3289700620688982,3.6667613868959132,spinning,top_load
158.3,-1.1723358197160803,-0.13819354310967275,0.6209595225249456,3.053345294967581,spinning,top_load
158.4,0.7019860831074238,-0.6185425442777744,1.1789671297013071,3.7791581640404015,spinning,top_load
158.5,0.10614499954620012,1.2429139868492562,1.0121056704236155,3.385524676466103,spinning,top_load
158.6,-0.6731827344555243,-1.0712975156065672,0.755027351731248,3.678931820268693,spinning,top_load
158.7,1.0865431089427677,0.6688586681726126,1.3645888758758342,3.256866791689897,spinning,top_load
158.8,-1.1849466486760307,-0.10013242758800782,0.6377306727246523,3.203731489174186,spinning,top_load
158.9,0.7878272237448409,-0.6239692545674581,1.175211676649841,3.9940971842077997,spinning,top_load
159.0,0.06759662091766687,1.1142299878397997,0.9841657256091777,3.2607542332904713,spinning,top_load
159.1,-0.7036533081375228,-1.2443931480221901,0.7984985249273967,3.786526659762937,spinning,top_load
159.2,1.114716231621844,0.7822853018212157,1.3340597480083216,3.52960508035913,spinning,top_load
159.3,-1.0737718494118873,-0.06852915767432889,0.6586459576837341,3.3949699854099573,spinning,top_load
159.4,0.6457426751475832,-0.5343967744844862,1.2324889146804017,3.4887927789174484,spinning,top_load
159.5,0.02352182388342552,1.1032531810036352,1.0324726435485008,3.174726375867172,spinning,top_load
159.6,-0.5689827632974226,-1.0903486018056345,0.7790944499170103,3.4965614050976925,spinning,top_load
159.7,1.1535891604892374,0.6831410405450679,1.31105368539896,3.22931492152601,spinning,top_load
159.8,-1.187804388309886,-0.12960870184121892,0.6599024885014186,3.4011390514215036,spinning,top_load
159.9,0.729964424911309,-0.6059565814121931,1.2257221784084271,3.731324890992394,spinning,top_load
160.0,-0.028200523141024336,1.1834707499970962,0.9561782408208104,3.5635476691394143,spinning,top_load
160.1,-0.7889892533761647,-1.2178723684897133,0.7616790602644845,3.12945737527987,spinning,top_load
160.2,1.1833299811664943,0.7606109891218555,1.3208047389873623,3.7128720317284674,spinning,top_load
160.3,-1.0741977555211881,-0.1508228943791144,0.6513849884721372,3.4982250595227145,spinning,top_load
160.4,0.6866879024267253,-0.660129488579026,1.1887716737165204,3.364453682897665,spinning,top_load
160.5,-0.02263414044582108,1.1686622702981226,1.0212112217528935,3.6866690759772327,spinning,top_load
160.6,-0.763036226218317,-1.1865263148734033,0.7402433131309454,3.4581982907557496,spinning,top_load
160.7,1.13227168352609,0.7442242623762528,1.2949887849504105,3.208584665023572,spinning,top_load
160.8,-1.175009922529587,-0.13571586786521034,0.6476029897883975,3.961952427862401,spinning,top_load
160.9,0.6446803415488367,-0.6881578038182422,1.206333106701114,3.495678139277253,spinning,top_load
161.0,0.11353012982399048,1.2239335581335569,0.9563606838142611,3.4796536988794458,spinning,top_load
161.1,-0.6773527337459742,-1.1560533114222264,0.7701948438952897,3.3987237070673526,spinning,top_load
161.2,1.1756115260359232,0.6990278787337995,1.3303490313436759,3.7949914348643974,spinning,top_load
161.3,-1.0882638454182318,-0.086814460962468,0.6458207157230824,3.36878037296449,spinning,top_load
161.4,0.7516044757566832,-0.7451019562706751,1.2161591353240073,3.113755035297099,spinning,top_load
161.5,-0.02478659716786638,1.0575973216322556,0.9801526334672741,3.3303305845260054,spinning,top_load
161.6,-0.6889891453727041,-1.0788084205824524,0.8327323981749505,3.831693650113698,spinning,top_load
161.7,1.1251259904985407,0.7506173992695936,1.3570264850582614,3.7080330403642794,spinning,top_load
161.8,-1.1149600020676018,0.045515666598606355,0.6334062485144999,3.436246086835035,spinning,top_load
161.9,0.7258437559085371,-0.6549771693104941,1.2144380356263413,3.8433137854101185,spinning,top_load
162.0,-0.022959615651856804,1.1162881813891998,1.0037204595581668,3.6869855572054706,spinning,top_load
162.1,-0.7851002261263477,-1.121975155412697,0.8248389534096215,3.4333526590913483,spinning,top_load
162.2,1.1500420429720868,0.598811089799686,1.3243688729987564,3.4585225362247303,spinning,top_load
162.3,-1.1535239888226212,-0.055631784548192814,0.6806398150653622,3.5823294329863584,spinning,top_load
162.4,0.5919199678884742,-0.6521954882844375,1.2128583250987743,3.2920282625840462,spinning,top_load
162.5,0.030459706133240737,1.2076092367715703,1.0447469954934383,3.5011262663773377,spinning,top_load
162.6,-0.6474217760164105,-1.1025480412754272,0.8271240527538892,3.5771283411533226,spinning,top_load
162.7,1.2929692080667117,0.6911448435999965,1.3482897250040304,3.078258440347865,spinning,top_load
162.8,-1.164739669753447,0.00660017315017003,0.649751175503256,3.4526699193580255,spinning,top_load
162.9,0.6730195889581184,-0.6649951705355749,1.2268008681157025,3.424235953658578,spinning,top_load
163.0,-0.06656526182637798,1.06417970958292,0.9945864991861779,3.7570170049900806,spinning,top_load
163.1,-0.692823788361804,-1.1486026098729571,0.8388065223540427,3.0388757515472413,spinning,top_load
163.2,1.1534069103876519,0.7470001833930355,1.3447344482115555,3.4046234950740724,spinning,top_load
163.3,-1.189945599641394,0.024379774874285345,0.6454503751583582,3.379561338158853,spinning,top_load
163.4,0.6948465098307846,-0.628818977291292,1.1978142382430867,3.7400177409804,spinning,top_load
163.5,-0.11871994001346253,1.130786438413815,0.9636089324440085,3.489113357658777,spinning,top_load
163.6,-0.6497596978809669,-1.1063899799539227,0.8050940830175112,3.9490236614130922,spinning,top_load
163.7,1.0950270639738389,0.8247386418183817,1.3177800097870656,3.6655533454765967,spinning,top_load
163.8,-1.1433472006389496,-0.020911838309529425,0.6905641016993811,3.39744425145262,spinning,top_load
163.9,0.6197406974732109,-0.564088490631802,1.172814639205276,3.5599146741397396,spinning,top_load
164.0,-0.03494121596773673,1.1549678479355034,1.0038172434691848,3.4114827976576354,spinning,top_load
164.1,-0.7221177719620608,-1.150369717041632,0.8229040219296208,3.714849022622605,spinning,top_load
164.2,1.1405903687364949,0.8335166684581609,1.2778129339275344,3.166950571677247,spinning,top_load
164.3,-1.112483868622844,-0.0733819123723732,0.7181676204475071,3.2940760058571668,spinning,top_load
164.4,0.7916868077602033,-0.647261508020069,1.1988441349093657,3.61392247963873,spinning,top_load
164.5,0.04396265656617785,1.2217415181985123,1.004232861464869,3.806439112180905,spinning,top_load
164.6,-0.6476124301621717,-1.0631133572479399,0.8055407859402064,2.9495078509652,spinning,top_load
164.7,1.2280340661507512,0.7586757963174341,1.3641642175497155,3.843617803997604,spinning,top_load
164.8,-1.107085346662815,-0.09514123860572316,0.6658361722815374,3.4649662178929983,spinning,top_load
164.9,0.7031398710139533,-0.5614658889881735,1.2415242283365189,3.029031259515709,spinning,top_load
165.0,0.06054671437524218,1.166472004635582,1.015572121387636,2.7495680395276656,spinning,top_load
165.1,-0.6409617455932946,-1.1414939296733972,0.841223743375671,3.11765348354793,spinning,top_load
165.2,1.180181769832143,0.7398539821213914,1.358050172151892,3.4950737860386494,spinning,top_load
165.3,-1.228545475376367,-0.048026349244588026,0.7165587197302324,3.483525490547779,spinning,top_load
165.4,0.6548546935653665,-0.6505588065939949,1.2386350560324433,3.6583001086773272,spinning,top_load
165.5,-0.016491246241831375,1.0785866123863108,0.9458274962269515,3.362628205609759,spinning,top_load
165.6,-0.6585650415067773,-1.1526862652100245,0.8667303895263558,3.2229898633884573,spinning,top_load
165.7,1.1399870344099234,0.7750917874712246,1.3251500226119306,3.3967284030847766,spinning,top_load
165.8,-1.0730557015471487,-0.09045184798261882,0.7024859745897973,3.508402571727894,spinning,top_load
165.9,0.7842565004757651,-0.5950267576840964,1.2124064941189157,3.557693198738819,spinning,top_load
166.0,0.07195022812055242,1.1957768466993217,1.0318327077280534,3.3027088251818983,spinning,top_load
166.1,-0.6330098688821616,-1.102234943305919,0.7677429418487325,3.72536167508384,spinning,top_load
166.2,1.079048185274652,0.7425914416199629,1.3611526821589404,3.3446508070689918,spinning,top_load
166.3,-1.11230968958686,-0.02257885371618014,0.6500239377719058,3.282570659418774,spinning,top_load
166.4,0.6688905602937356,-0.6445786151531148,1.2589727841730147,3.3644021226329275,spinning,top_load
166.5,-0.09894397988157305,1.0443021444467266,1.013160045022504,3.768710043925652,spinning,top_load
166.6,-0.7225905706743766,-1.1200650422153642,0.816475588413739,3.466800886764835,spinning,top_load
166.7,1.2207520374917864,0.7679342431902796,1.2774580397220532,3.326371624232557,spinning,top_load
166.8,-1.1136232989470805,0.08768473615673471,0.6550524737400848,3.731526937612136,spinning,top_load
166.9,0.8264108650473666,-0.5618200472040529,1.2239192398770529,4.035687134987187,spinning,top_load
167.0,0.010633808715987918,1.161115912576727,1.0067084471931615,3.552420658577237,spinning,top_load
167.1,-0.5584741375353892,-1.1454785748479577,0.8172320255862465,3.8084606152163585,spinning,top_load
167.2,1.1519190930851504,0.7689896800364039,1.3314032185121145,3.7590194876436973,spinning,top_load
167.3,-1.139919001784988,-0.12814950818548768,0.6590832672847752,3.3485900620854165,spinning,top_load
167.4,0.6285788974756756,-0.7535955326328105,1.2470394937577394,3.506658545119058,spinning,top_load
167.5,0.06663376441738966,1.0660933566157336,0.9316393298965864,3.179363842574003,spinning,top_load
167.6,-0.7354698104873294,-1.163291826015494,0.8060778242238801,3.448764433409591,spinning,top_load
167.7,1.102444961189664,0.6328339880402327,1.3323638010864498,3.343452407718569,spinning,top_load
167.8,-1.0643939857283975,-0.10058745150367127,0.6302501103971458,3.3992785107060914,spinning,top_load
167.9,0.7748356628787857,-0.6641130809882162,1.221699017553588,3.3125262421549158,spinning,top_load
168.0,0.06792308203265957,1.1055213099515706,1.0368235389042653,3.428225797951108,spinning,top_load
168.1,-0.7270737707943575,-1.2001322208165073,0.8195716241192077,3.6330581715662285,spinning,top_load
168.2,1.1382092676358484,0.7386755158699478,1.3383269549390502,3.470127022390001,spinning,top_load
168.3,-1.144859083415927,0.0355054857200479,0.6838918830465757,3.0339067005611535,spinning,top_load
168.4,0.7522933935914349,-0.6095275821112492,1.2376447277787026,3.3134698587753784,spinning,top_load
168.5,0.093213880109595,1.0848288565467812,0.9973788618851873,3.120150161860437,spinning,top_load
168.6,-0.6832535094390915,-1.164529672226956,0.7676048926150549,3.561015056495442,spinning,top_load
168.7,1.259761284675581,0.7574675445937559,1.323323324932572,3.6258293410135467,spinning,top_load
168.8,-1.0874361544722162,-0.11400546999187036,0.6827552545997841,3.5641370554635414,spinning,top_load
168.9,0.6912543391042888,-0.6954041120652513,1.2103382864139653,3.303148901675153,spinning,top_load
169.0,0.049722684367602084,1.1790783443802446,0.9686145334080414,3.561713482282804,spinning,top_load
169.1,-0.6029858860284067,-1.1856158675762671,0.7378514241094463,3.3824714360577812,spinning,top_load
169.2,1.26116515855468,0.6934845615108884,1.3673352894291513,3.215443637562437,spinning,top_load
169.3,-1.070054338878279,-0.07051656461170537,0.6412163014658062,3.6854824799272325,spinning,top_load
169.4,0.7068827699704758,-0.6421757138130368,1.2215143234949783,3.704506938430943,spinning,top_load
169.5,-0.013001595243296407,1.0000846497090825,1.0371912072120912,3.7372238702708764,spinning,top_load
169.6,-0.670778132537187,-1.1628735863943094,0.7491295748691343,3.3479128499918858,spinning,top_load
169.7,1.2417062892704387,0.8112451407936964,1.3410262244508675,3.79484057817327,spinning,top_load
169.8,-1.1152416722212963,-0.040854380836033904,0.6524988297471848,3.376604437167983,spinning,top_load
169.9,0.7326142150631872,-0.5154685920890207,1.2229949770941564,3.6633753303846284,spinning,top_load
170.0,0.00308387125900674,1.1935134720994152,1.0371747999526073,3.3722718345583313,spinning,top_load
170.1,-0.725015766508901,-1.073492763440177,0.7485137547348193,3.4440044590635575,spinning,top_load
170.2,1.1315397491555168,0.9271715008877204,1.3594742843274186,2.8947055356527027,spinning,top_load
170.3,-1.1331422604394557,-0.022438768260945506,0.6885653673835548,3.424521696395771,spinning,top_load
170.4,0.8084283025255109,-0.6394720865246917,1.2060113789066331,3.522772491696257,spinning,top_load
170.5,-0.014382826711944525,1.1768713207665364,0.9958765902131773,3.3974875956590402,spinning,top_load
170.6,-0.7021855781962826,-1.1939829909289474,0.800950790244258,3.939047017021285,spinning,top_load
170.7,1.0893451599297375,0.7656275239026192,1.352724858202932,3.209383478668681,spinning,top_load
170.8,-1.0982699555658222,-0.1067918025521977,0.6750902323547503,3.3591046907240187,spinning,top_load
170.9,0.7873430534740604,-0.625377225547045,1.2284411066173255,3.2737818475035367,spinning,top_load
171.0,0.0974698707572313,1.0793323578794392,0.9705408308314782,3.3590557552511324,spinning,top_load
171.1,-0.69314043126916,-1.2016445149169708,0.8181053041058775,3.7578532657351764,spinning,top_load
171.2,1.1757290765509425,0.7839747423191001,1.3773838407319636,3.8695079485817407,spinning,top_load
171.3,-1.1504808388843535,-0.076190830414138,0.6632021409444636,3.3248018472702645,spinning,top_load
171.4,0.7370234235326978,-0.7649075671437575,1.1667780316288179,3.319248114319199,spinning,top_load
171.5,0.018837909149974054,1.0311134878819739,0.9965576288200038,3.2107178378515213,spinning,top_load
171.6,-0.7018464395159714,-1.2292647944129058,0.794229485482899,3.8265713466298257,spinning,top_load
171.7,1.149533041090792,0.7061880303659915,1.3080423387326447,3.7802511017290756,spinning,top_load
171.8,-1.1141524825505562,-0.04306274419866317,0.646815512226437,3.4735045500028034,spinning,top_load
171.9,0.6876931566603552,-0.6361199681763893,1.1693216091985705,3.15097520092328,spinning,top_load
172.0,-0.01454980752473843,1.1823636654626228,1.0182187667495763,3.173334358635937,spinning,top_load
172.1,-0.6029005819307046,-1.1152606955487316,0.7933759686217622,3.5426573625961484,spinning,top_load
172.2,1.3039006256850076,0.8234805221036382,1.2930068509218402,3.6373344796116247,spinning,top_load
172.3,-1.2135298364663263,-0.03142437248018399,0.6681635999811744,2.983463798744713,spinning,top_load
172.4,0.6297740304885884,-0.6366755404551327,1.2099074224036368,3.4196725223655293,spinning,top_load
172.5,-0.05742916966862304,1.184408007697902,1.015492428482592,3.904573972389346,spinning,top_load
172.6,-0.7115396076532483,-1.1052640374208516,0.7766513361620567,3.4456226983424285,spinning,top_load
172.7,1.1950146502164363,0.7817320667859783,1.3183359638439696,3.872409522697656,spinning,top_load
172.8,-1.105792643031327,0.00833616828407209,0.6344943153399988,3.662261532238921,spinning,top_load
172.9,0.7156641709578221,-0.7900035935509901,1.195457584328846,3.2289300997911607,spinning,top_load
173.0,0.03173613281753511,1.1010191127122864,1.00056475289745,3.426832176662036,spinning,top_load
173.1,-0.7468674721485743,-1.1787762328643812,0.792836063137482,3.467826440363824,spinning,top_load
173.2,1.1266204532490196,0.8283273173816933,1.33665874953201,3.2618721079766235,spinning,top_load
173.3,-1.142473492456795,0.026355555849432208,0.6449200676638303,3.257532994297265,spinning,top_load
173.4,0.6102893224187456,-0.7362670612133367,1.2010605927851525,3.8766921480296404,spinning,top_load
173.5,-0.0696786122833722,1.203116933609642,1.075231743565203,3.255659845076762,spinning,top_load
173.6,-0.7726362664276896,-1.2307155160868037,0.7652755546297447,3.76960901910217,spinning,top_load
173.7,1.1871143129752637,0.6906934299989985,1.3256411856098853,3.3908788804087457,spinning,top_load
173.8,-1.1265465226399263,-0.08198528610733333,0.7564352773847631,3.4935901675292067,spinning,top_load
173.9,0.7420059747555562,-0.6683486873286109,1.2242330898991525,3.6404611045596433,spinning,top_load
174.0,-0.11037929938824192,1.0249418663776446,0.958600580022861,3.3503603317738304,spinning,top_load
174.1,-0.7943563039140635,-1.1214361265156934,0.8136779252940277,3.6419760783736335,spinning,top_load
174.2,1.1810607459696028,0.799930490216304,1.3150791791902297,2.9883925751129046,spinning,top_load
174.3,-1.3079879980541738,-0.004685648197676293,0.6848914993678896,3.6099268471036594,spinning,top_load
174.4,0.7788200642069499,-0.6752636187874919,1.2052738224441681,2.882867468857091,spinning,top_load
174.5,-0.10939902861153908,1.1160719402622823,0.9868061245152663,3.4432883183253855,spinning,top_load
174.6,-0.6547416092354059,-1.1622544348194257,0.836672258239556,3.7135607463296227,spinning,top_load
174.7,1.0879527420687711,0.8604460712208759,1.359372386446034,3.655573826514594,spinning,top_load
174.8,-1.0783335966439398,-0.2379828309255671,0.6868093372572058,3.175397380259515,spinning,top_load
174.9,0.8978319575860141,-0.7066729599401008,1.2246502812109057,3.207583900976621,spinning,top_load
175.0,-0.136390657807244,1.1187793537282078,0.9866666642862142,3.3278319899193414,spinning,top_load
175.1,-0.6636196738794236,-1.2255630190201476,0.8067379417824274,3.5465539655895335,spinning,top_load
175.2,1.0327780567385407,0.743667123296561,1.3786568076467833,2.992016702489074,spinning,top_load
175.3,-1.1156616842212084,-0.07549267614984609,0.661661795439249,3.4966941060378605,spinning,top_load
175.4,0.6929359729379736,-0.6887174655282375,1.2656519689557213,3.5778573434500163,spinning,top_load
175.5,0.0077869393476565196,1.1223150387268321,1.025514616096041,3.429240704782254,spinning,top_load
175.6,-0.7600434793306939,-1.1227398482597684,0.7947567856678485,3.631330242013263,spinning,top_load
175.7,1.1881002861240155,0.7449903580308167,1.349924941796802,3.555931039581551,spinning,top_load
175.8,-1.2281692898325056,-0.09511982800585315,0.6617367680027438,3.3645864351502763,spinning,top_load
175.9,0.7798405385250744,-0.6592021939998565,1.1740655272574954,3.0159526599351274,spinning,top_load
176.0,-0.024555018396742654,1.1180007223619084,0.9972978341257023,3.5333532703927055,spinning,top_load
176.1,-0.7895037433951224,-1.2648479788453222,0.7950329037349539,3.2617311586925055,spinning,top_load
176.2,1.2369640289546433,0.7868595798104139,1.3298977922282647,3.355414343784614,spinning,top_load
176.3,-1.1453083787227718,-0.09498821773434177,0.6677499646948741,3.6197810544907716,spinning,top_load
176.4,0.8198004609775137,-0.5735641945121253,1.212241915535951,3.8543333458585876,spinning,top_load
176.5,0.07328136775886405,1.153910111699263,1.0232107567329822,3.490484969139498,spinning,top_load
176.6,-0.7532310450380602,-1.0902248206720975,0.8082906806067097,3.638516209111468,spinning,top_load
176.7,1.1361684314979725,0.6985061171099027,1.3473949444937985,3.1388801647117774,spinning,top_load
176.8,-1.134005543174432,-0.09021134243885719,0.6166032673946661,3.5613808952487584,spinning,top_load
176.9,0.7969204947502413,-0.7238038082481676,1.2653243729857517,3.485023515580709,spinning,top_load
177.0,0.02625106280201281,1.0761354306249267,0.9957432700428615,3.8073068951565454,spinning,top_load
177.1,-0.6947647454852445,-1.0853024794547115,0.7859707155638364,3.3648853809928108,spinning,top_load
177.2,1.1292750443283395,0.8484157794079957,1.3321047204052896,3.4395905957094075,spinning,top_load
177.3,-1.144301241705549,-0.13681614165595668,0.6429673044517529,3.7647036167831986,spinning,top_load
177.4,0.7836178278918171,-0.6767529590996948,1.257924432265351,3.4769915519013375,spinning,top_load
177.5,0.00022232104775675045,1.1138751628392212,1.0415813296115548,3.222789654678183,spinning,top_load
177.6,-0.7290421390288598,-1.12529246641666,0.8017291112820393,4.1379083183225305,spinning,top_load
177.7,1.1073973896173928,0.6535777289205165,1.3391553412333423,3.2303518091658168,spinning,top_load
177.8,-1.1744937287843797,-0.1641081488592005,0.6761931936841495,3.4838249796126193,spinning,top_load
177.9,0.6212165429886146,-0.6198787303682483,1.2138166002784352,3.5866720390064035,spinning,top_load
178.0,-0.04502251849975807,1.0015045890255545,0.9942933124502562,3.5669043772577784,spinning,top_load
178.1,-0.6154370862118871,-1.1872366492935986,0.798540486819918,3.4525640739984005,spinning,top_load
178.2,1.12887186392014,0.7688918532462966,1.3291456134578936,3.453809907368423,spinning,top_load
178.3,-1.0990031194408683,-0.04298818577158464,0.6651875820538328,3.4412670334280113,spinning,top_load
178.4,0.5566169116769725,-0.6577593847333866,1.217729318593956,3.221016535352157,spinning,top_load
178.5,0.03409867853797864,1.0965015000178489,1.0180880806377455,4.0375548036056825,spinning,top_load
178.6,-0.7150234650132112,-1.1097545533422282,0.7698232004504124,3.445002270571656,spinning,top_load
178.7,1.1123814181807354,0.7762787003147719,1.363684436452546,3.649232748205774,spinning,top_load
178.8,-1.1304102221089902,-0.10674914128473678,0.6304303093452074,3.4163367855795985,spinning,top_load
178.9,0.6755927875223635,-0.646992925199757,1.1944256912766884,3.411309081911129,spinning,top_load
179.0,-0.1274324951933531,1.1414370445200441,0.9841322482256122,3.3861390843325876,spinning,top_load
179.1,-0.6500074262806854,-1.0573345704381536,0.7562357560034891,3.1125385530026874,spinning,top_load
179.2,1.1558488732351178,0.80634576483017,1.3728502143678378,3.4598447149698077,spinning,top_load
179.3,-1.160104366839153,0.004945267389509941,0.6285480798480214,3.3982480864201423,spinning,top_load
179.4,0.647371180426802,-0.6858927427786039,1.1906352007031444,3.7928811272961944,spinning,top_load
179.5,-0.08819145096655744,1.0869959287853443,1.0376622313145605,3.200824970603871,spinning,top_load
179.6,-0.6919087403268553,-1.1745516044940356,0.7712798281191088,3.3557132056112864,spinning,top_load
179.7,1.2380742771677236,0.7505519859344454,1.3367360653121179,3.2753898833114796,spinning,top_load
179.8,-1.1290778309497596,-0.12840964143570516,0.6272587841062374,3.8606325985029524,spinning,top_load
179.9,0.6223766063854205,-0.5733002814073812,1.2365912270539776,3.2826478887863324,spinning,top_load
180.0,0.013507003622097188,1.171448001426144,1.02540208732567,3.6405749611815343,spinning,top_load
180.1,-0.7085428804856797,-1.1787694766033667,0.8105656862984406,3.742540368351495,spinning,top_load
180.2,1.1931104371186319,0.7976689836736265,1.3585062407120716,3.4634692721461477,spinning,top_load
180.3,-1.1048638289095423,-0.05455419418737898,0.6598273274643105,3.1557972497648827,spinning,top_load
180.4,0.5261929507044576,-0.6060666201448426,1.1958713908171763,3.1589615353090776,spinning,top_load
180.5,0.03271453226569568,1.0377884757491493,0.9755509208000158,3.71494101619902,spinning,top_load
180.6,-0.765551067321279,-1.1691684693170723,0.82709447497754,3.1848514953000358,spinning,top_load
180.7,1.0559640950673166,0.7556840330582963,1.3653244740180692,3.598006652764978,spinning,top_load
180.8,-1.1525762241766837,-0.03050961799098767,0.6368205273177064,3.528587277455149,spinning,top_load
180.9,0.7300005692929165,-0.6869625550715878,1.2127976438720287,3.5942831210777566,spinning,top_load
181.0,-0.09844407661729881,0.9684510597157152,0.9909965472104229,3.617896201961472,spinning,top_load
181.1,-0.6630677177275182,-1.2253307879862214,0.7545509880035361,3.2665823038955244,spinning,top_load
181.2,1.1870681504061105,0.7555034655900499,1.3477098871649036,3.2561179552463146,spinning,top_load
181.3,-1.1384492477762396,-0.06409509043729193,0.6451548742065613,3.6787317835251008,spinning,top_load
181.4,0.6532848849375555,-0.5482314116430954,1.1830265908364828,3.3426638473589008,spinning,top_load
181.5,-0.05876268025152449,1.1534116896001168,0.955626023375697,2.812462876998713,spinning,top_load
181.6,-0.6437863748560947,-1.1555369881713764,0.7414832041685574,3.662188824470966,spinning,top_load
181.7,1.0505944583644362,0.7572228681258782,1.331237562035418,3.240934677982808,spinning,top_load
181.8,-1.0773995919050827,-0.0016771410373877527,0.6550668050209826,3.6167839694763133,spinning,top_load
181.9,0.6954303532031945,-0.6846629261302049,1.1853436665204367,3.8482054623292425,spinning,top_load
182.0,-0.005750069978543175,1.1100298758962657,1.0195221828297252,3.504190614315487,spinning,top_load
182.1,-0.8078275650758658,-1.2257842921335143,0.7864309129211913,3.748941457915883,spinning,top_load
182.2,1.1324648217464515,0.8443007076545428,1.3596869051842095,3.5384494201340506,spinning,top_load
182.3,-1.1044526885935748,-0.04437820774755,0.6521323304280916,3.896857332035287,spinning,top_load
182.4,0.6251576974799644,-0.69170769676093,1.1879891617691118,3.2344732228107236,spinning,top_load
182.5,0.02991815203506136,1.111579602541575,1.0034235271341436,3.4979462548958775,spinning,top_load
182.6,-0.7000015675302622,-1.129849759132859,0.7505170738141493,3.668290401260367,spinning,top_load
182.7,1.1026424827242884,0.7441232099693368,1.3585635014853674,3.4523970607474888,spinning,top_load
182.8,-1.089987434364803,-0.09999638127048036,0.6295051779383216,3.7880547491631673,spinning,top_load
182.9,0.573206896612433,-0.6885127201596879,1.2391496666213473,3.391990115122305,spinning,top_load
183.0,0.020800844924495552,1.1387846171151124,0.9898463276127045,4.017342787907222,spinning,top_load
183.1,-0.6081761932665432,-1.1819120616778969,0.8202733146640153,4.030549376068061,spinning,top_load
183.2,1.2276644079002423,0.7319408806469686,1.3087016502086115,3.570517999056825,spinning,top_load
183.3,-1.1178794163219097,-0.14809184927085373,0.637286563111869,3.6381502950886544,spinning,top_load
183.4,0.6872414561831376,-0.6445978644091621,1.2230307392307538,3.7979178589061595,spinning,top_load
183.5,-0.038148153393062455,1.1075734968331028,1.0351149128027413,3.2032006502581583,spinning,top_load
183.6,-0.7235178503852164,-1.1797277058437934,0.8383955764241843,3.1719999963555523,spinning,top_load
183.7,1.173896254429253,0.7710925853821167,1.34362133077668,3.8141047284644087,spinning,top_load
183.8,-1.18970244788181,-0.02304800820345302,0.7127520230573291,3.5684971182182497,spinning,top_load
183.9,0.7507877318340739,-0.6071623706842989,1.2029127543305522,3.4433736885050528,spinning,top_load
184.0,0.12798963108019004,1.1516106132146735,1.0329630286708864,3.5027808257202904,spinning,top_load
184.1,-0.7090552968586795,-1.174869021643369,0.7601318792659101,2.9034896319089825,spinning,top_load
184.2,1.0606041313572407,0.7251464445761678,1.3549863610721693,3.45235942138575,spinning,top_load
184.3,-1.2219525043332538,-0.13056308244703063,0.587368862908026,3.311738315201694,spinning,top_load
184.4,0.7519362358538084,-0.6848456894409467,1.1779549604757404,3.7295179084037704,spinning,top_load
184.5,0.7345521088513842,1.857762788457952,1.0140003039423968,3.7487576945960015,spinning,top_load
184.6,0.0854044306019679,-0.4694690926352968,0.7490241436086924,3.6441700585324774,spinning,top_load
184.7,1.8473866441937519,1.503066652668847,1.3551888341899403,3.5988646621997855,spinning,top_load
184.8,-0.353293527112721,0.6122813349468965,0.6848133977581082,3.125663312819933,spinning,top_load
184.9,0.6958443523441931,-0.7489158123410178,1.1965630850438047,3.6476607699992187,spinning,top_load
185.0,-0.043950243319601574,1.1676112704125194,0.9709314113297246,3.657349486380846,spinning,top_load
185.1,-0.7294022114790535,-1.1888936806472161,0.7741717106990847,3.8112981634421823,spinning,top_load
185.2,1.069444558228797,0.7089443255393291,1.3134059762907317,4.0295524531075495,spinning,top_load
185.3,-1.021906246039336,-0.13355897244541326,0.6545832473932527,3.0768598316070976,spinning,top_load
185.4,0.6995593939375095,-0.6238741405169366,1.2146654095719482,3.402880793595447,spinning,top_load
185.5,0.03867084532096236,1.2009413658487804,0.9908196963071049,3.314433340710589,spinning,top_load
185.6,-0.7375544507230953,-1.1846132365856539,0.8386280863803505,3.5431267970962685,spinning,top_load
185.7,1.078152150235378,0.7462325422530677,1.320798231275641,3.5033504645545097,spinning,top_load
185.8,-1.1553006502093328,-0.0036302335743001457,0.6993626495113823,3.4414794817299637,spinning,top_load
185.9,0.7714138547538335,-0.757883041262194,1.1803655137359612,3.7569010903502935,spinning,top_load
186.0,-0.031243907483944032,1.2364590217354343,1.0021833270982323,3.224646447204804,spinning,top_load
186.1,-0.7575742211147704,-1.0137827867856533,0.8238904714311404,3.2397196331518483,spinning,top_load
186.2,1.1505956742163763,0.5967860929674664,1.376321060433868,3.2439436822254892,spinning,top_load
186.3,-1.1113264635112161,-0.07377833770272739,0.6450119172027088,3.4099181031435033,spinning,top_load
186.4,0.8039131928823353,-0.6923931209128038,1.2282547824274836,3.192852446022038,spinning,top_load
186.5,0.021225028702225052,1.102560596906362,1.0126353725098893,3.4878571278001824,spinning,top_load
186.6,-0.6667027420390685,-1.1855319091022105,0.772199133816935,3.4586274513422834,spinning,top_load
186.7,1.184424333769423,0.8078718906414931,1.3608588439807032,3.30337122150023,spinning,top_load
186.8,-1.2104487424701782,-0.0746823383856065,0.7134944192953051,3.718441563514049,spinning,top_load
186.9,0.6475423785228137,-0.7039107318527917,1.2257537107771748,3.4851248679283158,spinning,top_load
187.0,-0.06503377737654127,1.1081157934829107,1.0169906913720594,3.765661841007951,spinning,top_load
187.1,-0.7852710480923786,-1.1295417507075303,0.8085619585207573,3.451237537198892,spinning,top_load
187.2,1.188995412046404,0.6881430650668748,1.2985510476455995,3.4939512779421613,spinning,top_load
187.3,-1.123864814054419,-0.16670216530580337,0.6714263943299154,3.3593043988295723,spinning,top_load
187.4,0.7101120665365361,-0.5296917309506098,1.181099903580159,3.498238364866129,spinning,top_load
187.5,-0.15556299092414314,1.0799013023781825,0.9823033917790639,3.6780578265330117,spinning,top_load
187.6,-0.5820136912339207,-1.1686699841403965,0.8532555626103437,3.3971664419324257,spinning,top_load
187.7,1.0876114993050265,0.7352986203831062,1.3347824975765077,3.629602990633666,spinning,top_load
187.8,-1.0181590541979308,-0.03504288172275352,0.6354144310048928,3.2968132597385646,spinning,top_load
187.9,0.6183878139120329,-0.5428889036152011,1.2461801681923752,3.689762641380552,spinning,top_load
188.0,-0.04874406951347686,1.1532429336644179,0.9715696899147033,3.355023543172018,spinning,top_load
188.1,-0.8375132657015527,-1.2515307137776444,0.7749747348490172,3.7129199683072627,spinning,top_load
188.2,1.1629953181107777,0.6761189391121888,1.3798519109058498,3.515244135608416,spinning,top_load
188.3,-1.2073432288029662,-0.09186603048737452,0.658902681092951,3.880238433347766,spinning,top_load
188.4,0.6409622935052736,-0.6653502909725945,1.1647547794715567,3.211483068436448,spinning,top_load
188.5,-0.08235085303062611,1.0151298269878366,1.01631968842963,3.130955806672033,spinning,top_load
188.6,-0.6587009989866404,-1.1112683497147982,0.776503332713331,3.345945688506108,spinning,top_load
188.7,1.1839556386482446,0.693987111259872,1.3885758904621648,3.153847262991422,spinning,top_load
188.8,-1.0325457860895046,0.021669949759980697,0.6394340457047064,3.1543162763929304,spinning,top_load
188.9,0.6641999054866383,-0.5400183431684193,1.2431394700370828,3.655387690114969,spinning,top_load
189.0,0.01312916226284098,1.1035516912027727,1.0532709409709815,3.4989553016468355,spinning,top_load
189.1,-0.7827024145949665,-1.1340904465001933,0.7628690124603981,3.3800797558239353,spinning,top_load
189.2,1.1211654781900489,0.6852495114077688,1.3365839552435046,3.403259350673642,spinning,top_load
189.3,-1.1723985383511264,-0.03050756437889525,0.6692784123580567,3.350690583918415,spinning,top_load
189.4,0.7332093002008049,-0.6791478444067595,1.1858823182486986,3.912592291954761,spinning,top_load
189.5,0.0610213083850468,1.053212783865374,1.0081088484012215,3.3161235730892407,spinning,top_load
189.6,-0.6458783013011173,-1.1777889042204137,0.7816497005495181,3.169466525479175,spinning,top_load
189.7,1.0906990832211716,0.7312214642283479,1.3350283187184675,3.699012654371582,spinning,top_load
189.8,-1.0813597452769,-0.08743770814794488,0.6590878059149594,3.4460610941630447,spinning,top_load
189.9,0.7026971945246746,-0.5922755048316505,1.2137406322926998,4.009693422204471,spinning,top_load
190.0,-0.019475813753943177,1.0713284476025031,1.0049164230722445,3.3684485903014663,spinning,top_load
190.1,-0.7478529919600797,-1.056327424938822,0.770432518811013,3.711496044939198,spinning,top_load
190.2,1.1076716718925113,0.6796627667632086,1.3257251941357686,3.7705493326498263,spinning,top_load
190.3,-1.0367289887824453,0.028997672423191026,0.6540620264689893,3.369666041949499,spinning,top_load
190.4,0.7237869487406259,-0.7102469363151979,1.2102599615882215,3.314269808022741,spinning,top_load
190.5,0.010476710849872395,1.1183861092084217,0.9868345198015416,3.685341632732726,spinning,top_load
190.6,-0.7210771142630985,-1.1898405717339555,0.798115498437316,3.6437229794784827,spinning,top_load
190.7,1.2880265362404621,0.7385426244405185,1.2879374934059984,3.1473474748222685,spinning,top_load
190.8,-1.0629671902234579,-0.019846709786269262,0.6357056663664584,3.21789109092382,spinning,top_load
190.9,0.6620785758631197,-0.5592666911670023,1.2032048560392286,2.8658924987629986,spinning,top_load
191.0,-0.016416903282282125,1.1898783854580282,0.9743165443890804,3.6488467134947005,spinning,top_load
191.1,-0.7181969753532943,-1.1847201848657354,0.8372732496189548,3.4345432017160635,spinning,top_load
191.2,1.1500201382511124,0.7702216580771232,1.3429462012679954,3.4594623947561796,spinning,top_load
191.3,-1.1833413791121534,-0.11485281638778141,0.6629227444804969,3.077138975574537,spinning,top_load
191.4,0.7316712941528117,-0.7087493177551474,1.1971057695863692,3.2254744117276686,spinning,top_load
191.5,0.08712528792227657,1.0496688488169412,0.9995266323887865,3.3805102718581086,spinning,top_load
191.6,-0.7841599892912268,-1.186683203344292,0.7519397052456249,3.331918599963045,spinning,top_load
191.7,1.0735790153286928,0.7741426825935952,1.337285834783413,3.529459018879408,spinning,top_load
191.8,-1.17025733287213,-0.18263705355284748,0.6295094012758398,3.6458670316579536,spinning,top_load
191.9,0.6791345691447032,-0.6520375211554464,1.203280583282667,4.067403142321299,spinning,top_load
192.0,0.11990795248459593,1.209408410633605,0.9232025030108771,3.494995742492269,spinning,top_load
192.1,-0.6452397495500237,-1.0931141407808167,0.7545572129214201,3.7788506657742365,spinning,top_load
192.2,1.1979271606812887,0.7240553001411589,1.3862981380016877,3.2925068057550564,spinning,top_load
192.3,-1.1571297611650353,-0.15174051852452944,0.682531586606957,3.081263421256161,spinning,top_load
192.4,0.6881634983438061,-0.621666480612875,1.2511738709027616,3.411924588322469,spinning,top_load
192.5,-0.0871023248258886,0.979401208148254,1.0416316380901383,3.1005695705314396,spinning,top_load
192.6,-0.6584378890679823,-1.093819557972323,0.8085869318996789,3.503668291792276,spinning,top_load
192.7,1.170731095842696,0.7463510972598246,1.3287942853048766,3.3048864688728337,spinning,top_load
192.8,-1.0641079776735582,0.04194987526700428,0.6265021257457547,3.0114321533113535,spinning,top_load
192.9,0.6926925199497076,-0.7528742281352871,1.246005028988814,3.9340062864650442,spinning,top_load
193.0,-0.008506748772066119,1.1735356766731462,1.0019370392316092,3.365609571723655,spinning,top_load
193.1,-0.6951395710373711,-1.1664593351340862,0.8632179936661544,3.0905951742639504,spinning,top_load
193.2,1.1947816740846549,0.739303312844343,1.3314274065859462,3.7245429476268224,spinning,top_load
193.3,-1.2294807568801278,-0.15011875188044593,0.7168065297771307,3.3178464093651785,spinning,top_load
193.4,0.749505670775443,-0.613511424597931,1.2068989371044694,3.7725415084226657,spinning,top_load
193.5,-0.0012297337304897583,1.1590151462472593,1.040081457917725,3.3166514163304877,spinning,top_load
193.6,-0.7688605388281682,-1.0533211368073003,0.8392980612916897,3.3647755774343007,spinning,top_load
193.7,1.016191474394961,0.8196493605043634,1.3116918480208402,3.5862079273692617,spinning,top_load
193.8,-1.14945624226692,-0.10356186370486645,0.6430697117850083,3.6483048451760274,spinning,top_load
193.9,0.7922050817476475,-0.7094880540176196,1.180613314054405,3.6921209343351498,spinning,top_load
194.0,0.10048108000428616,1.0363374171492767,0.963101665352194,3.477564715317668,spinning,top_load
194.1,-0.684019730110678,-1.0720353441869055,0.8084093146904834,3.6321541803886457,spinning,top_load
194.2,1.2589881593847159,0.712475887676116,1.3364814947587835,3.686407151730855,spinning,top_load
194.3,-1.1438442845316474,0.020885648170406168,0.6591906438294313,3.5501422846417126,spinning,top_load
194.4,0.762540515849833,-0.6177519765485501,1.2282898648745784,3.464335471683926,spinning,top_load
194.5,-0.027073853334387953,1.1382410760562294,0.9442783949885519,3.1386762629422176,spinning,top_load
194.6,-0.7362182331078697,-1.1788409036789809,0.8270002892934655,3.6497935391949974,spinning,top_load
194.7,1.1006172725414032,0.7988067195129832,1.331907520966075,3.5105434247852876,spinning,top_load
194.8,-1.2648995563816412,-0.06885638973788547,0.673591693320881,3.396596036912323,spinning,top_load
194.9,0.7825678383479229,-0.6714090964885667,1.230224076002189,3.819441590897915,spinning,top_load
195.0,-0.03849794634863376,1.1602071903593567,1.0411238968228094,3.143041591771671,spinning,top_load
195.1,-0.7534286295362905,-1.1690671314785812,0.7852515875412153,3.9110090788412215,spinning,top_load
195.2,1.0704695186573725,0.71126625800879,1.278671222094952,3.4944316803413837,spinning,top_load
195.3,-1.1535293857464677,-0.03193853744038818,0.6593334825373195,3.5793795446257244,spinning,top_load
195.4,0.8111518413845347,-0.6530954383383162,1.2176238965701331,3.4012389713674325,spinning,top_load
195.5,0.1256267310492055,1.1477815038660035,0.9689721742257492,3.0832317718691673,spinning,top_load
195.6,-0.8049943152992616,-1.1876603964265147,0.7928220288076472,3.465097525383555,spinning,top_load
195.7,1.1200009397956165,0.686619066452111,1.3315497928244693,3.583686226723198,spinning,top_load
195.8,-1.2033292857598523,0.036176293783024185,0.6173370356552556,3.6690563616006484,spinning,top_load
195.9,0.7646425672239249,-0.5564596143544931,1.2317472376756486,3.4504917003902746,spinning,top_load
196.0,0.01719561283767327,1.1714740008363238,0.9830882454730775,2.9518650396988955,spinning,top_load
196.1,-0.7435364623936432,-1.1836974460478091,0.7762059327326319,3.1145846638543437,spinning,top_load
196.2,1.145622204389715,0.7411472663431529,1.3285029804476636,4.013004905940823,spinning,top_load
196.3,-1.1699129368388013,0.015011502785605646,0.6946840120576228,3.226866004056971,spinning,top_load
196.4,0.8021970684135695,-0.6704861012545167,1.2103752059721211,3.856762364559802,spinning,top_load
196.5,0.032817570900649504,1.0804935409796412,1.002372994616281,3.266478315645601,spinning,top_load
196.6,-0.6651528974960249,-1.048094724387116,0.7751782245431047,3.454386022568033,spinning,top_load
196.7,0.9812527708721717,0.7563056838362562,1.3562663505338908,3.6563020648999762,spinning,top_load
196.8,-1.1452751402840071,0.03817737574284341,0.6980991955872367,3.2949513883547814,spinning,top_load
196.9,0.8303349602944599,-0.7331598136420361,1.2310385153498704,3.8980537839397638,spinning,top_load
197.0,0.07956774420208348,1.14953799612762,1.0206060088400104,3.5189320895171026,spinning,top_load
197.1,-0.8161676779059458,-1.0361638489723954,0.8065842153513121,3.6152127115749173,spinning,top_load
197.2,1.1224622695931903,0.7609513894124691,1.3009730665669268,3.4330982479952183,spinning,top_load
197.3,-1.2133589875093413,-0.08376841350386019,0.6313360891827604,3.6646800717542725,spinning,top_load
197.4,0.8080083963729737,-0.7193214140562465,1.2054530690173868,3.894698184962466,spinning,top_load
197.5,0.014656696936632166,1.1833874864267353,0.9782240787252265,3.4671785155941963,spinning,top_load
197.6,-0.7514100363347717,-1.2066364898837838,0.7564611984320544,3.932428197687309,spinning,top_load
197.7,1.1433172961667133,0.7534778311693869,1.2862150736401627,3.3471010479052206,spinning,top_load
197.8,-1.2977097512984355,-0.141998280755699,0.6172237777396778,3.6910240098379274,spinning,top_load
197.9,0.6402446245436488,-0.5558426229946595,1.203906924105035,3.6222785840607625,spinning,top_load
198.0,0.002186623549305762,1.1877400218040346,0.9979172089953516,3.2328544818294076,spinning,top_load
198.1,-0.6546017806438442,-1.1623238898780808,0.7646056958907698,3.5534524261593328,spinning,top_load
198.2,1.0247889723183174,0.689917408597842,1.344748102246744,3.5018414844625934,spinning,top_load
198.3,-1.1641371380164118,0.02422627898661052,0.6446046449064688,3.2867019559307886,spinning,top_load
198.4,0.7659234470620148,-0.6712122026234983,1.2443198984464812,3.5895006085485317,spinning,top_load
198.5,-0.08708719946247391,1.0521346127115132,0.9951512270792315,3.5365723865271295,spinning,top_load
198.6,-0.6915913326637095,-1.2661558856737347,0.8092872356168235,3.4818532631731958,spinning,top_load
198.7,1.1452262897405783,0.7204084368192799,1.348476758735106,3.482855632735329,spinning,top_load
198.8,-1.0384050003328098,-0.15520643131954887,0.6155575229564166,3.477497435269095,spinning,top_load
198.9,0.6915341311644708,-0.6866255491917443,1.2088829455532355,3.408075094688418,spinning,top_load
199.0,-0.010296035902386572,1.163111427182498,0.9629312770201748,3.5349585237537453,spinning,top_load
199.1,-0.6540447175610367,-1.1829528147638464,0.785153684028217,3.339021446909055,spinning,top_load
199.2,1.0616868994711492,0.7805079476600004,1.3200264213493123,4.1642023728675,spinning,top_load
199.3,-1.1545208119473656,-0.11132822354003631,0.66907854513825,3.147666688633671,spinning,top_load
199.4,0.6779988021005804,-0.6453461550186851,1.1713320607013171,3.3538159806913854,spinning,top_load
199.5,-0.008334708762538839,1.2337009524856695,1.0004410547583134,3.373564473855765,spinning,top_load
199.6,-0.6544379158133055,-1.1813379696068964,0.805569776651573,4.010123353581134,spinning,top_load
199.7,1.1745175086591004,0.7822321109902062,1.369608212945521,3.1699663375056253,spinning,top_load
199.8,-1.1861887580659745,-0.16185977761601378,0.6346946213971971,3.6064805744965276,spinning,top_load
199.9,0.7135442549509274,-0.5580499316552321,1.2121352199916038,3.562098516261635,spinning,top_load
200.0,0.01000806914023644,0.03336043794410383,1.0120524483941435,0.09219970828166725,done,top_load
200.1,0.037090294878328205,-0.017956522042809998,1.0247837063095828,0.019466087689560665,done,top_load
200.2,0.03647488079241265,0.016992236480148172,0.9833192232783211,0.021469738422523844,done,top_load
200.3,-0.013528704795603523,0.009437850060934328,0.9982179180798197,0.061302560810176626,done,top_load
200.4,0.005820523484819727,-0.04190940347325527,1.0348571968913975,0.08249972096354699,done,top_load
200.5,-0.05592306096456432,0.015575083152793236,0.9669171796819793,0.0537910169182833,done,top_load
200.6,0.0029727902556578724,-0.04240539629273083,1.0541410658876784,0.06998607399404412,done,top_load
200.7,-0.02381968283495757,0.0188427548449548,0.9598253507578127,0.010083945450560829,done,top_load
200.8,-0.005591472778815495,-0.015215749293925442,0.989639061663858,0.04000910075637726,done,top_load
200.9,-0.05056115594450084,0.0002510175976935662,0.9714943000937196,0.012521043857134817,done,top_load
201.0,0.012146168601572261,-0.03882839848879016,1.0656378099060813,0.0656082191645732,done,top_load
201.1,-0.05089706086726823,0.0036714697081444802,0.9848994991345854,0.01905537346821971,done,top_load
201.2,0.004448538203747593,0.027808512539118587,0.9849747653041441,0.024443623079347058,done,top_load
201.3,-0.03679516779067648,-0.024208962840678624,0.9888775378018024,0.060280504099228055,done,top_load
201.4,-0.02548923105407654,-0.01821501258432033,1.0028680842368185,0.0712364870403546,done,top_load
201.5,0.03464196307635488,0.013638630707024682,0.9901467466328646,0.04682063783541567,done,top_load
201.6,0.01763753837740866,0.014388549709408177,0.996013395861328,0.0614034500821702,done,top_load
201.7,0.034476094130116285,-0.0730253789522552,0.8941237014092879,0.06075576333746185,done,top_load
201.8,0.046791813975038704,0.0604621909134832,1.001714795080055,0.04569146281115056,done,top_load
201.9,-0.023185161214192944,0.015856604506449937,1.0005341986445992,0.028105890342275026,done,top_load
202.0,0.04496914987322615,0.020907559873588846,1.0311570639223717,0.061297828137692856,done,top_load
202.1,-0.043965169685367046,-0.004306213399860508,1.039271828448382,0.062261913815501654,done,top_load
202.2,0.022383010036347094,-0.05566060525656734,0.9943687581582461,0.06788048806180517,done,top_load
202.3,-0.014800131437999145,0.0202416618375072,1.0244868724502187,0.05624132848157795,done,top_load
202.4,-0.02790900427917949,-0.016955640846926585,0.9669529365866558,0.026630001730413477,done,top_load
202.5,0.018434096019133275,0.016317950825500194,1.023020270280883,0.06380680322738361,done,top_load
202.6,0.028348545755076393,-0.006564032107881863,0.9828257260259627,0.04997237839543318,done,top_load
202.7,0.027458051599396342,0.007141181373491322,0.9644590759560984,0.04034525111353314,done,top_load
202.8,0.00644579666684376,-0.023249891442277338,0.9944323396538784,0.04410728325612576,done,top_load
202.9,0.003958719039877171,0.02593166828036795,1.0420141734159334,0.036194856432192404,done,top_load
203.0,0.015805997570997075,-0.03565137118373016,1.0054301661019254,0.06777687557708859,done,top_load
203.1,0.00911292226551573,0.0673670827601757,1.0448946444303513,0.021637705328399596,done,top_load
203.2,0.01624067518757941,0.06713845904961036,0.9775380185855259,0.030130281303871635,done,top_load
203.3,0.006119983833321427,0.04898098756399531,1.0314355331364398,0.04342454230656611,done,top_load
203.4,0.02528351473519091,0.038264369573235306,0.9804351988828917,0.08227501696478,done,top_load
203.5,-0.048816234196512834,-0.0025364507470092296,1.006759860144676,0.07108561098185698,done,top_load
203.6,-0.003938204252591587,0.03499640117241625,1.0065004848597825,0.017183183935055496,done,top_load
203.7,-0.04151539481536758,-0.00288529494828383,1.0198447520177252,0.07702694177504972,done,top_load
203.8,0.00830106052814654,-0.046605526267359206,1.0075222185973398,0.07698840433967369,done,top_load
203.9,0.04925790527561093,0.045096042420920635,0.9778244638653455,0.02651983347954714,done,top_load
204.0,-0.014222543458409053,0.03386473388767516,1.026409208562777,0.0004291654119289029,done,top_load
204.1,0.003817560908916457,-0.0009401732296630614,1.0519496978297618,0.04855556755305515,done,top_load
204.2,0.022694601447649166,-0.036755527719934504,0.9824858973323165,0.07244848818599645,done,top_load
204.3,-0.06203168795299574,-0.017586020297369213,0.944943037706649,0.08182523939600406,done,top_load
204.4,-0.01566331446432563,-0.05463436754662529,1.0149795870506138,0.032583454712775,done,top_load
204.5,0.010935469778185507,0.028352425578539314,0.9900645881784356,0.08503958209325932,done,top_load
204.6,-0.08690984176971825,-0.048099269005925406,0.9960669143213411,0.00544135208366598,done,top_load
204.7,-0.02930425479224914,0.008604926104400291,1.0166853326719303,0.04263898772341425,done,top_load
204.8,0.03302573920143868,-0.025310800433390644,0.986308227105232,0.04165578661568506,done,top_load
204.9,0.030089907013521745,-0.0428011033499843,0.9919344408596898,0.07304674049848606,done,top_load
205.0,0.011229546821103007,0.007150652798357151,0.9969964144919025,0.07596604931879561,done,top_load
205.1,0.026465929198295324,-0.010013981559360941,1.0440926181395505,0.06908447310866792,done,top_load
205.2,0.0064531270326439105,0.02514567316276103,1.0009020881234074,0.02298899902508211,done,top_load
205.3,0.016661847223269438,-0.03802815806186121,0.9629297925755512,0.06725238063597844,done,top_load
205.4,-0.009469611265218414,-0.022719439364214666,0.9641236455657666,0.06018083937186984,done,top_load
205.5,0.003474380487662783,-0.07162926625472674,1.004176897649788,0.016575312294408187,done,top_load
205.6,-0.01897111159247467,-0.06553040046983769,0.9661171599792706,0.008659723423966259,done,top_load
205.7,0.0379045003254694,0.05394577229935538,0.9531308953922751,0.07075978580041553,done,top_load
205.8,0.04564678228506605,0.06250794732299007,1.0190660797280202,0.04639801398041511,done,top_load
205.9,0.0413973840209122,0.002781786156718586,1.0205349520860594,0.024296358150902496,done,top_load
206.0,-0.012243262850335869,-0.02471486297719535,0.9889559039831844,0.04583656142582463,done,top_load
206.1,-0.028613221180952622,-0.008953467764703208,1.0088097787345514,0.057280821622264055,done,top_load
206.2,0.038309209822504894,0.026207226074590913,1.005643649325865,0.04834297746664906,done,top_load
206.3,0.01631721607774238,-0.015431670594661382,1.0180725815790725,0.018960276937478274,done,top_load
206.4,0.009857530245709274,0.007129016011250676,1.018142497118194,0.0877111380712822,done,top_load
206.5,-0.01900896254835437,-0.0003826815144374892,0.9218263423741833,0.07008435937975785,done,top_load
206.6,0.012769914379102945,-0.01706438010248574,0.9927850312455282,0.04329245096653066,done,top_load
206.7,-0.032558341789858045,-0.015785782379756134,1.015537125645344,0.04409810688195425,done,top_load
206.8,0.019021870682370958,0.008799626150565247,0.9876863022688296,0.05718974789426352,done,top_load
206.9,0.04136660098818631,-0.029306644091623243,1.001086079177795,0.02740757208519337,done,top_load
207.0,0.048931366317238566,0.013551880368705483,1.0225209994503424,0.056453528730739375,done,top_load
207.1,0.02125572162329448,-0.014147368789475458,1.0024277569975648,0.023385351262784692,done,top_load
207.2,-0.04146064648863365,0.003821019139446907,1.045237582517046,0.04858931566309668,done,top_load
207.3,0.0059199039283806465,0.04151887698505676,1.0338095875684337,0.026628570002862825,done,top_load
207.4,0.06419045232173139,-0.005045761356808573,0.996443075410857,0.027638320353465713,done,top_load
207.5,-0.026058347713268527,0.02759413020575977,0.9940586148782566,0.0829144522723642,done,top_load
207.6,-0.0017754471873065102,-0.053760985676514855,0.9144902768439591,0.05118451788569109,done,top_load
207.7,0.04240573055402932,-0.01411089040921784,0.9902049340932843,0.05414812970802336,done,top_load
207.8,0.01851401766220756,0.0008306586322821845,0.9594019332186842,0.009772402778373546,done,top_load
207.9,0.07440468973455314,0.05769992037619377,1.0066368862600186,0.038059964829579046,done,top_load
208.0,-0.02198608149685765,-0.05879856249779671,1.0045861213336,0.059224242374086945,done,top_load
208.1,-0.029692673572224656,-0.002886295856783306,1.0208756726808033,0.0538827253189501,done,top_load
208.2,0.03672376307505521,0.043700665527487886,1.0419001141584456,0.006919403572925892,done,top_load
208.3,-0.03587635884814608,-0.02355061215800616,0.9992119171098409,0.054142758333141625,done,top_load
208.4,-0.005903039664526088,-0.006385164312770108,1.0684124893576958,0.05733117607099379,done,top_load
208.5,-0.0019693963457872955,0.009952169551666185,1.0069735433565972,0.07567523996397399,done,top_load
208.6,0.03107968420157766,0.005535256611683407,0.960693508188501,0.03689537762123314,done,top_load
208.7,0.018428039040757405,0.046973114263632425,0.9831378437466964,0.005158625597286588,done,top_load
208.8,0.013711947425305876,0.013454214302196954,0.9888175989907654,0.030064584963896895,done,top_load
208.9,-0.012072926337050002,0.03983318686542658,1.0177638145346013,0.02805869922262886,done,top_load
209.0,0.03645012057245829,-0.010800250719297341,0.971582502993121,0.06473417755559949,done,top_load
209.1,0.12077472128181793,-0.022215762337508896,0.9910607235157182,0.004334731767906358,done,top_load
209.2,0.02073846296768747,-0.006771695790589064,0.9951687915761174,0.04103287079854756,done,top_load
209.3,0.0029901662264050946,-0.03477309280102805,0.9865563757703337,0.0785159094715451,done,top_load
209.4,-0.03893588912976481,0.014505350886302854,1.0243424614503915,0.0501442492566727,done,top_load
209.5,-0.019124443479514603,-0.01157634338265737,1.0192396416539606,0.06792633632352849,done,top_load
209.6,-0.006411307018419122,-0.02015366699932426,1.0349970140531188,0.01716403332897825,done,top_load
209.7,-0.016038007208013978,0.01495975228863005,0.990069244566664,0.017960209735873547,done,top_load
209.8,-0.00048233503580544533,-0.034311473339228654,1.036075827029437,0.07874484915690469,done,top_load
209.9,0.05334048230421863,0.023115066415673832,0.9590800874206886,0.05202430731514507,done,top_load
210.0,0.03741500752107702,-0.014350121654740824,0.9583484709703043,0.05206548724418288,done,top_load
210.1,-0.004764981494047628,0.034772893322825515,0.9635859494172636,0.027636943437860072,done,top_load
210.2,-0.03624839833997581,-0.011782127346887017,1.0002763507789627,0.052015634579004634,done,top_load
210.3,0.04012102928707239,0.018957289996737722,1.0360713434973328,0.027081248633198076,done,top_load
210.4,-0.001471628203840933,0.005386871213187176,0.9819357375808111,0.07373740897811301,done,top_load
210.5,-0.05179501276807065,0.022317056211434604,0.9856991978510669,0.10455661419736342,done,top_load
210.6,0.021372903554791083,0.0032984067644288182,0.9935194613407199,0.05967882107330659,done,top_load
210.7,0.03077060052700396,-0.049901922370297315,1.0171848437016295,0.03730107229076913,done,top_load
210.8,-0.07277725214804007,0.03026380617726396,0.9856712408993628,0.0006731666098931666,done,top_load
210.9,-0.0247366392639871,-0.002630487673737218,0.9839974912625049,0.016310717709153176,done,top_load
211.0,-0.003313620339231419,0.02368548232064439,0.9596381420992692,0.08109723662054272,done,top_load
211.1,0.022035327339258524,0.020707394306065694,0.9828483666646863,0.029416163134578538,done,top_load
211.2,-0.015472397538725136,-0.02319889443034025,1.03532385258806,0.04258330236626976,done,top_load
211.3,-0.024964257059218092,-0.027443862155258906,1.0027277802543544,0.06310651949158357,done,top_load
211.4,0.021815077490408473,0.01966065304347012,0.9778043646925626,0.07964579598723585,done,top_load
211.5,-0.014049671199424773,-0.009097470882315413,1.037084319181868,0.04600826157672324,done,top_load
211.6,0.01626163951646091,0.02809287838399491,0.9824435949381943,0.04190666260667931,done,top_load
211.7,-0.033345469649237715,-0.0053460282858906975,1.042598667384474,0.051432420570213674,done,top_load
211.8,-0.04056999057709195,0.030702293323448645,1.042108209337003,0.037447243667215656,done,top_load
211.9,0.02265807472711191,0.01269913452627305,1.00168034879124,0.0385236159341409,done,top_load
212.0,0.007575597309516416,0.008639249811424454,0.9550435141788494,0.05823760235067747,done,top_load
212.1,0.027673671997086213,-0.011220335962208231,1.0686850184603727,0.05370583035668973,done,top_load
212.2,-0.015977790027643254,0.006972828421845498,1.0116182816879364,0.09263210613117168,done,top_load
212.3,-0.023853159074392352,0.03578558144858128,0.9902833892583823,0.05877697633270859,done,top_load
212.4,0.04082156662622732,-0.0016264637598995923,1.0286838374432516,0.07302291096187656,done,top_load
212.5,-0.045688762919834106,0.015935233310515662,1.0210690836106404,0.028574296465537382,done,top_load
212.6,0.03754382127541874,0.0013908022874911815,1.0393281504965932,0.06050314580060542,done,top_load
212.7,0.039615141224471496,0.003738121282362656,0.9801295663396031,0.03554037306797882,done,top_load
212.8,0.025802685427982256,0.05170232270814896,1.0095542023832318,0.05790906526593116,done,top_load
212.9,-0.02063422551031344,0.036051900931186535,0.9644238930926519,0.06377029196229682,done,top_load
213.0,-0.024495715101760778,0.0023821144558715504,1.019990031872237,0.05099737688002948,done,top_load
213.1,-0.006301673189945986,0.006433622638081023,0.9993116389111844,0.09814651442949586,done,top_load
213.2,-0.03885119030494198,-0.021056115106529067,1.0084302776646044,0.07855959538216906,done,top_load
213.3,-0.0288508199626079,-0.005189146387948595,0.9956095082847859,0.07354490665658193,done,top_load
213.4,0.01934202874527138,0.00928193362645845,0.9924703353823492,0.06528572384740028,done,top_load
213.5,0.019480473426724713,0.025518407687073835,0.9739530647795586,0.08526721635460088,done,top_load
213.6,-0.03148724479604869,0.022476626907327567,1.023712906440527,0.021260614050615686,done,top_load
213.7,0.020283658059002237,-0.03327777167713531,1.0446911211022432,0.07740566235981153,done,top_load
213.8,0.013629099172194183,0.02930948192035894,0.9832999492326975,0.030175113760009545,done,top_load
213.9,0.045296587637313104,-0.0026632103813265867,1.0166062151491329,0.03871321761866541,done,top_load
214.0,0.017074093256025647,-0.029609740670326137,1.0129655087398073,0.061227848881233365,done,top_load
214.1,0.03175743161203134,0.040091542122957645,1.0002429343404657,0.07466440331021447,done,top_load
214.2,0.014312327727906337,0.043898369902138586,0.9542021279990585,0.026928467366360762,done,top_load
214.3,0.029397873290915637,0.007912409470219808,0.9609520794666823,0.03974910244644538,done,top_load
214.4,-0.03861351469703325,0.021263808057157045,0.9765705414654529,0.05195064145002621,done,top_load
214.5,-0.003652333713327402,0.02302347626233296,0.935829858292842,0.046272679906085724,done,top_load
214.6,-0.0011694830468258939,0.04187316458436753,1.0422409218971684,0.06708064122470375,done,top_load
214.7,-0.007312498408058472,0.02184205576295175,1.0110310968753915,0.1187185523196904,done,top_load
214.8,0.013316598909501768,-0.03983064832315706,0.9991011685480263,0.0583864141705176,done,top_load
214.9,0.01903138963487253,0.060294232469133825,0.9342929254219652,0.03529607123675368,done,top_load
215.0,0.011767712312134452,0.031969706684401286,0.945283874349388,0.02406983338722009,done,top_load
215.1,-0.005308316436640135,-0.015285726158182938,0.9999297583543912,0.04349492172828789,done,top_load
215.2,-0.022071902395353747,-0.03088875217072229,1.0591146989645193,0.0311950022794242,done,top_load
215.3,0.03291558222468702,0.015144402912122512,0.9790406741238076,0.059350995839508466,done,top_load
215.4,0.010491984498415052,-0.008347801151027377,1.0259139404323732,0.05904043271568453,done,top_load
215.5,-0.030558415751982253,0.009899860619968776,0.9856029277697512,0.04073663590950087,done,top_load
215.6,-0.005810626249488713,0.022302205238347902,1.001657177778666,0.08969910027567567,done,top_load
215.7,-0.05229899033122084,-0.01699325663990386,1.036440515466788,0.035291053615202114,done,top_load
215.8,0.0010611184304232869,-0.03348323978053012,0.9896214510950037,0.04761137864203652,done,top_load
215.9,-0.005951398277957879,0.011574554036159344,0.979296852758436,0.06278325331779636,done,top_load
216.0,-0.017234008510660134,-0.016001635658309206,1.042542116623743,0.06784109787539658,done,top_load
216.1,0.04753800569410588,0.0043828735719719444,1.0013667346334079,0.07555153043086399,done,top_load
216.2,-0.03468462358626337,-0.040299793108867936,1.032736152717585,0.05856992957986478,done,top_load
216.3,0.02119178855047006,-0.007565481734239127,0.9794425331984594,0.07101825401575994,done,top_load
216.4,0.0656012448279562,0.0214485567311999,1.0422002262688292,0.03669783655944122,done,top_load
216.5,0.032318037111500636,0.018177975229403905,1.0082088182360383,0.06836163920700765,done,top_load
216.6,-0.0009461634629330109,-0.02365073912619806,1.0130436287864397,0.068094583003128,done,top_load
216.7,-0.03402205918269982,-0.03504793107954155,1.0039488793428752,0.08025773349507072,done,top_load
216.8,-0.04086186529753366,0.00047291069255376385,0.984835750540105,0.016631280155429154,done,top_load
216.9,-0.012346550848725659,0.016830983910582267,0.9999495156851509,0.03185633768797866,done,top_load
217.0,-0.020610022017417247,0.01215525420577653,0.986722292860319,0.06646281938734605,done,top_load
217.1,-0.02158640726874397,-0.015364795330839296,1.0287863818793435,0.0030272895976279357,done,top_load
217.2,-0.009789403664137322,0.008934733274598101,0.9939082849879401,0.059840123475767004,done,top_load
217.3,-0.0030674127865706062,0.04507066413827984,0.955104783166183,0.07119608849862735,done,top_load
217.4,0.014556358429358889,0.006154340619270827,0.9496172879503215,0.0384724950489912,done,top_load
217.5,-0.03713388658387288,-0.0489944380745586,0.9481984554303873,0.041396199997761764,done,top_load
217.6,-0.0204673138839915,0.0060960101430192655,1.0185391227266183,0.028517253055201926,done,top_load
217.7,-0.004790162484674439,0.06131870913637827,0.9654548706587966,0.03956905760537194,done,top_load
217.8,-0.005864555802698072,-0.038621724393467866,1.009002573275157,0.04014862996076485,done,top_load
217.9,0.05509271122240268,0.0008917398548706631,1.0040972355247424,0.03634317451068957,done,top_load
218.0,0.0069673977817157244,-0.006790062990964032,0.9980587421527067,0.03524643644431007,done,top_load
218.1,-0.048407694358782734,0.0028764887782519203,1.0131521561014711,0.04457990430223213,done,top_load
218.2,0.01254544084760294,0.005827564594613153,1.0047491061127158,0.044337913686877575,done,top_load
218.3,0.01636991168231936,0.03419915958188773,0.9187081077165715,0.08748263799722114,done,top_load
218.4,-0.0037538408473421435,0.002543498592024318,0.9902912427745453,0.0421162971376598,done,top_load
218.5,-0.03640190023227604,0.038317786716361414,1.012753094021903,0.05688300432383717,done,top_load
218.6,0.05274164085940388,-0.003529669763594475,1.04920848432265,0.03846234067047397,done,top_load
218.7,-0.032096517407437714,-0.010504103219238992,1.050593728497475,0.03820808448317086,done,top_load
218.8,0.019823166192478005,-0.02007548949115817,0.9591054845924423,0.015912589245347553,done,top_load
218.9,0.0060015158719180575,-0.05451261087360458,0.9895082410206169,0.018572675043778138,done,top_load
219.0,0.0180243164708931,0.008273442357775194,0.9530165555887601,0.02586003440694001,done,top_load
219.1,0.0512057377250199,0.061620008654155276,1.0455965522533024,0.053673936695201416,done,top_load
219.2,0.016849166164231055,0.013747064318575836,1.0303856862444565,0.07152347310569171,done,top_load
219.3,-0.01675992681130599,0.020602420624850386,1.0105176366058952,0.014266709462089647,done,top_load
219.4,0.03317976825383883,-0.012390939750433651,1.0049828458378063,0.039018463973023665,done,top_load
219.5,-0.018932983501323587,-0.007330001738210121,1.0414189330104842,0.022662185812993035,done,top_load
219.6,0.004906740341858036,0.029539244649997864,1.0363397558428042,0.044714458117329006,done,top_load
219.7,-0.0387925082404737,0.06026080920869461,1.0347413408996837,0.07151538987414302,done,top_load
219.8,-0.030998436820102573,0.04463843807390459,1.0137003957934678,0.0410623519678405,done,top_load
219.9,0.001541600113085591,0.02415733889184066,0.9895231510145751,0.04904966055600607,done,top_load
220.0,0.011042601257426163,0.001054517381715269,1.0230137449605268,0.07910456792784629,done,top_load
220.1,-0.05107171868073091,0.006291567428019705,1.0244812571576534,0.05915801861015819,done,top_load
220.2,0.014918621040019927,-0.02260521958284763,0.9942808759122412,0.03479816288366396,done,top_load
220.3,-0.024582869297948923,-0.04344502563907971,0.9894625324349727,0.05317830571671451,done,top_load
220.4,0.038390640470135,-0.03380395073279823,1.0339993980867463,0.03344901977195419,done,top_load
220.5,-0.010558932864735247,0.001494001035658125,1.0499234832630882,0.05840964025472,done,top_load
220.6,-0.033708668086499576,-0.008759767842800316,0.977518126572557,0.06030680308145519,done,top_load
220.7,0.002274136738777568,-0.044083251141590535,0.9920986997365607,0.02265680599003095,done,top_load
220.8,-0.027487050032361758,-0.0011197013714920841,1.010527992293641,0.053502988347715476,done,top_load
220.9,0.03806835424299377,-0.009552909733978347,1.0145979699324583,0.04764853484008161,done,top_load
221.0,1.5906225992991512e-05,-0.03518546565852241,0.9843290092227611,0.06089354794344224,done,top_load
221.1,-0.004550298692798613,-0.011105370318602115,1.0565056189103212,0.06662694102038266,done,top_load
221.2,0.017754030567930235,-0.009628590021490326,1.012662857966355,0.059548992082492105,done,top_load
221.3,-0.03014842317600879,-0.018499114197734,1.0159415022541165,0.043936132932404955,done,top_load
221.4,-0.03867460965985542,0.027800104943278187,1.0527665224453526,0.06866660041728001,done,top_load
221.5,0.012250547383249108,-0.05708704686279936,0.9865281512426622,0.03253874447379497,done,top_load
221.6,-0.03299012124026427,-0.05957396972132913,0.9973470437067317,0.023589560132610016,done,top_load
221.7,-0.0330003046124837,9.857353347275515e-05,0.9624003331293511,0.013905733691216005,done,top_load
221.8,0.025102680936626626,0.002883815681769177,0.9948294858323926,0.0485971809652569,done,top_load
221.9,0.015751923299518196,0.0121264540805692,0.9553321742819392,0.0335690712101313,done,top_load
222.0,-0.03761488627358734,-0.01616920524837282,1.0224354806257951,0.05795508952150702,done,top_load
222.1,-0.01857408128824009,-0.02753771415276995,1.0125999025020997,0.01057545211911265,done,top_load
222.2,-0.0271119466783896,-0.00021948398084842359,0.9916879207888438,0.03705642898201,done,top_load
222.3,0.05328957894121741,-0.013247344060439885,0.9969872887654646,0.059405398117289704,done,top_load
222.4,0.027180312827118254,0.04653214213967083,1.0228439924556698,0.029403277073020394,done,top_load
222.5,-0.012625345380158219,-0.009726817497755754,0.965926117393303,0.058185134972257246,done,top_load
222.6,0.017285840680304778,-0.0015955545515123376,1.0061250360235756,0.03885954809863919,done,top_load
222.7,-0.04068558557792488,0.07426254418793828,1.0209852941937623,0.04934383380440005,done,top_load
222.8,-0.020179384535684786,-0.005842806801920606,0.9465317776777827,0.06190316012833712,done,top_load
222.9,0.0031458979782565868,0.01668470595597272,1.0205481401710605,0.06905594046230626,done,top_load
223.0,0.013566922474377388,0.019389283001590592,0.949778126102153,0.05184984822641214,done,top_load
223.1,-0.002923773765403322,0.021942049311546436,0.996472165484454,0.03371979410242511,done,top_load
223.2,0.007440405321426778,0.008684617962337571,0.9650982668771432,0.040839222752407006,done,top_load
223.3,0.0023500937985937876,0.005815223832315289,1.0429373973787004,0.06273910726173916,done,top_load
223.4,-0.004907322060669521,0.0030100286951134842,0.9652863683754296,0.02957492833034787,done,top_load
223.5,-0.00888436776572681,-0.017279817067013196,0.9504943032410386,0.04643866806719589,done,top_load
223.6,-0.012787946180333526,0.009765564085178053,1.0040005642478895,0.04228231803277051,done,top_load
223.7,0.006958125258857642,0.06085937512273776,0.9875889105993754,0.04793276433362071,done,top_load
223.8,0.012324467675983684,0.036320457268906724,0.954861843140082,0.02981434941501246,done,top_load
223.9,0.005950775019565019,0.0091175406667391,1.0157744559746456,0.012961112955757768,done,top_load
224.0,-0.035357911500031786,0.0256748939431797,0.9402550281265096,0.06041485231919287,done,top_load
224.1,-0.029967835534295627,-0.026075277261919567,0.9689127708225063,0.06928262846977297,done,top_load
224.2,0.011966454178442018,-0.007815364625991562,0.9827434518873764,0.01415650085003687,done,top_load
224.3,0.04415019902012633,0.028435495325521656,1.0240666717646543,0.05737852321852433,done,top_load
224.4,0.004572463846762657,0.044615015803745744,1.0388640510103946,0.07166365829690353,done,top_load
224.5,-0.012350052374309826,-0.02312598516286134,1.0330834674198273,0.06191822093524647,done,top_load
224.6,0.0067302136632832665,-0.014507649282694714,0.9954017862861331,0.04166659642647867,done,top_load
224.7,-0.034104642675402856,0.06544127381635609,0.9271807526561453,0.03113007260498485,done,top_load
224.8,0.03926829469609391,0.002887837493069174,1.0117255906365568,0.05161956158699979,done,top_load
224.9,0.0055978243352408485,0.054700859181011356,1.0441172121767384,0.05495570117693762,done,top_load
225.0,-0.02008371639631645,0.006205719518273774,1.037013712234407,0.05191615022311798,done,top_load
225.1,-0.005003863982786253,0.007385408469763056,1.0138884702923117,0.04639730739764869,done,top_load
225.2,-0.01581108696190847,-0.009164726629796923,0.9643149170698464,0.028346965517544856,done,top_load
225.3,0.03935009930450501,0.02827665424530686,0.9842407898911476,0.058453765826177034,done,top_load
225.4,-0.006067202683411773,0.04073332650911999,1.0580144319623703,0.05941708988827048,done,top_load
225.5,0.0046609723834677855,-0.031050066904226008,0.957498113960076,0.05401644250923344,done,top_load
225.6,0.017211793699538753,-0.010573516566613102,0.9655647631554884,0.05221987290142515,done,top_load
225.7,-0.022222998112936262,0.02745235573122661,1.0282765465349586,0.08358498975492211,done,top_load
225.8,0.005811283984054712,-0.003886459133529837,0.9870652226558342,0.03751242430853208,done,top_load
225.9,0.008233067081826294,-0.014801564055996305,0.9645473463338613,0.07562870194913313,done,top_load
226.0,-0.04662236463061863,0.030286264616082054,1.0458391353616905,0.03531951061556325,done,top_load
226.1,0.007580894663328299,0.03310359614137533,1.0138316793443543,0.07217901145912857,done,top_load
226.2,-0.001372861948294175,-0.013489262720164158,0.9885459650686846,0.07466735100161087,done,top_load
226.3,0.0038989887634799,0.006370995839638368,0.9656267549230145,0.04413897593196235,done,top_load
226.4,0.0010688914047169973,-0.03625424387712699,1.0614221969157982,0.08321926108121667,done,top_load
226.5,0.007775096188502461,-0.02686442731436097,0.9992664454376018,0.05938071773492179,done,top_load
226.6,0.04012029677028474,0.003724956964001399,1.041919841874085,0.03245455117718865,done,top_load
226.7,-0.03538522236255328,0.0009422036273953059,1.026809006338283,0.04251686811221582,done,top_load
226.8,-0.010264570065012604,-0.029006282751919035,0.984372953150103,0.07265524612213303,done,top_load
226.9,0.019998558868885092,-0.02147921774176726,0.9846117665503066,0.068461294037533,done,top_load
227.0,0.014427776031837331,-0.03195133109866678,1.0433894469380176,0.028839191972414187,done,top_load
227.1,0.013782166600262524,0.013651795707396318,1.0438755199785994,0.04721485375619006,done,top_load
227.2,0.08260731647020012,-0.059029175900757,0.943692520716378,0.05407045965553024,done,top_load
227.3,0.018424065723501176,-0.03034731688680588,1.0164934078294658,0.039847908218487826,done,top_load
227.4,0.033928133887650744,-0.055888246434969625,0.9963635558582914,0.09715599446749439,done,top_load
227.5,-0.009212161765575252,0.012570618115739418,0.9690003051118449,0.05467327486810651,done,top_load
227.6,-0.029787371216918462,-0.05408200650164104,1.007852382841516,0.04876375618193902,done,top_load
227.7,-0.009429522877009017,0.0009518759560662081,0.9595120962704081,0.0738170208851618,done,top_load
227.8,0.021358805140302126,0.0491857204724227,0.986006339360617,0.0426957293032233,done,top_load
227.9,0.012204835644875262,0.05020301943812705,0.976045788016901,0.07014855221234646,done,top_load
228.0,0.012097541117966393,-0.05417722707536463,0.98500626207532,0.016645352088340302,done,top_load
228.1,-0.006430331603913833,0.008952288048928671,0.9978556451901403,0.04092691907508868,done,top_load
228.2,-0.01121407856438926,-0.02966913889141364,0.9695330001428354,0.07098140836754493,done,top_load
228.3,-0.0053957173287983344,-0.03579408107130774,1.047195370866199,0.08140395441179343,done,top_load
228.4,0.021734263504956386,-0.0034040986317022204,1.0147984970018238,0.03453408573988014,done,top_load
228.5,0.025221822845112544,0.03684873470799376,1.0538368908514617,0.03220356727562704,done,top_load
228.6,-0.03018724949013683,0.017989766226610745,0.9951976009276594,0.06134892860740918,done,top_load
228.7,0.022870276782943476,-0.02145422785448642,0.9835363011310867,0.03753932210164575,done,top_load
228.8,-0.01952163692268689,0.021151019922300073,1.0527524684347909,0.044628441644892124,done,top_load
228.9,0.0140676495552316,-0.06731124995645038,0.9826582078037804,0.06752810049474316,done,top_load
229.0,-0.0057589722738746445,-0.02258837395299721,0.9946512393403263,0.03911795636771976,done,top_load
229.1,0.046973656477169536,-0.02471674634103752,1.0216014223149195,0.010691484969286291,done,top_load
229.2,-0.012542238869434367,0.002349620752167935,0.9628682257510817,0.023978311287882376,done,top_load
229.3,0.005358355226843497,-0.00608483890979999,1.0213388405438095,0.05019911171440562,done,top_load
229.4,0.018197794726782828,-0.004244132808596547,1.017500411984938,0.012731537030542313,done,top_load
229.5,-0.026218765503686462,-0.0052415859031841585,1.038079759541135,0.04405679165405359,done,top_load
229.6,-0.0021857116628083554,0.00067221722967261,1.0267013350903043,0.022158069675120164,done,top_load
229.7,-0.007997546538694118,0.01620392900874671,1.038999350586327,0.08279878013731197,done,top_load
229.8,-0.015414404502179195,0.004479930783071484,0.9966873429847477,0.09330285189531345,done,top_load
229.9,-0.013191690044497188,-0.008530554498136752,0.9741198904387882,0.028836057953158634,done,top_load
