t,accel_x,accel_y,accel_z,current,true_state,machine_type
0.0,0.009141512392632941,0.010127236463968006,0.9946116575850562,0.06030820805801622,idle,twin_tub
0.1,-0.031199523187214865,0.0422244558394115,1.0059032828997088,0.038449222252886994,idle,twin_tub
0.2,0.022513535874193715,0.0027175472070523664,1.0246158542625226,0.07548894433882479,idle,twin_tub
0.3,0.028216941491736414,0.019318163798305737,0.9881877648332629,0.03744824927126161,idle,twin_tub
0.4,-0.05853105565961509,-0.061505163030930676,1.0156350176719633,0.03726769433795529,idle,twin_tub
0.5,-0.039065385205869545,-0.0014615520579035384,0.9920248362425387,0.06082263221609063,idle,twin_tub
0.6,0.003835212095018561,-0.025296908108786133,0.9964737349801561,0.06525852964673873,idle,twin_tub
0.7,-0.009487277770307466,-0.03656439181270884,1.024885571260722,0.05896198727872408,idle,twin_tub
0.8,-0.0005040347251286638,-0.02634457100786252,0.9402081888683753,0.01628805365230384,idle,twin_tub
0.9,-0.025591317827207402,-0.010023703221024362,0.9611058301577572,0.06076068879856503,idle,twin_tub
1.0,0.026381939245884854,0.02747707627068039,0.9555344380767153,0.02931383896651202,idle,twin_tub
1.1,0.02333375806286845,-0.03979178153218692,0.9299915164045509,0.05470552223176527,idle,twin_tub
1.2,0.0019809209268364814,0.0009189447778325233,0.9796520667953447,0.0215253112920188,idle,twin_tub
1.3,0.033817236209040986,-0.014525083000007355,1.0224830169918322,0.058926442950861274,idle,twin_tub
1.4,0.014025280267561368,-0.009830192830858826,0.9914534780085228,0.03386802191385255,idle,twin_tub
1.5,-0.025778773886497148,0.030082734759138124,1.0059337024582555,0.02434730699478957,idle,twin_tub
1.6,0.011062523522474966,0.01614346311011778,1.0326765249013237,0.06427640272964799,idle,twin_tub
1.7,-0.028766478024869965,0.04012194322328231,1.0398305839680309,0.05483289043353503,idle,twin_tub
1.8,0.026353509039218175,-0.004635170377497014,0.9979258619582159,0.03772046397214206,idle,twin_tub
1.9,-0.0014977773295875869,-0.020878278350121092,1.040607576687082,0.07902357698042128,idle,twin_tub
2.0,-0.0055458709063578165,-0.006715764506414985,1.0027637997530232,0.041186951568605155,idle,twin_tub
2.1,-0.020427886332118242,0.007274903738136647,0.9748780532851762,0.050642153479418694,idle,twin_tub
2.2,0.036676240160220905,0.005297200753611331,0.9821679894340379,0.05537826895357202,idle,twin_tub
2.3,-0.004635884462064065,-0.032531642167000996,0.9555839046230495,0.03760668131742773,idle,twin_tub
2.4,-0.012849834664893216,0.0027146934488362262,0.9733559843879904,0.05942272586799859,idle,twin_tub
2.5,-0.010564006514646887,0.006846849904167154,0.9892594993577671,0.03933095305670552,idle,twin_tub
2.6,0.015969275566600463,0.07552422112601762,1.024107550581358,0.04176723355567582,idle,twin_tub
2.7,0.01096332193092235,0.056305338338450105,1.0516230949349794,0.07725285279606682,idle,twin_tub
2.8,0.012381978347879652,-0.0255973005167646,0.9585345545386887,0.02918827894975134,idle,twin_tub
2.9,0.012924630090236481,-0.008621500846475283,1.0117848240477976,0.001744393381410199,idle,twin_tub
3.0,0.06424942802611383,-0.04390326005511009,0.968783681825274,0.0822187399002379,idle,twin_tub
3.1,-0.012192450491538467,-0.017721210418904593,1.014240912653896,0.10098655905214006,idle,twin_tub
3.2,-0.01536728187214612,0.009468150107710214,0.9960674004793681,0.04189461469101337,idle,twin_tub
3.3,-0.024413181847436332,0.036175608626647,0.9450728252245741,0.011263239187596294,idle,twin_tub
3.4,0.018479382677264868,-0.021872515132308253,1.0278489097470545,0.04379032047608113,idle,twin_tub
3.5,0.03386916878162675,-0.019624393202033897,0.9818499786157381,0.04427554100318662,idle,twin_tub
3.6,-0.003418423729646252,-0.06441867089215965,0.9839829928487933,0.046201523179554865,idle,twin_tub
3.7,-0.02520469430887584,-0.00487997761634723,0.9679074276613093,0.027732239161563036,idle,twin_tub
3.8,-0.024734436470737187,-0.03187243235578689,0.9803715016993734,0.06159122284952955,idle,twin_tub
3.9,0.01951778363474103,-0.015883182820982212,1.0128367132208476,0.06049014750572172,idle,twin_tub
4.0,0.02229762513610327,-0.026305823345027644,0.9943226697719079,0.020111887603613873,idle,twin_tub
4.1,0.016294628049155848,-0.0028278766275767094,1.0098598600684745,0.06398393463389776,idle,twin_tub
4.2,-0.01996529121866083,-0.052731851740698936,1.0108576556178652,0.09105369963891782,idle,twin_tub
4.3,0.006964839692001593,-0.04401135736172972,1.039619849665845,0.0534392066487412,idle,twin_tub
4.4,0.0035005742742218464,0.06387741336084894,0.9897164154740686,0.043253496758629884,idle,twin_tub
4.5,0.006560657901870388,-0.038622677438220926,0.9556942654946281,0.04715993571184958,idle,twin_tub
4.6,0.026142863338445694,-0.03290356735363919,1.0320166724971596,0.06230513533937123,idle,twin_tub
4.7,0.0067078664632404675,0.05510740584963942,0.9900553548370824,0.015386567889855637,idle,twin_tub
4.8,0.020367406892156846,0.08715201507721221,1.0334377733373212,0.053287814059546044,idle,twin_tub
4.9,0.0020273720846667436,-0.03514699886476025,1.0115013133954742,0.0421907210107438,idle,twin_tub
5.0,0.008673581960699525,-0.011047468703640916,0.9960658740938997,0.08695650025912091,idle,twin_tub
5.1,0.01893864677515621,0.010246666528215286,1.0104632768213888,0.04651654532390084,idle,twin_tub
5.2,-0.043714674595669994,0.05186092933216777,1.058530376803789,0.08335775222239039,idle,twin_tub
5.3,-0.00959013649071904,-0.029605712352847122,1.0623094158716127,0.027925186044359857,idle,twin_tub
5.4,-0.014111179628783865,-0.007358335378263292,1.0020814340539834,0.061745183336055845,idle,twin_tub
5.5,-0.019166335447300255,0.02332012728185232,1.0048057177995122,0.056388005275824576,idle,twin_tub
5.6,-0.008254267536800511,0.013042982233998558,1.0322872047239915,0.032619055042704355,idle,twin_tub
5.7,0.04484823933703187,-0.011284682136902978,0.9746301690169796,0.05354792229273881,idle,twin_tub
5.8,-0.025974933470797296,-0.004014688935481234,1.0099921111785477,0.07425037673663201,idle,twin_tub
5.9,0.029048350637744424,-0.04124687425109946,0.9992241145613843,0.04352416591426799,idle,twin_tub
6.0,-0.05048609314847414,-0.007145212319239956,1.0094172463437265,0.016160747016604735,idle,twin_tub
6.1,-0.010046550899573245,-0.007991624700268653,0.9749989358215179,0.04964874347045108,idle,twin_tub
6.2,0.004882591953150168,0.006965096688787678,0.9523129752007309,0.031951538104149746,idle,twin_tub
6.3,0.017586669940778343,-0.01665981656457048,0.9378104969202612,0.043153181226722355,idle,twin_tub
6.4,0.021336797393785648,0.01414615567635417,0.9664784766103117,0.048368244606297586,idle,twin_tub
6.5,0.023800417055997756,0.030381474534594857,0.98623974145182,0.01588695567968966,idle,twin_tub
6.6,-0.010461752167453127,0.004662879830053981,0.9912042524005371,0.01768683321358644,idle,twin_tub
6.7,-0.013870553779937015,0.010552692251976104,1.0581169348728856,0.05964133671051051,idle,twin_tub
6.8,0.025739276437714613,0.0015946604273360209,1.0331798010972189,0.039545626076606395,idle,twin_tub
6.9,-0.005739129746448446,2.5317927424254128e-06,0.9711372665097512,0.001294886836411338,idle,twin_tub
7.0,-0.03827058970013766,-0.02164674100628542,1.0104312535735287,0.0656968807321627,idle,twin_tub
7.1,-0.03399861642010442,0.00949482785019924,0.9877876529094902,0.0554473951054848,idle,twin_tub
7.2,-0.02758356858004834,-0.002918597952404684,0.9914690848587971,0.035722503519270324,idle,twin_tub
7.3,0.01491482232161292,0.06279504926791785,1.0055597694824614,0.023663395778835174,idle,twin_tub
7.4,0.0042727720821169575,0.04720064707425727,1.0185751335092619,0.06671615792628674,idle,twin_tub
7.5,0.020714560622033047,0.011575396576695023,0.9898222454834795,0.056987012451208595,idle,twin_tub
7.6,-0.012817579390096027,-0.022891716290843026,1.0319155459820308,0.09765204565368146,idle,twin_tub
7.7,0.0047561907323014265,-0.033372344159502534,0.9657418532157279,0.05840377197449875,idle,twin_tub
7.8,0.0187677118190201,0.035734288592665954,1.0001901718708681,0.0577540628252403,idle,twin_tub
7.9,-0.009280396191607152,0.007882476754414156,1.077930211797875,0.0466614413978287,idle,twin_tub
8.0,0.013703257126722343,0.014404302101748324,1.0066923922787583,0.06633551734401583,idle,twin_tub
8.1,-0.019857778231999537,-0.052337579609225776,1.042996435198185,0.06250170402496308,idle,twin_tub
8.2,-0.010891615396952154,0.02782315444674542,1.0027456053451962,0.0750345001713039,idle,twin_tub
8.3,-0.011452136819949872,0.013632610146430888,1.017423312859894,0.03957354162725431,idle,twin_tub
8.4,-0.03587518936767119,-0.03331292053243434,0.9982965041682192,0.04129185054112076,idle,twin_tub
8.5,0.014609174423567454,-0.014145744223498468,0.9948877725650739,0.0404179365817604,idle,twin_tub
8.6,-0.014082070206081716,0.007911516130695587,0.9766155280982374,0.06581603442357978,idle,twin_tub
8.7,0.00037482356183062286,0.0015740039506873086,1.0129090407687267,0.07996748880593464,idle,twin_tub
8.8,0.014422399767177269,-0.00876513557410665,0.9744538843244269,0.04082319013701399,idle,twin_tub
8.9,0.013395935280898321,-0.0031046480419788256,1.019967557089403,0.04150452544413818,idle,twin_tub
9.0,0.019961553269183585,-0.007559321346206561,1.0325586101333772,0.05628154447739599,idle,twin_tub
9.1,-0.002954564535282708,0.004576875363074057,1.0109959422171169,0.04508476999974197,idle,twin_tub
9.2,-0.012698949361324612,0.044144759189794706,0.9914125379933293,0.0690410730627978,idle,twin_tub
9.3,-0.0023915463271919715,-0.07699975322793892,1.0136189673792608,0.004964454187619066,idle,twin_tub
9.4,-0.05062003301874089,-0.007105507935290527,0.9907398083336076,0.03346589906166211,idle,twin_tub
9.5,-0.043413374172692615,0.005295372641173409,1.0280664137639546,0.03435167332077109,idle,twin_tub
9.6,-0.03968098837063207,0.008879819690612984,0.9450578174735463,0.003592879752277102,idle,twin_tub
9.7,-0.02991740482804445,-0.011157437439638694,0.9899317789564406,0.03072723111262392,idle,twin_tub
9.8,0.011993226801703097,-0.05270165347435748,0.9402756401462801,0.03169687768308148,idle,twin_tub
9.9,-0.027164371660801823,0.00983986451142329,0.9551481750931838,0.045977906909623396,idle,twin_tub
10.0,-0.01134487662118169,0.05182050642492555,1.0409158668944172,0.07225931783320527,idle,twin_tub
10.1,0.03897684893358196,-0.04601584214748413,1.0268555494591505,0.04509878697618595,idle,twin_tub
10.2,-0.010687919131842777,0.025914840410945647,0.9784155930014563,0.029383725594576925,idle,twin_tub
10.3,0.022125467054012596,-0.009855756693686817,0.9549248963187731,0.048860909175729425,idle,twin_tub
10.4,-0.02800853040029631,-0.0018397303748654188,0.9110641348647505,0.070983472428827,idle,twin_tub
10.5,-0.0061631267360289,-0.03158695532111847,0.983695134762021,0.030480823677701906,idle,twin_tub
10.6,-0.028500661647317436,-0.0100336851706763,1.0726124503674221,0.03178850232157103,idle,twin_tub
10.7,-0.010170992277016873,0.03900133784096876,1.0130465281439094,0.061170979185484475,idle,twin_tub
10.8,0.025209244123721865,0.01747965725963121,0.9832128314185153,0.04556927768538399,idle,twin_tub
10.9,-0.051819612695770456,0.05196934816229832,1.0139524062850092,0.0629496938141895,idle,twin_tub
11.0,0.01303270930637572,0.035322356669330805,0.9531712494101667,0.049727064164094066,idle,twin_tub
11.1,0.007132068069968337,0.013172600367887286,0.9910802991190709,0.06403327296179134,idle,twin_tub
11.2,-0.01782449867090383,0.05231803578503376,1.0029843241904721,0.029298437719187186,idle,twin_tub
11.3,-0.04338173563165364,0.013169794762148962,0.9974169804453685,0.049758306984234654,idle,twin_tub
11.4,0.0021638852314160855,0.024839645303911768,1.0237241836507025,0.04578619971273687,idle,twin_tub
11.5,-0.01588478127191407,-0.00889712860604125,1.0103393567870815,0.025682181517917388,idle,twin_tub
11.6,0.006980286340641118,0.0019963744757761446,1.0200497805432398,0.018730441042626236,idle,twin_tub
11.7,0.0006555643657032863,-0.020922714699008305,0.9793488315330772,0.06371498070549324,idle,twin_tub
11.8,0.048053366739627464,0.02968751803784559,1.0269344622523164,0.042980952355640444,idle,twin_tub
11.9,-0.007180668824190728,-0.035349108693445964,1.0488681084287197,0.029554394367053413,idle,twin_tub
12.0,-0.030704924778655947,0.02347051027252984,0.9708955144104576,0.04807642126153336,idle,twin_tub
12.1,0.0053782690486894845,-0.005719531725154783,0.9733691303285632,0.07256037714698606,idle,twin_tub
12.2,0.006599900519152955,0.03513741280401958,1.040073530089607,0.004385243092561546,idle,twin_tub
12.3,0.04077562725721309,0.022526069661937796,0.9942596803991481,0.020067226201933474,idle,twin_tub
12.4,0.025053337377437354,0.054619384729404044,1.0421146417619966,0.031542271162094654,idle,twin_tub
12.5,0.01070613177448528,0.021923240734159345,0.9867239286432344,0.07922357733440658,idle,twin_tub
12.6,0.04389908673658685,-0.04716120766959722,1.0436513672881214,0.055651739658385935,idle,twin_tub
12.7,-0.03566289162968553,-0.0020085951869460252,1.0039445745041635,0.06534634480922454,idle,twin_tub
12.8,-0.01919254598249243,-0.03516021577784448,1.0077468646996808,0.027196781617475393,idle,twin_tub
12.9,-0.027797278242165747,-0.01554839527098824,1.046941540650097,0.02760928249458948,idle,twin_tub
13.0,-0.011694294094673038,0.04533685299830165,0.9891468856766749,0.05895627433445421,idle,twin_tub
13.1,-0.04130058442668926,0.01912601432693088,0.9717663371222512,0.051165486618708934,idle,twin_tub
13.2,0.019054528404432128,-0.020967912857362388,0.9865430737591494,0.06097477637728253,idle,twin_tub
13.3,-0.006666680912963201,-0.030411520993211965,1.0135700185192942,0.04624658018143096,idle,twin_tub
13.4,-0.044124188835079736,0.0009834627862878237,0.9530272278345846,0.055562874529092546,idle,twin_tub
13.5,-0.030467372436226246,-0.03649680448143383,1.0191241270795337,0.05316238169810219,idle,twin_tub
13.6,0.009405415423505857,-0.020134208321897433,0.9838368604714677,0.06555534778169851,idle,twin_tub
13.7,0.025143797036831433,0.009360284146537315,1.0344343798220068,0.06614016563888941,idle,twin_tub
13.8,0.05990192675075359,0.03465936108320088,0.9281721908529859,0.017602560112164607,idle,twin_tub
13.9,0.08741587398021988,0.018262844166733194,0.976403026746875,0.005054628893182887,idle,twin_tub
14.0,0.01243228299827989,-0.068738685257943,0.9494059554629769,0.07003490795303015,idle,twin_tub
14.1,-0.029686143600955922,0.009131001870907793,0.9752131160090814,0.07375450186523874,idle,twin_tub
14.2,-0.06396138842193927,0.0021610071969773376,1.0074299770332682,0.029587539609733253,idle,twin_tub
14.3,0.008031343870315073,0.012416708561180791,0.9946232012365074,0.012803291869087428,idle,twin_tub
14.4,-0.02438823285930978,0.048486290449536215,0.9923986729315596,0.051980696420144024,idle,twin_tub
14.5,-0.01246071780539056,-0.06189714830414228,0.9952244538585981,0.0686167645270106,idle,twin_tub
14.6,-0.018362903971794242,-0.017733102755733168,1.0061016472185984,0.08595189044868629,idle,twin_tub
14.7,-0.004223726592491558,0.01772718968380064,0.9697439187417067,0.06032595144202903,idle,twin_tub
14.8,0.03197940692362931,-0.047447831983618266,1.0212054892269715,0.0425656660682861,idle,twin_tub
14.9,0.0047114570233603385,0.044278471441605266,1.0198799791115645,0.03213738756830275,idle,twin_tub
15.0,-0.004759045111160649,0.011050698381019752,1.0115511381296831,0.05022902583341309,idle,twin_tub
15.1,-0.031069612584774347,0.02539751957530212,1.0166960032825378,0.044014705922294874,idle,twin_tub
15.2,-0.05024048834113071,-0.017128309845653836,1.0088925400242599,0.02969864188542368,idle,twin_tub
15.3,-0.014589237272199925,0.024412910698986313,1.061052199081932,0.09097511301726574,idle,twin_tub
15.4,-0.0016134765245496147,0.03205414667967115,0.9973871748684247,0.08570336804144263,idle,twin_tub
15.5,0.053037897407396485,0.00698634060411505,0.9907875034499627,0.07272097367110858,idle,twin_tub
15.6,0.003908235644186575,0.007032026780960878,0.9773941725892786,0.031582992043817454,idle,twin_tub
15.7,0.029482185330691725,0.008110297178451777,0.9690321198826649,0.06710038648594557,idle,twin_tub
15.8,-0.014978867956174561,-0.02590035794218145,0.9626658463719677,0.06279252818995804,idle,twin_tub
15.9,-0.03554831299251074,-0.0044258604072105875,0.9733360806030724,0.05885091248408106,idle,twin_tub
16.0,-0.028953502866971154,-0.004575675973570764,0.9978795885504379,0.07499330534087555,idle,twin_tub
16.1,-0.021756781936072597,0.011501815930604852,1.0100288538549314,0.06270742285722555,idle,twin_tub
16.2,0.06385409197305493,0.029994727407308838,1.0015342617565648,0.06480028472608672,idle,twin_tub
16.3,-0.024641600376731583,-0.031756082459352276,0.9770339416771087,0.0627381256674442,idle,twin_tub
16.4,0.025154676112090348,-0.003750270909587329,1.0270055369205988,0.05681582816004212,idle,twin_tub
16.5,-0.02708781534261079,0.0444436664297692,1.0221823801690284,0.014327777405716335,idle,twin_tub
16.6,0.02794719038622732,-0.022307646864376925,0.9952105507773394,0.051672421548211146,idle,twin_tub
16.7,0.011548528983175894,-0.02466750051870961,0.9804125156600586,0.038876160823017494,idle,twin_tub
16.8,-0.004699136929742712,0.006069185754935807,1.016452837624894,0.024403180847199592,idle,twin_tub
16.9,-0.0012228757840630207,0.0253315557145596,1.005639207624583,0.08363633238601648,idle,twin_tub
17.0,-0.019643630862881713,0.0003427816668197799,0.9565561822175486,0.08457990681771407,idle,twin_tub
17.1,0.013382166044462416,0.039868817713109676,0.9979605923204679,0.07718441200591225,idle,twin_tub
17.2,-0.0136495044102234,0.025703819476995803,1.0078610743622314,0.0551042683371175,idle,twin_tub
17.3,-0.03676817291301744,0.025254602006701855,0.9730091564053673,0.07701250241905314,idle,twin_tub
17.4,-0.03833812722958858,0.016623495039722797,1.0056953017851233,0.050241063612036514,idle,twin_tub
17.5,0.005177637531663584,0.06982959301038255,0.9563553254422663,0.05405594553795559,idle,twin_tub
17.6,0.047372737692313045,-0.0061548506659813255,1.040085583000365,0.028130572590760343,idle,twin_tub
17.7,0.0047997484072031475,-0.06010566876199541,1.037438499551783,0.057939826089976804,idle,twin_tub
17.8,-0.003559149783296477,0.048127630845514226,0.9924244799709111,0.051207718568488346,idle,twin_tub
17.9,0.008574784188076286,-0.013730982928704769,1.0109036301351721,0.023946957663310713,idle,twin_tub
18.0,0.039180052251204744,0.0032364133302909912,0.9277023410260038,0.04897605776366806,idle,twin_tub
18.1,0.00658147504091569,0.03928652054581581,0.96530957019204,0.048405408722863835,idle,twin_tub
18.2,-0.012327816925012114,-0.04806778623176776,0.9911866323954361,0.0859512233328928,idle,twin_tub
18.3,0.033188661301796665,-0.037549416423184184,0.9678360093571943,0.06788426657026819,idle,twin_tub
18.4,0.012862693153848404,-0.04803833811356561,1.0214318944789198,0.050228908781829326,idle,twin_tub
18.5,0.04607267975987976,-0.023824088700762715,1.05991889592244,0.05497574619602166,idle,twin_tub
18.6,0.005497033116657184,0.013189098180509807,0.9647015584171209,0.05088424756208396,idle,twin_tub
18.7,-0.03673407095161501,0.01572563528438313,0.9748760978774442,0.04594172030408905,idle,twin_tub
18.8,-0.04104477597736995,0.008288225379856613,1.007063451049298,0.028351456052234266,idle,twin_tub
18.9,0.04952783796693749,-0.04238297651677099,1.0483334844549885,0.04697896244786142,idle,twin_tub
19.0,0.05170997162349891,-0.06930310309897932,0.963328770623803,0.035078034866949735,idle,twin_tub
19.1,-0.005385576398478019,0.0016306075617114678,1.0074710836692082,0.024993689221537073,idle,twin_tub
19.2,-0.011495619634079631,-0.014153281009150072,1.0546389655243933,0.0602244362909507,idle,twin_tub
19.3,0.043843328767266064,0.013781573151498352,0.950447225554622,0.0578252931986647,idle,twin_tub
19.4,-0.03321137046130464,0.0210586087866381,0.9615679237946251,0.014265849772638443,idle,twin_tub
19.5,-0.026841810568674792,0.0041472429617604575,0.9872918018061748,0.04754630725009746,idle,twin_tub
19.6,0.019299803840671332,0.02280399256127561,0.9843823476143376,0.06991402771799847,idle,twin_tub
19.7,-0.011838153685787688,0.006876341223452052,1.0243780386326093,0.07118447477792642,idle,twin_tub
19.8,-0.00015365600160213887,0.015901941168043998,1.0072497915946252,0.07051673685770478,idle,twin_tub
19.9,-0.004903286955735377,-0.02114019788609647,0.9467511382107362,0.050778264138029196,idle,twin_tub
20.0,-0.025351359839074532,0.18644147060439475,0.9827899092742475,1.9927274149294016,washing,twin_tub
20.1,0.04111394571619378,0.1730999964330417,1.0349048744291942,1.93016198306171,washing,twin_tub
20.2,0.14724756832824848,0.18580497814207028,0.9908139376308536,1.8971589511462608,washing,twin_tub
20.3,0.1923438115241588,0.14808562641862003,1.033134850756167,2.2320634229197416,washing,twin_tub
20.4,0.2382252790338063,0.0564017218813485,1.012868961733816,1.98765114827109,washing,twin_tub
20.5,0.22321069276929323,0.08341832506988314,0.989714660412705,2.1905064400890386,washing,twin_tub
20.6,0.1501357888592227,-0.005339045237195485,1.014390715917926,1.9200121725975956,washing,twin_tub
20.7,0.05902455845451704,-0.08791831995993658,1.009613485415381,2.0367164425697983,washing,twin_tub
20.8,0.015493448802533887,-0.06722438332568509,1.0306264846300741,1.9916785975615499,washing,twin_tub
20.9,-0.04322104158865518,-0.1252915378296967,0.9835496338640495,1.7453566535722815,washing,twin_tub
21.0,-0.12361954782017674,-0.21319759576721012,1.0012361820034485,2.214250745939587,washing,twin_tub
21.1,-0.18620240834273274,-0.14101086137520308,0.9981545296118609,1.9797269589451376,washing,twin_tub
21.2,-0.1888709056966408,-0.1801729168056742,1.0211244442491936,2.111962732944944,washing,twin_tub
21.3,-0.21157618238805606,-0.19201024127222657,0.9692446241666748,1.8871956916307662,washing,twin_tub
21.4,-0.18770756761216434,-0.1224923321902851,1.0305093114471358,1.9752733427630353,washing,twin_tub
21.5,-0.1082134654293915,-0.13213048767084856,1.0139898631651125,1.8699721460114969,washing,twin_tub
21.6,-0.06179775483684704,-0.09498327868618746,0.9604922477910116,2.185399772414509,washing,twin_tub
21.7,0.0323897783822114,-0.06466315567053597,1.036247884764415,2.046711402117601,washing,twin_tub
21.8,0.10454685550590666,0.024993549713199115,1.067022792423932,2.0550580290021334,washing,twin_tub
21.9,0.11991977852241052,0.07370640533512615,1.0300550190864823,2.2037276220657467,washing,twin_tub
22.0,0.17577406954306835,0.10760576319249054,1.042809543016794,2.1734511945348536,washing,twin_tub
22.1,0.2427386538831482,0.12380303285560668,1.0025611414480777,2.1148013804204426,washing,twin_tub
22.2,0.14610302511117523,0.18152518538769113,0.9501548524078447,1.7867408979443806,washing,twin_tub
22.3,0.07340978771662203,0.19335966114077452,0.9446763864649742,1.8956481320724974,washing,twin_tub
22.4,0.017769555939660252,0.1597431617591775,1.0076524613160327,1.8494167795982972,washing,twin_tub
22.5,0.0008732983973001496,0.14605693271930517,0.9822406357681006,2.1091300540438698,washing,twin_tub
22.6,-0.07269739219595449,0.1844602093727215,0.9725627116501795,2.025597791262508,washing,twin_tub
22.7,-0.14043774684849147,0.05514572403529969,0.9981175994809397,1.7914231349554108,washing,twin_tub
22.8,-0.14453971562534876,0.09583895902684454,1.0184675586358387,1.971688368048316,washing,twin_tub
22.9,-0.27979037867874246,0.025599504370266722,0.9564172735971356,1.7758831496421832,washing,twin_tub
23.0,-0.17833328702610607,0.026689294300534763,0.9865336713915884,1.992026526789536,washing,twin_tub
23.1,-0.10725950250105079,-0.07899276823605797,1.0452961204936095,1.7516941244019222,washing,twin_tub
23.2,-0.13018415776709436,-0.09159059687008077,0.9677413485933588,2.079324124007692,washing,twin_tub
23.3,-0.03646084206655801,-0.16275769138435425,1.0260928356149488,2.056694393905111,washing,twin_tub
23.4,0.027151219916112305,-0.17646860570868986,0.9854580771535302,2.2861922740020324,washing,twin_tub
23.5,0.09072666907616868,-0.17435235421813616,1.0163738127954987,2.1271809934246013,washing,twin_tub
23.6,0.15907772494971176,-0.2133084515418602,1.032919825216086,1.9365628616266246,washing,twin_tub
23.7,0.23928200865627292,-0.1587014606436208,1.0222384530095507,2.122710513991173,washing,twin_tub
23.8,0.2515790504103634,-0.19451745583888025,1.0272747880664164,1.7903504178582232,washing,twin_tub
23.9,0.15878740834919863,-0.12057340703713766,0.9654521939977613,1.8556291094478372,washing,twin_tub
24.0,0.1747088568804288,-0.057476666629379225,1.0334097912022389,2.0499713798112666,washing,twin_tub
24.1,0.05080527174251023,-0.015203487041345543,0.9744192065609554,1.6762625505878108,washing,twin_tub
24.2,0.027544084088171487,0.07506358561221083,1.0077862529671462,1.9944258822599175,washing,twin_tub
24.3,-0.09914969430994781,0.04602540511558341,1.0077473856099168,1.846960506182237,washing,twin_tub
24.4,-0.1501709137737737,0.07414006314399593,1.0145536767660874,2.0151960582729895,washing,twin_tub
24.5,-0.17924706907974564,0.12427259530030405,1.0101087002818057,1.8383395462929104,washing,twin_tub
24.6,-0.1042397353046283,0.20183447113345207,0.9746857006442583,2.0636372206182783,washing,twin_tub
24.7,-0.15542684324786035,0.21227487686965493,0.9595039776311285,2.0028991135501086,washing,twin_tub
24.8,-0.15812735708428163,0.20205790318568254,1.026170460398853,2.2100548875321997,washing,twin_tub
24.9,-0.04455497442865959,0.1531770770181085,1.0055750373255674,2.001010180115243,washing,twin_tub
25.0,-0.010854976112530392,0.1848094176748614,1.0344813052287345,1.88470357925578,washing,twin_tub
25.1,0.05893240504989878,0.0887971289286243,0.998658011974364,1.9629671216259075,washing,twin_tub
25.2,0.16416746198250087,0.11534977461403978,0.9578450691796911,1.7983645404474902,washing,twin_tub
25.3,0.1818979781263385,0.11576827051834737,1.0289838904301232,2.060920588205816,washing,twin_tub
25.4,0.20796262312100855,-0.011577742577549727,0.9888888817101668,2.0884775369472908,washing,twin_tub
25.5,0.19063085991498957,-0.05613166646720312,1.0102601037226306,2.3703794055039227,washing,twin_tub
25.6,0.16420014235332128,-0.13436678967837007,0.9805762171456144,1.9067246014093393,washing,twin_tub
25.7,0.10909971174342782,-0.21156408605992805,1.0493290513070108,1.9598308139487226,washing,twin_tub
25.8,-0.033042361268301575,-0.2021279503640807,0.9737030552745041,1.9136362213342677,washing,twin_tub
25.9,-0.029740797374685195,-0.2308791423722927,0.9898771073768148,2.0318170551696837,washing,twin_tub
26.0,-0.1470176330534035,-0.24183307755534608,1.0032234610809194,2.057253580171942,washing,twin_tub
26.1,-0.21213455916718504,-0.1333446431070224,0.9672345301873913,1.9919937733357234,washing,twin_tub
26.2,-0.19820978746149814,-0.15061220418879417,1.0099155858576279,2.1629488875309546,washing,twin_tub
26.3,-0.19393802004630414,-0.1101954321205017,1.0483573143240248,1.9074530744367835,washing,twin_tub
26.4,-0.18967077003757132,-0.08522649006024763,0.9852861351791887,2.147926107183607,washing,twin_tub
26.5,-0.09262609472845557,-0.03025277918616429,1.0118542845709517,2.0807746780461622,washing,twin_tub
26.6,-0.09000323242409877,0.05649457860410684,0.9175169384188433,1.998195512015158,washing,twin_tub
26.7,0.012858334249683747,0.07730461980658354,0.9988321239854547,1.9527595038864283,washing,twin_tub
26.8,0.07880451077235298,0.13949274075880866,0.9906087314222138,2.3640001638097052,washing,twin_tub
26.9,0.1527050304449778,0.15443326803882487,0.9754450719276885,1.877448702388688,washing,twin_tub
27.0,0.19857723179844786,0.1756907104556887,1.032443514088856,2.0446899765452624,washing,twin_tub
27.1,0.16936855719694802,0.15651483713594574,0.9902126895512852,1.8874671394636802,washing,twin_tub
27.2,0.2026938908168909,0.13839787707656906,0.9946756753871924,2.2678431122931957,washing,twin_tub
27.3,0.13879949223577878,0.17520137749219158,0.9886842137563279,2.1330239493198806,washing,twin_tub
27.4,0.016866522937578086,0.15738736107320173,0.9424955238470477,1.8982475181738283,washing,twin_tub
27.5,-0.058757743211910705,0.0789731493572313,0.9660404067976912,2.0768892490146844,washing,twin_tub
27.6,-0.07399448932481432,0.07024812979161205,1.0288328045836064,2.0386543581914833,washing,twin_tub
27.7,-0.1435384407193281,0.02168491985995872,0.9367014805936008,1.9225062857037891,washing,twin_tub
27.8,-0.1840680139004429,-0.09720767322075768,0.9770105395115288,2.113724632584226,washing,twin_tub
27.9,-0.2004448193815609,-0.11032885598304173,0.988008398311307,2.0583958086656615,washing,twin_tub
28.0,-0.18344450807372537,-0.11526688113767344,1.052308656018747,2.0323548070828927,washing,twin_tub
28.1,-0.1256731602597093,-0.15165608826156388,1.023058112964891,1.9937120433136506,washing,twin_tub
28.2,-0.12968388184787075,-0.2223570190227674,0.983284884188407,2.064658173889948,washing,twin_tub
28.3,-0.06022579449988409,-0.19447328031364247,1.0391354109134665,2.034408149223869,washing,twin_tub
28.4,0.01693826169634966,-0.16624065014502695,0.9777845253849664,2.0088639999537525,washing,twin_tub
28.5,0.12622455047355505,-0.15765322172347723,1.0302729941120201,1.9038476126018655,washing,twin_tub
28.6,0.20621400645979643,-0.15534707581270787,0.9592336826223096,2.254064936114374,washing,twin_tub
28.7,0.18351726699855236,-0.12749307922508077,1.0321977349536746,1.842437008497718,washing,twin_tub
28.8,0.12140645482094801,-0.08544424343463233,0.9878159906358704,2.0641454328319617,washing,twin_tub
28.9,0.11774579922209169,-0.0010307676182971445,0.9691448727717619,1.951963888654785,washing,twin_tub
29.0,0.0925659487746145,0.04332938211143083,0.9934856916077106,2.263932090417395,washing,twin_tub
29.1,0.03300611080811519,0.10630527351325215,1.0083203253916064,1.8644776194164239,washing,twin_tub
29.2,-0.03731830553050153,0.13527336554422514,0.9851575470842286,1.8897105107359502,washing,twin_tub
29.3,-0.09519330113091544,0.1906820983495854,1.0166186051798598,1.8545272905107262,washing,twin_tub
29.4,-0.16345503847983092,0.19225743698767975,0.982510183490078,2.0485197576425915,washing,twin_tub
29.5,-0.15873111494272862,0.22314600716960492,1.0186111718179407,1.7940424010647038,washing,twin_tub
29.6,-0.2198858648560954,0.22209569358784867,1.013266661861098,1.928220725786335,washing,twin_tub
29.7,-0.2068349492774704,0.15463248592350848,0.9981723083587619,1.6771451265718573,washing,twin_tub
29.8,-0.12254315503012347,0.09494390767871408,0.9867585306290215,2.0360632031192134,washing,twin_tub
29.9,-0.11969417263471904,0.15558365502729082,1.0045462238729579,1.9249677711865607,washing,twin_tub
30.0,0.011690751159599772,0.06950316079635753,1.016507612291011,1.776791488410222,washing,twin_tub
30.1,0.07670150604872292,-0.04138571322892909,1.0618539745819482,2.162841410446109,washing,twin_tub
30.2,0.13248614648819187,-0.0638160069009712,1.0281826126539455,1.803849965242259,washing,twin_tub
30.3,0.22861369370768173,-0.06875974335320262,1.0292796984944752,2.119541553504232,washing,twin_tub
30.4,0.18093912232681272,-0.14345686655819126,1.0926553658458085,1.8948438764018294,washing,twin_tub
30.5,0.2520202483747534,-0.18422742767997632,1.0154787543030352,2.240235706684314,washing,twin_tub
30.6,0.1473397050783149,-0.14894645313993962,1.014539305339351,2.112432580838922,washing,twin_tub
30.7,0.05804024147123661,-0.23127650891963217,1.0211204522296495,1.8487928193688958,washing,twin_tub
30.8,0.02716423414270508,-0.2188499752899605,0.9697310206723524,1.862437617168454,washing,twin_tub
30.9,-0.0820253334425341,-0.17011665103554294,0.9866829509074373,2.0908287807836463,washing,twin_tub
31.0,-0.14010972589289938,-0.1340800775226661,0.9848149219992299,1.960643280393475,washing,twin_tub
31.1,-0.15695458609993787,-0.09014463496203788,1.0194284193165868,1.9745986239467952,washing,twin_tub
31.2,-0.1797899874862338,-0.02966671115692803,0.994774763133364,2.1908358292658145,washing,twin_tub
31.3,-0.21512248115336552,0.0009313395317777345,1.004146702764229,1.8876966689945065,washing,twin_tub
31.4,-0.13924343074901135,0.061981317572896516,1.0326236386044538,2.0136940658263183,washing,twin_tub
31.5,-0.0828318177178603,0.08857445704089018,1.0258945221611242,2.1431941690478458,washing,twin_tub
31.6,-0.006648924736072287,0.1406116102596623,0.9951483699087625,2.1213676232578402,washing,twin_tub
31.7,0.04094904892663204,0.17473135664033917,0.9799001470936534,1.976058099871899,washing,twin_tub
31.8,0.13725359618291447,0.19885847839178816,1.0340582419495956,1.9566641178721014,washing,twin_tub
31.9,0.09767869571593618,0.22316040306824605,1.023216735427296,1.7391776806218604,washing,twin_tub
32.0,0.18067410680017673,0.21037100268407127,0.9518122954511385,1.8415632511002207,washing,twin_tub
32.1,0.17359518799595158,0.1753632610209111,0.9906053818327516,2.04775388398621,washing,twin_tub
32.2,0.1845421863270262,0.11803335589362689,1.0049654638605028,1.9793176716586647,washing,twin_tub
32.3,0.11976594460983575,0.10275477806903383,1.0233648915136309,2.011239061784934,washing,twin_tub
32.4,0.06864017527844422,0.05132776771110792,1.0273030448481932,2.155888041445109,washing,twin_tub
32.5,0.056465246406122556,0.005795447394397273,1.0085171800352641,1.8219015336406588,washing,twin_tub
32.6,-0.07871650442954688,0.014027457956233003,1.0175574259407656,1.9645729546651025,washing,twin_tub
32.7,-0.12449565167003093,-0.11643782368338856,1.0019241040713447,2.028306644511683,washing,twin_tub
32.8,-0.18793349039093118,-0.12963846486809644,0.9797844493545832,1.8943760093638227,washing,twin_tub
32.9,-0.19733394704694932,-0.14198288891657607,0.9921620682687624,2.2147215670891125,washing,twin_tub
33.0,-0.1900308028459487,-0.1907765748027446,1.0005697355992031,2.136288020241972,washing,twin_tub
33.1,-0.1406529265759636,-0.1298488552655983,0.9989596224994423,2.0435199990633133,washing,twin_tub
33.2,-0.06139150875392884,-0.20374671306916192,0.9434328128666959,2.269134766899288,washing,twin_tub
33.3,0.024355173215238782,-0.16178265456912935,0.9880754999521171,1.7751657080584786,washing,twin_tub
33.4,0.059026579890245304,-0.1626948335093512,1.0016861695926746,1.9988410578341478,washing,twin_tub
33.5,0.13524345703956295,-0.10689647687464192,0.991558900242829,2.0549505453401093,washing,twin_tub
33.6,0.13433964982483593,-0.0398317820928457,0.9925952861346524,1.8628167429809117,washing,twin_tub
33.7,0.19382114787326904,0.030415140957898434,1.0146397411241377,2.0451071812726593,washing,twin_tub
33.8,0.22466613409224534,0.06657669751470248,0.967631284388541,1.8340126259318184,washing,twin_tub
33.9,0.19484464425291764,0.14280837147230085,0.9511587335814636,2.103583597741138,washing,twin_tub
34.0,0.12390534244234647,0.14294476616650156,0.9895549062748997,2.158675215219336,washing,twin_tub
34.1,0.07632979622001035,0.1664931893918199,1.0229234321650538,2.0408500101692493,washing,twin_tub
34.2,-0.010343645443045026,0.27602492777569665,1.0506265911845991,1.722080327740258,washing,twin_tub
34.3,-0.060341547072563166,0.21168502401137881,1.0234638471728421,1.854980971825095,washing,twin_tub
34.4,-0.1454218738464441,0.16938846256997253,0.9559520872039345,2.0847065004819743,washing,twin_tub
34.5,-0.20088225272616142,0.14803767223296185,0.9930289828186969,2.003179796526855,washing,twin_tub
34.6,-0.18953010797766362,0.10678616418826517,1.0076990314324459,1.595899607346127,washing,twin_tub
34.7,-0.2688832417687874,0.12001305280000221,1.0053277335077078,2.186424557580236,washing,twin_tub
34.8,-0.12542284909418594,0.03147010319761381,1.0161791365882862,2.0204984759380746,washing,twin_tub
34.9,-0.18307729529337913,-0.006227989366258768,0.9724885316061772,1.8771388003999934,washing,twin_tub
35.0,-0.051703902222162985,-0.06370865910813657,1.0019482926265222,2.1492433396349995,washing,twin_tub
35.1,0.08717796856516431,-0.08733409710862455,1.012609684893284,1.898368998063965,washing,twin_tub
35.2,0.15123530130374066,-0.17459055187135578,1.0247701285991098,1.8967321823593677,washing,twin_tub
35.3,0.14609254708900588,-0.2110354534145428,0.9758284550016162,2.0537528976521053,washing,twin_tub
35.4,0.1782422844292861,-0.1892420912614013,0.9896452939827131,2.267155768886344,washing,twin_tub
35.5,0.23132753291745461,-0.18157656714465745,0.9188854695977998,2.2435380766959327,washing,twin_tub
35.6,0.1395817446079777,-0.17944369160601992,0.9813561409726668,2.053956724835616,washing,twin_tub
35.7,0.16363834419243314,-0.19040279171208307,0.9842675532108687,2.069357848827548,washing,twin_tub
35.8,0.02500905111757008,-0.11099260588784969,0.9694124647549767,2.1187248398127236,washing,twin_tub
35.9,-0.03749689212653292,-0.10973898114305627,1.0049683645069796,1.8114524486945975,washing,twin_tub
36.0,-0.06905081850353603,-0.05312242226073759,0.998321637038642,2.096622250572797,washing,twin_tub
36.1,-0.1649347716146007,-0.013253244636073724,0.9322235836726717,1.8898889797784708,washing,twin_tub
36.2,-0.22652776956646153,0.10559865936415631,1.0064652390790527,2.047771710019487,washing,twin_tub
36.3,-0.1997492736965665,0.13245643605617088,0.9721502760763292,1.9658798558588995,washing,twin_tub
36.4,-0.16993390718610693,0.1706383034726548,1.0145706687757154,2.075181249067132,washing,twin_tub
36.5,-0.15849930002454257,0.2183817531274766,0.9615444625681401,2.017715519750969,washing,twin_tub
36.6,-0.05741293957319448,0.2812923443530029,1.0009001961559283,1.539045459376805,washing,twin_tub
36.7,0.0028008838929371206,0.14794993871132997,0.9915051001334049,2.026833756755777,washing,twin_tub
36.8,0.12408146753596638,0.16559547410446174,1.00909305654851,2.0963229428448895,washing,twin_tub
36.9,0.15514100478071458,0.14478259761820161,1.0037409183295405,2.066889252250768,washing,twin_tub
37.0,0.18172743078460302,0.10196020927825818,0.9923450747493564,1.9846121080687131,washing,twin_tub
37.1,0.19641988776697694,0.05054761877054449,0.9539118305786727,2.246324253789561,washing,twin_tub
37.2,0.18765907104538887,0.02353784111731655,0.955683761096169,2.046705969368249,washing,twin_tub
37.3,0.15541384717643036,-0.05657045442892529,0.9824833918272334,2.065650995028966,washing,twin_tub
37.4,0.04363354367685489,-0.061231104716526166,0.9997516034821123,2.156673784107585,washing,twin_tub
37.5,-0.031247628978638354,-0.11600610081563562,0.9817525615840265,2.0543889499544896,washing,twin_tub
37.6,-0.040484534074860794,-0.1412616003704952,1.018756357917384,1.8652973369878696,washing,twin_tub
37.7,-0.1492795273518792,-0.1678163809750353,0.9916233724236495,1.6342493879330566,washing,twin_tub
37.8,-0.22347067327111028,-0.1796401433447824,0.9710496182566147,1.9284318646972878,washing,twin_tub
37.9,-0.1862909644041611,-0.2099245302087183,0.9916571112103627,2.1141418288821674,washing,twin_tub
38.0,-0.1763102090780503,-0.12232099509864085,1.0067757950894967,1.947035550287329,washing,twin_tub
38.1,-0.20002410627285871,-0.15328046347971272,1.0097465415647375,2.1201767558422593,washing,twin_tub
38.2,-0.0894662833564361,-0.1794464651968115,1.0563513739597938,2.022309226388041,washing,twin_tub
38.3,-0.0029991539400100325,-0.10834600574042831,0.9799327197998974,2.193209910539328,washing,twin_tub
38.4,0.06096957098415668,-0.07977314780776393,0.9977956401522879,1.9557174939319009,washing,twin_tub
38.5,0.13651649497133547,0.0255866855873992,1.0127837184045827,2.0701422239851532,washing,twin_tub
38.6,0.12673751215768042,0.072301662382759,0.9992973112239756,2.075882759680304,washing,twin_tub
38.7,0.2063886547956232,0.10753328860193595,0.9849814556203405,2.225240280894679,washing,twin_tub
38.8,0.18737885736162457,0.21912586310158202,0.9535222847096727,1.7440044040498583,washing,twin_tub
38.9,0.15438188033866526,0.20148492758919795,0.9846749632284095,1.9312387588170263,washing,twin_tub
39.0,0.14367371874108573,0.22020589110628558,0.967788927618466,2.1272774158082757,washing,twin_tub
39.1,0.09411621275319607,0.17016008050106707,0.9482017995662867,2.231884471966797,washing,twin_tub
39.2,0.028764454925149917,0.15407202273324416,0.9761296347498825,2.036010726896312,washing,twin_tub
39.3,-0.05690649867516679,0.1583618514002325,0.9685872483770064,1.956094375336777,washing,twin_tub
39.4,-0.15739467400406282,0.12477121080107104,1.0175135963587885,2.1135677553011667,washing,twin_tub
39.5,-0.17962969836824047,0.01793556352350286,1.0180327551224289,2.1303054012847524,washing,twin_tub
39.6,-0.17660065953212695,0.01716206628921038,0.9728836213125738,1.9460507481999039,washing,twin_tub
39.7,-0.17733007201422035,-0.029622955337945768,0.9921931410831064,2.049546096826632,washing,twin_tub
39.8,-0.1329864955483912,-0.08703576211586553,0.944252720136624,2.1770790893617953,washing,twin_tub
39.9,-0.04891231658065161,-0.1499399846285393,0.9851698014945192,2.283568848991168,washing,twin_tub
40.0,-0.0017784793807785542,-0.17798945433262348,1.0119694570210704,2.111390743885294,washing,twin_tub
40.1,0.05174630244572613,-0.19217156429850601,1.024748136688423,2.006620834499839,washing,twin_tub
40.2,0.12447522921066093,-0.1962662026879585,0.9786085875492606,1.9918887235943137,washing,twin_tub
40.3,0.19998272182521598,-0.17919344136505666,1.0315556458158257,2.0836094835790435,washing,twin_tub
40.4,0.19969514442165287,-0.1495955079884739,0.9545292423545959,1.9826490736280824,washing,twin_tub
40.5,0.20041760256508126,-0.1629330802609761,0.9625711660256863,2.0284460748533584,washing,twin_tub
40.6,0.17420502582122377,-0.12919922656791444,1.0212898559691364,1.8413185603203688,washing,twin_tub
40.7,0.08510549093341668,-0.05579891442887619,1.0501336368568974,2.1945585794736737,washing,twin_tub
40.8,0.0477540916217562,0.0007551081821758863,1.0148029596455108,1.8289722909276982,washing,twin_tub
40.9,-0.03837269932921619,0.02197859879728572,0.9987897284039796,1.9351832359320482,washing,twin_tub
41.0,-0.15460144306583734,0.1088676626219979,0.9341444876043338,2.0146389891277723,washing,twin_tub
41.1,-0.12559644136481665,0.15879875254856837,0.9393265883186956,2.298648031983296,washing,twin_tub
41.2,-0.21147979245844523,0.20345711349544568,1.0038822861068761,1.9365975522721508,washing,twin_tub
41.3,-0.24611031044129308,0.2419477343801674,0.9892581199128647,1.9000976279059405,washing,twin_tub
41.4,-0.20021689638799256,0.17343929589233956,0.9668249445354364,1.917377462399931,washing,twin_tub
41.5,-0.14818840527884422,0.19687439642571333,1.0019659774249015,2.248834575141697,washing,twin_tub
41.6,-0.04817277787324392,0.1802193812118342,1.0034539410252343,1.5781479509740968,washing,twin_tub
41.7,0.01685113154647296,0.1479080690912461,1.0283324760562083,1.849589298177712,washing,twin_tub
41.8,0.08624577579112545,0.09189723570933457,1.004098068490381,2.4096933063739328,washing,twin_tub
41.9,0.17269370751963117,0.019621861864511383,1.0368518310500314,2.0886323110237455,washing,twin_tub
42.0,0.20040756409481164,0.015338487286733525,1.0002398208864645,1.834102257599117,washing,twin_tub
42.1,0.20908678180498289,-0.06299266588931762,0.9965399501557799,1.9937123026737842,washing,twin_tub
42.2,0.19326026421306533,-0.08709683879557625,1.0319293655874155,2.0101181849101795,washing,twin_tub
42.3,0.15539346122580525,-0.15702367973781545,0.970646773598757,2.126918786885841,washing,twin_tub
42.4,0.010386310283614517,-0.20049535838375723,1.084433423597985,2.2759253004233844,washing,twin_tub
42.5,-0.010933147567932464,-0.1831823524477233,1.011257724345002,2.0582827521918823,washing,twin_tub
42.6,-0.13903121247161948,-0.1952197455170086,1.0114248775851302,1.919031754548056,washing,twin_tub
42.7,-0.13582762338180224,-0.17807516557401123,1.015752879219178,2.1180626663147306,washing,twin_tub
42.8,-0.18110439965993375,-0.11205137677018083,1.0563140942599494,1.8952620954705708,washing,twin_tub
42.9,-0.1682393774419637,-0.1391839375353116,1.0237752223501781,1.8449993756016456,washing,twin_tub
43.0,-0.15458227147739687,-0.09261290598387621,0.9518483206298823,1.7360136692065333,washing,twin_tub
43.1,-0.14801939710758574,-0.09173515618142666,1.0421041115430252,1.76523074082494,washing,twin_tub
43.2,-0.11136156714225015,-0.0461452597500785,0.9897731026166495,1.8655332265813591,washing,twin_tub
43.3,-0.010511813336487846,0.09233903559307546,1.0032146521851797,1.8233315348448693,washing,twin_tub
43.4,0.033900448313240614,0.06643639303506631,0.961622380834742,2.0469854791062074,washing,twin_tub
43.5,0.11751527091519419,0.10559109904167828,1.0157860605437168,1.8200897261263946,washing,twin_tub
43.6,0.19844967460922663,0.1690259287224414,0.9804587712979734,1.5284500546962885,washing,twin_tub
43.7,0.17972430976605488,0.18899858540215322,1.0030050891398041,1.84341323381158,washing,twin_tub
43.8,0.22062780932301274,0.17286164266336124,0.9914770298391765,1.929221052841787,washing,twin_tub
43.9,0.18918762616117302,0.18517715002154228,1.0577503840520754,1.9091825768192052,washing,twin_tub
44.0,0.08891329594457056,0.21214260753827638,1.0594678090043677,2.227928701896378,washing,twin_tub
44.1,0.07895480127949271,0.11988199671262752,1.0013953951064423,1.9079686161066274,washing,twin_tub
44.2,-0.004109656351714147,0.0610777322253178,1.0019193313410657,2.13213851947988,washing,twin_tub
44.3,-0.09329295819916285,0.08286819573045974,0.9887967110095145,1.9971526100478707,washing,twin_tub
44.4,-0.17697235229598587,0.017282115334814455,1.0331801887450835,1.9936542911491102,washing,twin_tub
44.5,-0.21598748381629737,-0.06835353605242901,0.9901324038899987,1.8746929566727943,washing,twin_tub
44.6,-0.21573522299274503,-0.14601047879346507,0.987359881760629,1.991182602262885,washing,twin_tub
44.7,-0.1646875765944461,-0.16286869465292478,1.029357785909949,1.8852355809653876,washing,twin_tub
44.8,-0.16557817620778062,-0.17442581654404435,0.9838510271405005,2.0255036471381858,washing,twin_tub
44.9,-0.060499543078342426,-0.15810616507013928,0.998867348966544,1.9645625551064467,washing,twin_tub
45.0,-0.03725266586635394,-0.2310974592460897,0.9525606765546702,1.85830581002126,washing,twin_tub
45.1,0.06750285300377168,-0.1956119242119987,1.021125710353695,2.1487841509550893,washing,twin_tub
45.2,0.14019885382295788,-0.1525303436417205,1.058226008175456,2.0640260720032138,washing,twin_tub
45.3,0.2543193148449717,-0.21196801416342725,1.0216367611839938,1.9327905898786628,washing,twin_tub
45.4,0.15828587602004324,-0.06753188327149269,1.043853975026419,2.0218239570552967,washing,twin_tub
45.5,0.23437174025373475,-0.08521149459916466,0.9746169359146801,1.9874266217747054,washing,twin_tub
45.6,0.15859792097477562,0.01247307278037894,1.007089728460846,1.869861359410509,washing,twin_tub
45.7,0.10868589236082274,0.061990881591785944,0.9717052022689183,2.0105744343531744,washing,twin_tub
45.8,0.028617084114506895,0.13542549850021623,0.9931670336325598,1.906848236778894,washing,twin_tub
45.9,-0.03639617288711227,0.16058953640438597,1.0231663443205752,1.858259924656985,washing,twin_tub
46.0,-0.12216760358935455,0.10394262125687263,1.003054618393099,1.7565849004600214,washing,twin_tub
46.1,-0.12524407965667939,0.17078296916825494,0.9576207693219634,1.9462088969692053,washing,twin_tub
46.2,-0.2101515844724791,0.20408299173725847,0.9605491268338674,2.0850455989375587,washing,twin_tub
46.3,-0.16249041298036043,0.18585496121988196,0.9585650820552768,1.8958010969931711,washing,twin_tub
46.4,-0.18819659870679506,0.18452721825164314,1.0147435776981877,2.3781063038236954,washing,twin_tub
46.5,-0.11936460585053445,0.16059041785583048,1.0619168360697,2.13285284804791,washing,twin_tub
46.6,-0.08189685400167802,0.11239433852595794,1.0408737473200065,2.1956495198990718,washing,twin_tub
46.7,0.038717358323284115,0.038425903913245275,0.9431204440256181,2.119286451811064,washing,twin_tub
46.8,0.1397045135281379,-0.06292814686759923,1.0426322781420936,2.277929746240786,washing,twin_tub
46.9,0.1517819631605302,-0.07307275378104773,1.0280920125104394,1.8819497024791187,washing,twin_tub
47.0,0.1843047322979136,-0.09467431455163057,0.9536410016341372,1.6158893921512067,washing,twin_tub
47.1,0.1661668367936164,-0.1802160410481497,0.990903951498685,1.9330811587470675,washing,twin_tub
47.2,0.17408663088663479,-0.15868904785906116,1.0328656723448744,2.0837327863321304,washing,twin_tub
47.3,0.08912559339409135,-0.16820182579561957,1.0165130053280436,2.022727545762197,washing,twin_tub
47.4,0.04623857093537179,-0.19594138203232833,0.9607271484283604,2.0413208916451677,washing,twin_tub
47.5,0.00680358138327416,-0.2821246992484029,1.0183222646738859,2.198136500400481,washing,twin_tub
47.6,-0.034054514604694545,-0.20584825888978242,0.9358749821175824,2.057308636169375,washing,twin_tub
47.7,-0.05263309534885195,-0.07661669873016924,0.9933153347272836,2.1198369391386533,washing,twin_tub
47.8,-0.19856296304533094,-0.10607277700885853,1.0341387030820015,1.8590655887220862,washing,twin_tub
47.9,-0.15654634098629103,-0.09946629279675392,1.0005518264671396,1.8356909466175946,washing,twin_tub
48.0,-0.18289872884698155,0.049615525555169133,0.9850318735011416,2.242117088453673,washing,twin_tub
48.1,-0.15864007795754903,0.06458938970775138,1.0266803876131705,2.01513523027206,washing,twin_tub
48.2,-0.08337290126855997,0.14452333796636718,1.0292425544525974,1.9065156224830797,washing,twin_tub
48.3,-0.02320915220246276,0.15915903640380064,1.0393011907860086,1.9067908259679323,washing,twin_tub
48.4,0.05304984920133506,0.19363782439963775,1.0262302728533916,1.9026315317542615,washing,twin_tub
48.5,0.10530705557369331,0.20734772757717276,1.0324412438181143,1.8936561468431237,washing,twin_tub
48.6,0.1269222953064372,0.22035642940975292,1.021987256723126,1.807527829609451,washing,twin_tub
48.7,0.15014869407007483,0.25692102063525696,1.0079658594734942,1.7749369396669237,washing,twin_tub
48.8,0.21605479664417482,0.19383670960446248,1.0026852699929145,1.970749343351837,washing,twin_tub
48.9,0.1605645823978334,0.08200101277852609,0.992882208427078,1.91106111945194,washing,twin_tub
49.0,0.09967438346881147,0.09855570377138463,0.9636289512082082,2.1660738928164944,washing,twin_tub
49.1,0.049993146234664054,0.06924903483815123,0.9713406547354058,2.0439614979900376,washing,twin_tub
49.2,-0.001218679125391739,0.01851078488593708,0.9915395655419437,2.0397976520116976,washing,twin_tub
49.3,-0.09093981652955173,-0.08172673412667607,1.0072435647880729,1.8885319388668325,washing,twin_tub
49.4,-0.17378429665438613,-0.08056620732880788,1.0432243779401278,1.9818457376330036,washing,twin_tub
49.5,-0.1534225145895622,-0.12627037656862092,0.9987460831637346,2.054150165544716,washing,twin_tub
49.6,-0.15222978059620532,-0.10484567102790712,1.0301042887263299,2.1074293609569015,washing,twin_tub
49.7,-0.16612871083351877,-0.21983724092902862,1.0323794696929636,1.9859162260222452,washing,twin_tub
49.8,-0.10769951584541507,-0.21421222068827292,0.9930565960693363,2.1618685668986313,washing,twin_tub
49.9,-0.03636611063252301,-0.19604935994512213,1.0178407063411055,2.0011983963361915,washing,twin_tub
50.0,0.03390297949213453,-0.17651006337615396,0.9926941587482542,2.118927067777652,washing,twin_tub
50.1,0.0920478858503144,-0.15223889475104901,1.0396640768223544,1.9265221687116274,washing,twin_tub
50.2,0.15485983259798294,-0.1634615523129475,1.019075300147978,1.7281117450147039,washing,twin_tub
50.3,0.19655522769359865,-0.04308610203584736,0.9642854873593494,2.0402538482027786,washing,twin_tub
50.4,0.16668521544924286,0.033652018765689684,1.0048457395646153,2.108798609471994,washing,twin_tub
50.5,0.2112329979648188,0.058828255171755654,1.0494433648547163,2.0863020997711352,washing,twin_tub
50.6,0.11342822942136165,0.1776424321173756,0.9945630689635989,2.063327999215616,washing,twin_tub
50.7,0.07251275116659359,0.1576589608087974,1.0134314509028521,1.9477119551067519,washing,twin_tub
50.8,0.06417359874710493,0.22277724112869707,1.0163763651321744,1.8789880622831612,washing,twin_tub
50.9,-0.024531372552141818,0.20593489752122868,0.968901313025062,2.082759240356567,washing,twin_tub
51.0,-0.07293510176791915,0.2232151595596934,1.0153212384764054,2.0639671124297414,washing,twin_tub
51.1,-0.17701581661102261,0.19339268798489842,0.9581849454389613,1.915865136373426,washing,twin_tub
51.2,-0.23102491538404069,0.19986161868667496,0.9812312768079581,2.1664136283788085,washing,twin_tub
51.3,-0.20367056605784792,0.12326424004289366,1.0322716890248258,1.86757017281786,washing,twin_tub
51.4,-0.16580464618318644,0.09083944034702615,1.0107026887092507,1.912471493181344,washing,twin_tub
51.5,-0.11518738896829452,0.036056634722363715,0.9908656657676042,2.2454637818512495,washing,twin_tub
51.6,-0.01572756307026916,-0.036206621880746595,1.0133938306373556,2.1302872906600867,washing,twin_tub
51.7,0.014228533962756421,-0.06612526379969792,0.998197232567346,1.9462986041163466,washing,twin_tub
51.8,0.10691176897443072,-0.05654033523213525,1.000377355070555,2.0431071064465325,washing,twin_tub
51.9,0.12444383407211844,-0.1684253052370366,1.0197045558016042,2.0232188366785757,washing,twin_tub
52.0,0.20372082160034483,-0.17337135039205195,0.9781789677802261,1.5881579202533933,washing,twin_tub
52.1,0.19969860219122343,-0.16098889357791826,1.0012100921666407,1.8640289075789926,washing,twin_tub
52.2,0.15847101034466796,-0.16352275051925447,0.9906319541618004,1.9923730074336077,washing,twin_tub
52.3,0.12983454032049482,-0.18269674199260347,0.9524318987619923,1.946508278516104,washing,twin_tub
52.4,0.06809963814148141,-0.22719412140212814,0.9723863273125211,2.037065384724563,washing,twin_tub
52.5,-0.00810465388011122,-0.1020559658990432,1.0470461934119148,2.169422346942188,washing,twin_tub
52.6,-0.02048467326890447,-0.13786660350134375,1.011541699437557,1.951769632301911,washing,twin_tub
52.7,-0.13986280125497438,0.024025773957992762,0.9602923509579583,1.8413517805815702,washing,twin_tub
52.8,-0.18828229379852218,0.03761164917477152,0.9537893687245477,2.0487277487766566,washing,twin_tub
52.9,-0.26252887441395834,0.11286533679481461,0.9966350829966825,1.9510064999648296,washing,twin_tub
53.0,-0.2170375238184158,0.10042146380430338,1.0468355959952944,1.9765904748767147,washing,twin_tub
53.1,-0.16199485128884752,0.11669262594443511,0.9943972559558695,1.9562339421270383,washing,twin_tub
53.2,-0.11692631510564021,0.19556940305501014,1.0392099866021205,2.336275670001648,washing,twin_tub
53.3,0.01638458108847082,0.1982186186299499,1.0105579231245598,1.6638943608503083,washing,twin_tub
53.4,0.04478984417108317,0.18216664212112663,1.0141375137353767,1.9417499145301031,washing,twin_tub
53.5,0.156210377938042,0.18350524891518763,0.959928384720863,1.9994466461527411,washing,twin_tub
53.6,0.17071672412191444,0.23551157896325797,1.0281256876524927,1.8828286261575833,washing,twin_tub
53.7,0.19757428523838536,0.13848955624642298,0.9899520388817917,2.1349738748192424,washing,twin_tub
53.8,0.1937935567143633,0.0980488670804986,1.0258927736083272,2.121988651807946,washing,twin_tub
53.9,0.16897947264904786,0.040383467852190866,0.9755749005404166,1.9928368072267189,washing,twin_tub
54.0,0.1691209005499935,0.006907601398423502,1.0053114804252974,1.959398936698446,washing,twin_tub
54.1,-0.01985034436956558,-0.0931253035172074,1.010560088618129,1.983206474865253,washing,twin_tub
54.2,-0.085113019046025,-0.1929599903808517,0.995379000502724,1.9842820019528284,washing,twin_tub
54.3,-0.11264585975202322,-0.1717767638293414,1.0121363557925847,1.9882440457811357,washing,twin_tub
54.4,-0.15366681209703087,-0.1650675896990533,0.9920080877442248,1.97180013477248,washing,twin_tub
54.5,-0.1695081705161098,-0.2286993575391063,0.9805282074087616,2.037867397188859,washing,twin_tub
54.6,-0.18541272974482995,-0.20126198899152922,1.048164501483819,2.1129818097241797,washing,twin_tub
54.7,-0.1924927878796209,-0.19952137712032283,1.0314685859908432,1.8154609778602135,washing,twin_tub
54.8,-0.10633811038848603,-0.10412735152954479,0.9771740576485547,1.8424004151150277,washing,twin_tub
54.9,-0.04271904844235687,-0.08679515888465891,1.0170533291678383,1.7377222955774716,washing,twin_tub
55.0,0.005521734938147358,-0.04225718025567207,0.9777196343589654,2.12995961005364,washing,twin_tub
55.1,0.10250463771153949,0.008599175757671936,0.9644594606901302,2.0375484939785693,washing,twin_tub
55.2,0.14508877908870332,0.041283944407847634,1.0310142832419693,2.0757901273899155,washing,twin_tub
55.3,0.1641209196897152,0.09784266060011897,0.9488770112305779,1.7855752642454799,washing,twin_tub
55.4,0.2205398508556544,0.09951102420823299,1.0278056774072963,2.2677422184320206,washing,twin_tub
55.5,0.19352969693639205,0.10327232573788481,0.9924183306228083,1.9086723637781964,washing,twin_tub
55.6,0.15414284395779204,0.19547534285967894,0.9936536019075841,2.025230871066688,washing,twin_tub
55.7,0.14053934198603132,0.20957760221628208,1.0122925365886988,2.128157699101756,washing,twin_tub
55.8,-0.04845951714333872,0.23118331161007727,1.0174359643598276,1.8519530366305892,washing,twin_tub
55.9,-0.09226850253775332,0.2235983197694636,0.9752097046951328,1.9180513462231,washing,twin_tub
56.0,-0.15316916324972488,0.19289368003425278,1.0215317682625018,2.0268757661901313,washing,twin_tub
56.1,-0.17976340452746867,0.07509421819344213,1.0034011161407568,2.428620961319706,washing,twin_tub
56.2,-0.20409569523871882,0.04643590144550317,0.9623183562139589,2.0451687114278037,washing,twin_tub
56.3,-0.24167721957892932,0.0194360479651118,0.9949037654926078,2.240954172594608,washing,twin_tub
56.4,-0.19842032606972929,0.02865734092752227,1.0414383704667678,2.1808509717787934,washing,twin_tub
56.5,-0.14338230081420086,-0.05194775870892474,1.050297843947371,2.055201505474178,washing,twin_tub
56.6,0.023984745329305016,-0.10514874630260754,1.0215204537282603,1.8516206342553982,washing,twin_tub
56.7,0.07911890514527826,-0.18313896990520967,0.9642896953549489,2.1589630416227354,washing,twin_tub
56.8,0.08399825228979965,-0.21890152325186993,1.0147182070736767,1.7752834487527929,washing,twin_tub
56.9,0.14319514984595347,-0.17631697233926602,1.025525827115776,2.240131268551564,washing,twin_tub
57.0,0.1557351833433811,-0.22673647015275747,1.0217712394995617,2.030000796232738,washing,twin_tub
57.1,0.14236143328889625,-0.1811898414633146,1.0235486286606374,1.6024664679052736,washing,twin_tub
57.2,0.1774590049009484,-0.14575047391191662,1.0108978923774259,1.9489240857452241,washing,twin_tub
57.3,0.10697386168841869,-0.05293727765346938,0.9978276298350837,2.098092173138441,washing,twin_tub
57.4,0.07107939458707922,-0.06280922034677311,0.9817489751228794,1.964446419044035,washing,twin_tub
57.5,-0.04800617547130393,-0.07317748915718102,0.9430619344449551,2.107250871649036,washing,twin_tub
57.6,-0.09648414428624125,0.06730164068785191,1.0101892530014005,1.8724963748431556,washing,twin_tub
57.7,-0.13245060832665398,0.07975398473403386,1.0055815853095658,1.8041026440818588,washing,twin_tub
57.8,-0.16997912255968328,0.14358606617498576,1.0167272752847445,1.989283189542859,washing,twin_tub
57.9,-0.18708118692339376,0.1714356099086407,0.9598736892012132,2.004734850093487,washing,twin_tub
58.0,-0.2298259727837413,0.18550551235119306,1.0193505006794519,1.9477423473406519,washing,twin_tub
58.1,-0.12846207665109108,0.2236944262943044,1.0616363528386232,2.1840936719963286,washing,twin_tub
58.2,-0.12035708571839532,0.14641958796663557,1.0023535039233373,1.8724688937291414,washing,twin_tub
58.3,-0.006080909274645451,0.1559949044901013,0.9981500404238037,2.0469748410998525,washing,twin_tub
58.4,0.049418817134425176,0.15925179855608407,1.009270070682571,2.0101954956745436,washing,twin_tub
58.5,0.0762654254861547,0.07792819156001314,1.06097011074131,1.7664926071795874,washing,twin_tub
58.6,0.15937965396296844,-0.0009644018733539136,0.9692905671490033,1.8021454724497232,washing,twin_tub
58.7,0.20741836240765082,0.015030641209036754,1.0060962080018172,2.001786652437295,washing,twin_tub
58.8,0.21484641155997602,-0.023311013580747914,0.9760102773310707,2.2971799998030447,washing,twin_tub
58.9,0.1646359481770724,-0.10638478222154675,0.9835898583746502,2.086890471784822,washing,twin_tub
59.0,0.16351041717652598,-0.20461909343836684,0.9985122907635419,1.741154776228305,washing,twin_tub
59.1,0.07996330056256926,-0.15527915288602567,1.0404196972484068,1.5334267902320993,washing,twin_tub
59.2,-0.032766270204855674,-0.24470201099990604,1.0540297180206621,2.109958038950657,washing,twin_tub
59.3,-0.0738470804562301,-0.19059391622267308,1.013444264338801,1.9855679775607702,washing,twin_tub
59.4,-0.09608884399951133,-0.21759682369159372,0.9887021583092954,2.1711898954265556,washing,twin_tub
59.5,-0.1313967652355389,-0.20366076367341351,1.0747821659991557,1.8678923118932838,washing,twin_tub
59.6,-0.2364453421103292,-0.148323862136597,0.9871733655601144,2.052531874678779,washing,twin_tub
59.7,-0.208761403827919,-0.09741489881711618,0.9828659225692079,2.1269260194541793,washing,twin_tub
59.8,-0.0923618575837245,-0.061727669496007095,0.9467517086626382,1.9328804542690277,washing,twin_tub
59.9,-0.10537334206206936,0.027709961982403792,1.0418827470773424,1.9360871644653401,washing,twin_tub
60.0,-0.03967623399875154,0.04842131752122369,1.029047367771139,2.0037894246647587,washing,twin_tub
60.1,0.05903908661596666,0.13868459549700862,1.0725341660834933,2.0814014519840494,washing,twin_tub
60.2,0.1495162224699759,0.15762342405413968,0.9583142994334563,1.9978498993232134,washing,twin_tub
60.3,0.17789350929487058,0.15784156863236318,1.0437451242243734,2.146099450663923,washing,twin_tub
60.4,0.18008843707348637,0.1699928139618803,1.0021040655509839,1.9307097216099456,washing,twin_tub
60.5,0.16998492940729518,0.15018045671423128,1.024183006504004,1.8007407191805336,washing,twin_tub
60.6,0.13273253662277718,0.19814165633495376,0.9505666857668659,2.296546305216977,washing,twin_tub
60.7,0.06996544596057222,0.15548155342162162,1.044042454679959,1.909304939518633,washing,twin_tub
60.8,0.09351563303114727,0.060151285308689156,1.023595502539955,1.914733687442338,washing,twin_tub
60.9,-0.040812645297403555,0.07135170714710506,0.9988326989564135,1.9901295018391723,washing,twin_tub
61.0,-0.09095427882635035,0.010445242039498731,1.0193533806298336,2.010077166448097,washing,twin_tub
61.1,-0.1835379091439714,0.032204966659534685,0.9770351409687326,1.9419974536267577,washing,twin_tub
61.2,-0.2020361504613191,-0.11764726726139618,0.982616797432549,1.9973849154576486,washing,twin_tub
61.3,-0.2178640695868489,-0.156694313817371,0.9860966615912381,1.9940356652857738,washing,twin_tub
61.4,-0.2484168351479814,-0.11918941290911589,0.9444181641492917,2.026222899053121,washing,twin_tub
61.5,-0.158897328763931,-0.1402625157692849,1.025852754826101,1.6463768811519026,washing,twin_tub
61.6,-0.10405653783238508,-0.21926235506760994,1.035747808425477,2.2821314460511775,washing,twin_tub
61.7,-0.04242686662568591,-0.21818929651290195,0.9789596755070847,1.9779067529698164,washing,twin_tub
61.8,0.06048996559139467,-0.1692597096341775,1.0104460904783445,2.0870933929170477,washing,twin_tub
61.9,0.19385131893660534,-0.23308084405179735,0.9920337857611229,1.7932847987698963,washing,twin_tub
62.0,0.18887821822789883,-0.1833206084849077,1.009848218862431,1.9293499608126126,washing,twin_tub
62.1,0.23832225855528957,-0.09129711822417835,0.9811726827636691,1.8991526200519377,washing,twin_tub
62.2,0.19329488780022866,0.01396928394489786,0.9734972453173709,2.2204585646762816,washing,twin_tub
62.3,0.1603861859571954,0.007000440325236917,1.0315622465807124,1.9121279589746176,washing,twin_tub
62.4,0.04659800067779844,0.07431047949470472,0.9980838824462652,2.1137119980410137,washing,twin_tub
62.5,0.015718528625782085,0.15157072863541343,1.0606632685256043,1.9024369320990206,washing,twin_tub
62.6,-0.05176348351470697,0.2188990023117485,1.0013892989438242,1.9321071590519083,washing,twin_tub
62.7,-0.15420883995274856,0.16574278032973302,0.9722176587894852,1.963167475219897,washing,twin_tub
62.8,-0.16417919937471814,0.19722524723557977,1.0368082262930782,2.192576769024395,washing,twin_tub
62.9,-0.18261971292840912,0.2533839187442874,1.0189240049243806,1.716522101145482,washing,twin_tub
63.0,-0.20669788189293317,0.14028931892190843,1.0218061859108927,1.802650466708835,washing,twin_tub
63.1,-0.18778570152328877,0.19114082909079103,1.0357180203660377,1.7079042251465275,washing,twin_tub
63.2,-0.13187458477728936,0.09302245664722975,0.9804161111846261,1.8368746820357824,washing,twin_tub
63.3,-0.02247148045522235,0.08134890438054024,0.9961824007304414,1.878259992321184,washing,twin_tub
63.4,0.0595482734966489,0.02027948671492103,0.9948565050553662,1.7578278118864417,washing,twin_tub
63.5,0.09378127554475445,-0.053806994733894234,0.9612776038925315,1.8898778380077996,washing,twin_tub
63.6,0.1696631453401862,-0.10544887693410612,0.9920922954952527,1.6977928278599879,washing,twin_tub
63.7,0.21357356122989204,-0.1132936286113072,1.0400913837363048,1.847301691434848,washing,twin_tub
63.8,0.21500317158569737,-0.12893189988468454,1.0071201431138155,2.18006305998653,washing,twin_tub
63.9,0.21542198870408044,-0.1889075274625447,0.9596181601646504,2.0605382105421652,washing,twin_tub
64.0,0.155866475424437,-0.1963195455008989,0.953324817650052,2.0281201508258793,washing,twin_tub
64.1,0.019699234450272177,-0.1809570631505989,1.049943281762448,1.8495832165581327,washing,twin_tub
64.2,0.02544093957327914,-0.2131949326635638,0.997290429692346,1.7695872561432915,washing,twin_tub
64.3,-0.1122800299570135,-0.13506691117493694,0.9805776938289514,1.829126588669858,washing,twin_tub
64.4,-0.12275646418152311,-0.09500070369971396,0.9917802470530899,1.9935185259655976,washing,twin_tub
64.5,-0.1881717044774983,0.0044838784255746,0.95568076737048,2.1302265169590004,washing,twin_tub
64.6,-0.2119698270393634,-0.03385440269148508,1.0426928544853487,2.135355112570298,washing,twin_tub
64.7,-0.2351963162864507,0.01630266377410728,0.9882084118724191,2.0945918543724997,washing,twin_tub
64.8,-0.1420563564922316,0.10365026328994031,1.0410220458321526,1.8893664703898083,washing,twin_tub
64.9,-0.12040640759610469,0.1501113973255033,1.0015495514334194,2.0036824748605984,washing,twin_tub
65.0,0.029018977075280426,0.14575078427368635,1.0428859592370532,1.951798620494413,washing,twin_tub
65.1,0.11912869025111406,0.17477090818342023,1.0077008349712926,1.9698215354757875,washing,twin_tub
65.2,0.11300209150683647,0.21522412854280115,1.0255969798860722,2.305569184543972,washing,twin_tub
65.3,0.19002453276878095,0.17250966161953427,1.02157279138265,1.7356999644494582,washing,twin_tub
65.4,0.17784360002541477,0.16970517449655068,1.0186987319875591,1.964798477611661,washing,twin_tub
65.5,0.17135676135492722,0.15679043157621156,1.0104380343154813,2.1817623360794234,washing,twin_tub
65.6,0.17733748967112056,0.14539270122912362,0.9930144785165325,1.7801162757449693,washing,twin_tub
65.7,0.09519458696503949,0.05079062614951896,1.057463040747186,1.9034378862100625,washing,twin_tub
65.8,0.07725608797079733,-0.03770129455076495,0.972791890447123,1.9206442253648541,washing,twin_tub
65.9,-0.06420495179405632,-0.09250253582059881,1.0001292292702948,1.9665065416919023,washing,twin_tub
66.0,-0.08757696048426117,-0.12293825031419692,1.0004465762562278,1.7606064260590675,washing,twin_tub
66.1,-0.16594318271166938,-0.16880622385988636,1.0120732226003057,2.0892929090507057,washing,twin_tub
66.2,-0.1725841098534114,-0.16934484228428287,0.9871158206231649,2.0999430923769715,washing,twin_tub
66.3,-0.20987217986563692,-0.22426451178649953,1.0094423891676876,2.0762562987526922,washing,twin_tub
66.4,-0.1703523502269506,-0.22051442884675887,0.994934722443911,1.869443948856338,washing,twin_tub
66.5,-0.12102201683746436,-0.21968002669519973,0.9525414244768631,2.012976618618094,washing,twin_tub
66.6,-0.07481969087834288,-0.1930962861387147,1.0002865685877054,1.8650839640646368,washing,twin_tub
66.7,0.044929092750313336,-0.11117514620152752,0.9669830400090954,1.9501105008842732,washing,twin_tub
66.8,0.11585820498769228,-0.09151669561472418,0.947968427126533,2.3230201890756317,washing,twin_tub
66.9,0.17190928940232242,-0.06370483950316591,1.0041061996206815,2.0143543066394383,washing,twin_tub
67.0,0.23632027287656007,-0.02638889232328836,1.014636500260587,1.821871013601924,washing,twin_tub
67.1,0.24308568972274353,0.02694501640418841,1.0158009412631372,2.027050301099587,washing,twin_tub
67.2,0.169717069797729,0.09950903731656367,1.017015121210591,1.7972306110905036,washing,twin_tub
67.3,0.1481009907387671,0.15072744568741447,0.9420223293717817,1.8201484411227482,washing,twin_tub
67.4,0.05491688985919077,0.14027708282540907,0.9591694921627759,1.8438315296076815,washing,twin_tub
67.5,0.0007006594834401915,0.19130572592745637,1.0592056431044101,1.9333535821706476,washing,twin_tub
67.6,-0.09161739401050181,0.13879880426131266,0.9685837371976889,2.1405453493383804,washing,twin_tub
67.7,-0.08830731191165508,0.2018050382387571,1.0183252309341007,2.0867597297025258,washing,twin_tub
67.8,-0.1700544659829136,0.2004917670214714,0.9793918713500246,2.078449299237099,washing,twin_tub
67.9,-0.20614621952878665,0.13910056466521253,1.002390182178027,1.8351613151614186,washing,twin_tub
68.0,-0.15440274610333984,0.16166116888000426,0.9810023739317921,1.9188028466846527,washing,twin_tub
68.1,-0.21922111084901866,0.032971162892326565,1.0168462346385894,2.0408001660324784,washing,twin_tub
68.2,-0.15677381266630125,0.014061248993084913,1.0041032235195009,1.905752002191738,washing,twin_tub
68.3,-0.0011914870562689008,-0.04592889458985293,0.986551306790673,1.9582450339548352,washing,twin_tub
68.4,0.05155203087648897,-0.09714971645636533,0.9684948364095787,2.0662038038794925,washing,twin_tub
68.5,0.12507043946631802,-0.1403390862258801,1.0080332259247753,1.9476840978198047,washing,twin_tub
68.6,0.12907370200084595,-0.16698574545865322,0.9636184360287223,2.033908938365304,washing,twin_tub
68.7,0.19576043882022726,-0.16626559549956474,1.0128244312636252,2.238909268402935,washing,twin_tub
68.8,0.25656273245777894,-0.15860475076841754,1.078794547271107,1.9742211801519505,washing,twin_tub
68.9,0.19359157369427948,-0.19439385391805997,1.0405051015378604,2.176900671457881,washing,twin_tub
69.0,0.1226482468127813,-0.15080185384362552,1.0215504366068249,2.0839055100961037,washing,twin_tub
69.1,0.03656636012982189,-0.16511481336558478,0.9974317810677655,1.779913700976985,washing,twin_tub
69.2,-0.0369038322689418,-0.07990924317451581,0.9418374211898942,1.8346794456104714,washing,twin_tub
69.3,-0.1602266714963412,-0.07745013281827824,0.9603314081229944,1.8749606175395155,washing,twin_tub
69.4,-0.1463734359275201,0.030206590105967962,1.0384837856830813,1.8717747624600825,washing,twin_tub
69.5,-0.16484681000457488,0.11605720375476652,0.9763073175962567,1.9864565380839778,washing,twin_tub
69.6,-0.24687392550077292,0.0948829516705135,0.9790224370550786,2.0921966072122733,washing,twin_tub
69.7,-0.20080791726240788,0.07475368923554777,0.9950304857294794,2.1882737625057085,washing,twin_tub
69.8,-0.17163336015274497,0.15634249544121875,0.9681386122346034,2.0462262633087622,washing,twin_tub
69.9,-0.10258544638120079,0.23003258179533298,0.963196937963451,1.9331480665920184,washing,twin_tub
70.0,0.0016044488046526948,0.21659230361075735,0.9984857778165573,1.6876638134555189,washing,twin_tub
70.1,0.01109284588728092,0.20054373572690606,0.9732541163598389,2.0105884363126005,washing,twin_tub
70.2,0.15533753433645212,0.20304473411721108,0.9777694426066331,2.0038655290542486,washing,twin_tub
70.3,0.2035810625912126,0.15506359713722623,0.9765642692155898,2.0274393130308437,washing,twin_tub
70.4,0.1920722680445469,0.1350772239331936,1.0156708064150342,2.3159360446555,washing,twin_tub
70.5,0.11579004795949516,0.07732068773238367,0.9930362292851392,2.1860894819289607,washing,twin_tub
70.6,0.12421008977508513,0.04313780560543766,0.9946428409631843,2.117759137737498,washing,twin_tub
70.7,0.13333779284342415,-0.04382650458627618,1.0179083769192665,1.85568843048926,washing,twin_tub
70.8,-0.05827318170899427,-0.07573012471147997,0.9957388117530118,1.9230507876204885,washing,twin_tub
70.9,-0.06016367979877275,-0.15327561717015145,0.9916523869462848,1.9857733089607246,washing,twin_tub
71.0,-0.15295707381251233,-0.19330516035554232,1.014113510667105,1.883688931398447,washing,twin_tub
71.1,-0.1447284760528569,-0.14312331737036488,1.0200459353067288,2.075069678747768,washing,twin_tub
71.2,-0.21671086871004197,-0.19345069756697936,0.9955877950147419,2.0535363273823557,washing,twin_tub
71.3,-0.18433882952367045,-0.16755794082760578,1.0024182332686156,1.8367538310417961,washing,twin_tub
71.4,-0.15190177252533119,-0.1664866959265982,0.9765462931080001,2.179522506364419,washing,twin_tub
71.5,-0.062470275266596986,-0.1545048907133402,0.9741795087050642,2.015346550071329,washing,twin_tub
71.6,-0.05582623574323189,-0.09381129965559537,1.0230744250590043,1.7406393279886623,washing,twin_tub
71.7,0.03634797780153754,-0.001774331656847615,1.0133482618763388,1.9922985712482546,washing,twin_tub
71.8,0.05179907044651691,0.024195238762364898,1.0136589531524973,2.0421809683884358,washing,twin_tub
71.9,0.18981505545396676,0.008064121523486921,1.0084256304617656,2.145918854215361,washing,twin_tub
72.0,0.1673960378168893,0.10070802529851235,1.0013860982744487,1.9493785395310075,washing,twin_tub
72.1,0.18278272076302182,0.20097143725277683,1.020892356724683,2.124190740117081,washing,twin_tub
72.2,0.1802979766477274,0.17121338390720986,1.0280532628306835,2.0280712980155324,washing,twin_tub
72.3,0.09002289082554327,0.14143926396161272,1.0273368401557195,1.8027418086443632,washing,twin_tub
72.4,0.08048801140480674,0.2565388578838801,0.9969766625216204,1.787724983977623,washing,twin_tub
72.5,0.029023988187749733,0.21068307855341473,1.0416097818972652,2.1683839805224023,washing,twin_tub
72.6,-0.06483689583201567,0.16540522224404575,1.0068538204519697,2.1793976267572654,washing,twin_tub
72.7,-0.18457634811110138,0.12205984140438735,1.018971285776974,2.0484363845607083,washing,twin_tub
72.8,-0.1846796893230916,0.12214720111176416,1.0084626367250464,2.224356008177004,washing,twin_tub
72.9,-0.17734447859626953,0.023682494096098072,1.0074102012245252,2.158491477356241,washing,twin_tub
73.0,-0.24655096623800887,0.021889588829621318,0.9779274402924905,2.1025443094219582,washing,twin_tub
73.1,-0.18634562896968873,-0.04792286338971371,1.0210405251503447,1.8633032766899493,washing,twin_tub
73.2,-0.07005442669789834,-0.10403466553301512,1.0853588318472291,2.2597143126548516,washing,twin_tub
73.3,-0.016963783686945077,-0.1464848319871501,0.9887561477562975,2.080445214831241,washing,twin_tub
73.4,0.062097124896769024,-0.18513009141469688,1.0021298414627484,1.9421241838082568,washing,twin_tub
73.5,0.17334189468719327,-0.16508824653945936,0.9866138420695821,1.8997594992042053,washing,twin_tub
73.6,0.18292216845558767,-0.22539206501517814,0.985359402953142,2.0385175672270783,washing,twin_tub
73.7,0.21619409045873333,-0.2372558609834793,1.04633348434356,1.7493411372742318,washing,twin_tub
73.8,0.27777981596228873,-0.14627331583891576,0.9798108694681761,2.104950991302929,washing,twin_tub
73.9,0.16245144835768968,-0.11047404247187755,0.9857775857990092,1.856964377795896,washing,twin_tub
74.0,0.09362056754993876,-0.07074862373766178,0.9523752152880609,2.055591216323643,washing,twin_tub
74.1,0.06257186938038552,-0.02277276070651614,0.9772716482637326,1.921756949396276,washing,twin_tub
74.2,-0.011896915831197214,0.007954027960023893,0.9487480032113995,1.9603371930912945,washing,twin_tub
74.3,-0.11215219657872554,0.09255306576646367,1.0189541409763578,1.8864635190852403,washing,twin_tub
74.4,-0.18507455914180296,0.11414779688181564,1.0839909166551194,1.9758155853228798,washing,twin_tub
74.5,-0.12091597059632768,0.13948924173070004,0.9889996361904844,2.283406931902603,washing,twin_tub
74.6,-0.18980004157401356,0.17266445476933714,0.9499972620102929,2.207758944057296,washing,twin_tub
74.7,-0.20293397193526633,0.25795637980484826,1.026999989932892,2.0531718432493187,washing,twin_tub
74.8,-0.10943151211735136,0.14694092093489744,0.9781922512320953,1.9962058601652573,washing,twin_tub
74.9,-0.07689926508377938,0.2018594316201984,1.0389804079166063,2.1266301786039326,washing,twin_tub
75.0,-0.007586443389535133,0.11143008604627905,0.9915391285663017,2.1694955591161333,washing,twin_tub
75.1,0.09049309669436849,0.1222912721084538,0.9810455293275165,1.8755272426688707,washing,twin_tub
75.2,0.09815295313878834,0.06757246258810681,0.9946612733276294,1.9883841698551696,washing,twin_tub
75.3,0.19154422661071666,-0.03250573107623757,1.0227333028280856,1.726706265564788,washing,twin_tub
75.4,0.2569939899176068,-0.010900149261679858,0.9931773810773303,2.1684653165391343,washing,twin_tub
75.5,0.20419663312495123,-0.08502605240269638,0.9850982589161889,2.3097536386551285,washing,twin_tub
75.6,0.1428162854416539,-0.18255718688833977,0.9940350519106338,2.0120123936934626,washing,twin_tub
75.7,0.08113757640749736,-0.13207064370409408,0.9618443444649735,1.6812484812645476,washing,twin_tub
75.8,0.01275644751251117,-0.14099618413350395,1.0119109480688193,2.0913335774865547,washing,twin_tub
75.9,-0.057356857774399084,-0.1533885548704321,0.9463982021846526,1.864386625077638,washing,twin_tub
76.0,-0.12889124644124145,-0.18765424704335187,0.9866763563690345,1.900497583750331,washing,twin_tub
76.1,-0.1413762418681672,-0.183633697209578,1.0227815562649223,2.0939864584686507,washing,twin_tub
76.2,-0.24845372324200732,-0.11895338110269407,1.0090914484879816,2.038183118826909,washing,twin_tub
76.3,-0.170597448633374,-0.07111455197872077,1.0177096171895916,1.9267836836992098,washing,twin_tub
76.4,-0.18025618085468167,-0.04194875801809629,0.9980486298184357,1.9025591551097503,washing,twin_tub
76.5,-0.10624861688763308,-0.05331277477975624,1.0350923854295655,2.018875408283125,washing,twin_tub
76.6,-0.0835476147389982,0.03359840373337206,1.0277409759030938,1.9385801671231448,washing,twin_tub
76.7,0.06492557871834637,0.09146021769618388,1.0133842301274303,1.833614429959549,washing,twin_tub
76.8,0.1337197836254948,0.06928341355054454,1.0278263733194062,1.950115522778246,washing,twin_tub
76.9,0.18289036432765926,0.17439421676279668,1.0225127066321074,2.0509388934882775,washing,twin_tub
77.0,0.1447686599852236,0.25414505195703013,0.9868160945995933,1.973284479977055,washing,twin_tub
77.1,0.22447897781763587,0.21792034707802532,0.95968303264926,1.7879737102627722,washing,twin_tub
77.2,0.19311106312227566,0.24193274139083595,1.0126108637752786,2.1483596932063307,washing,twin_tub
77.3,0.08875128377176286,0.18853567642804667,1.0163826769249429,1.5891782844584998,washing,twin_tub
77.4,0.07289598902381561,0.1534959105938943,1.032714159734157,1.9330452267457348,washing,twin_tub
77.5,0.010936034670998856,0.12899519216092628,0.9719103617486412,1.9069702318169126,washing,twin_tub
77.6,-0.05694265232223845,0.04680757630312168,0.9728070682216851,2.022226831680712,washing,twin_tub
77.7,-0.1315915801772728,-0.008840912646787682,1.0137970079892331,2.0842492711704104,washing,twin_tub
77.8,-0.17222846798777974,0.005461703676112678,0.9978649903344075,2.1690147212391553,washing,twin_tub
77.9,-0.15539700391806127,-0.041704845912656975,0.9434271516828662,1.893139268997176,washing,twin_tub
78.0,-0.15343028596171174,-0.15721798741735338,1.0112532449126257,2.0879873506000224,washing,twin_tub
78.1,-0.24011429716864063,-0.13422788600681926,0.9444273125503314,2.029372758182219,washing,twin_tub
78.2,-0.1058738914654708,-0.19035557079895582,0.9716423034437988,1.7432690937225166,washing,twin_tub
78.3,-0.030006177539183766,-0.189032464593921,1.0405504411858033,2.2850810383151163,washing,twin_tub
78.4,-0.0028249797488387324,-0.18310630772278966,1.0547463705342135,1.78418373091397,washing,twin_tub
78.5,0.12038254220546202,-0.1511348964494763,0.9635303089458411,2.0629245908464573,washing,twin_tub
78.6,0.20632831827271897,-0.15000695614639437,0.9901182538776192,2.0584939916296623,washing,twin_tub
78.7,0.16386041435801996,-0.07114892996629536,1.0012786756923613,2.0413455173493618,washing,twin_tub
78.8,0.20654947830643436,-0.05728152371180378,1.053436807827447,1.9258134676757588,washing,twin_tub
78.9,0.14139088078151213,0.003660167068493137,0.9852139315652679,2.1240878976710755,washing,twin_tub
79.0,0.09739968974810458,0.012478385171025085,0.9856934793090016,1.7659448789085357,washing,twin_tub
79.1,0.09405978645807411,0.15218292365132768,1.0464617667538858,1.9901256816989115,washing,twin_tub
79.2,-0.04134338131621726,0.14541189884673988,0.9887563254184523,1.9154187985171311,washing,twin_tub
79.3,-0.08248436015001917,0.187509102599511,1.0216660512689937,1.8984053086899453,washing,twin_tub
79.4,-0.21023919203698618,0.14117408666260126,0.9556857110466271,2.0643121681180316,washing,twin_tub
79.5,-0.13434177641718312,0.17492428499328092,0.9948630176772302,2.1616217814079524,washing,twin_tub
79.6,-0.18152577229645936,0.23310752111441174,0.9502120948502079,1.94851163572447,washing,twin_tub
79.7,-0.18644040577271256,0.18737501837903278,0.9683369865713288,2.1171021634888665,washing,twin_tub
79.8,-0.1196430258857436,0.09177483703997266,1.0251760406545678,2.0074610998166897,washing,twin_tub
79.9,-0.1159194934053751,0.140427567216375,0.9985028382673986,1.8660901686142988,washing,twin_tub
80.0,0.03547592225257795,0.045489914744411664,0.9904268277834107,1.9613071860138405,washing,twin_tub
80.1,0.06390536727204461,0.05238837321225553,0.9775375112805724,1.9550771163812577,washing,twin_tub
80.2,0.13078733573428483,-0.04503649234251984,0.9933803178027615,1.895501013124183,washing,twin_tub
80.3,0.1662157420442387,-0.08577477154367813,1.0090333950130208,2.064272439298375,washing,twin_tub
80.4,0.18218580360328657,-0.09969792426645113,1.0294874861938528,2.035196928155714,washing,twin_tub
80.5,0.21105142160788287,-0.1957903742260418,0.9212455994770959,1.7614025452595874,washing,twin_tub
80.6,0.1617798540582855,-0.22075831318434563,0.9750471647721157,1.7522711007140963,washing,twin_tub
80.7,0.11590317906243221,-0.2057528471400611,1.0047728872656703,2.063702667980863,washing,twin_tub
80.8,0.02480280602829886,-0.1700901905686805,0.9970341065211314,1.8777070356808199,washing,twin_tub
80.9,-0.034341983100654214,-0.2163845628653972,1.0121012872758017,2.0453061732650486,washing,twin_tub
81.0,-0.13012251277624318,-0.19583476348095907,1.0080262085837965,2.1171397367163785,washing,twin_tub
81.1,-0.10197362985811692,-0.08032329818094694,0.9908539641101978,1.809357074389166,washing,twin_tub
81.2,-0.24349536263865246,-0.07509320187100889,0.9841944041203847,1.7882694118135722,washing,twin_tub
81.3,-0.1586293304388488,-0.016792799476281553,0.992634955307935,2.251164752359294,washing,twin_tub
81.4,-0.12782836157877656,-0.008404512653467255,1.0344622704946822,2.0527356174443687,washing,twin_tub
81.5,-0.14312181463746332,0.07598135538978043,0.9780397620128286,1.9371139014990093,washing,twin_tub
81.6,0.017140230883705393,0.13850364226362255,0.9981157983056813,1.8599089321030604,washing,twin_tub
81.7,0.05493135520122128,0.19941666696741636,1.0055002664199526,1.923433872663908,washing,twin_tub
81.8,0.12548490502502457,0.16926862933017553,1.0468105278962336,1.8214141495830034,washing,twin_tub
81.9,0.15494331416593238,0.24970549244773807,0.9909907522529106,2.1325118261135887,washing,twin_tub
82.0,0.18369451851247076,0.1731799515003326,1.0287641996803287,1.883487326959052,washing,twin_tub
82.1,0.19332308087446612,0.1535439968863516,1.0369593820979506,2.16403018823244,washing,twin_tub
82.2,0.19268132838278815,0.18842786199879083,0.9980873720502805,1.9399056620344983,washing,twin_tub
82.3,0.17894500943675792,0.10706844489807588,0.9936784306276971,1.8434974724574027,washing,twin_tub
82.4,0.07906433707277884,0.0356075593876353,0.9901283898385536,1.9360547617979298,washing,twin_tub
82.5,-0.02734330869411616,-0.004653993935412609,0.9923253059727225,1.6063749833747876,washing,twin_tub
82.6,-0.04889209866538739,-0.011576093931716276,1.0256271958173049,1.981884713498899,washing,twin_tub
82.7,-0.10927489879389356,-0.05673855573837892,1.0069302993176654,1.9744821213304762,washing,twin_tub
82.8,-0.1613256246397693,-0.16681093081996118,1.007058691275096,2.123711411982195,washing,twin_tub
82.9,-0.17724037848990457,-0.17530976523627495,0.9662432946886049,1.717054260802493,washing,twin_tub
83.0,-0.1983391471637651,-0.19101192739569825,0.9709752976787429,2.174279954129532,washing,twin_tub
83.1,-0.1819723235690767,-0.2295714121562612,1.0643034047433093,2.1230898942496483,washing,twin_tub
83.2,-0.12239653773956508,-0.19407608589671735,0.9946652282413393,2.1878065345547992,washing,twin_tub
83.3,-0.07413054416660253,-0.17134564542518393,0.9767568401326492,1.9920917935993794,washing,twin_tub
83.4,0.05684643577934737,-0.10452437679446248,1.042932974967679,2.1520845251154133,washing,twin_tub
83.5,0.11505358696169359,-0.06012798397101298,1.0084542564605066,1.7793133947639643,washing,twin_tub
83.6,0.1556659539645117,-0.057176081355518056,1.0173446475059356,2.10695713478068,washing,twin_tub
83.7,0.10778888541538528,-0.0013925752271616723,0.995858587741554,1.8843255856850083,washing,twin_tub
83.8,0.1590379260549134,0.07693262155565789,0.9904398072826959,1.7522897251365595,washing,twin_tub
83.9,0.20249080464250108,0.08747927252444151,0.9949124088250813,1.8313789222753458,washing,twin_tub
84.0,0.09761827045660221,0.16345293003640116,0.9585178548910412,2.0008296707943907,washing,twin_tub
84.1,0.06055572776267982,0.1738210506659111,0.9973621777174031,1.8763551187673595,washing,twin_tub
84.2,-0.06678720961211863,0.1658234172251562,1.0088809923112785,2.05641102975437,washing,twin_tub
84.3,-0.05318957034956459,0.17115279314172863,1.0555138970153126,1.7287643667493975,washing,twin_tub
84.4,-0.15842347835679949,0.2343846698302619,1.0025799719501565,1.6809353684576207,washing,twin_tub
84.5,-0.18151009136452473,0.16417294072610553,0.9299746887336908,2.2058581151215364,washing,twin_tub
84.6,-0.12983195192920427,0.18427718444115757,0.9971804370164613,2.135570019410215,washing,twin_tub
84.7,-0.13547220747552086,0.07650688430285091,1.0821851239932492,1.8426054746129288,washing,twin_tub
84.8,-0.14610638982435337,0.05113757801836381,1.0259909870495512,1.999550053479419,washing,twin_tub
84.9,-0.09142151608304247,0.0617314380545921,0.9756733316857423,2.1529260590301984,washing,twin_tub
85.0,-0.009766350345589285,-0.09352500121488186,1.0177331954329167,2.0628800912435907,washing,twin_tub
85.1,0.08892185799122684,-0.16621330434384027,0.9777395972533078,2.0222334644275217,washing,twin_tub
85.2,0.13375269715821064,-0.11059052514621653,0.9593857744135943,2.1642731121968897,washing,twin_tub
85.3,0.1691080861430984,-0.20357255799204219,0.9895489191029778,1.890393128719817,washing,twin_tub
85.4,0.24362078320692562,-0.19659220140003592,1.002745793177166,2.0046767672996944,washing,twin_tub
85.5,0.186785006505696,-0.21718289199920213,0.9438353349269981,1.9973227042561412,washing,twin_tub
85.6,0.22309032134628298,-0.18137477757029136,0.9655252212838409,1.9590856928493436,washing,twin_tub
85.7,0.09907301173290757,-0.19463526605473608,1.0003100668954708,1.9415291732868871,washing,twin_tub
85.8,0.0786261985396094,-0.13671535378709362,0.9877548047203314,2.0109302356742735,washing,twin_tub
85.9,-0.03901839475165482,-0.07392869353349088,1.0118443381343827,2.005161124397829,washing,twin_tub
86.0,-0.08866823326100734,-0.06772552950538055,0.9635599501807431,1.842735853619821,washing,twin_tub
86.1,-0.1906039166459312,-0.005937159783794185,1.021423412456599,2.120269386485067,washing,twin_tub
86.2,-0.22207022682336064,0.05614242389664115,0.9644872270881941,1.8535422188350612,washing,twin_tub
86.3,-0.182666271495289,0.07058932679855653,1.0492820290581288,1.9672649833179239,washing,twin_tub
86.4,-0.13920898782644095,0.13981167271832828,0.9485272514686505,1.9557079290919923,washing,twin_tub
86.5,-0.1163493553984829,0.18452930669028847,0.9672233718884976,2.053715541898882,washing,twin_tub
86.6,-0.08832977748548626,0.1849263986581869,1.0125211240909548,1.6821344089674,washing,twin_tub
86.7,-0.015741104275819633,0.19108542704068313,1.0499269975449292,2.1336364722394188,washing,twin_tub
86.8,0.05353664275475361,0.18714972140357922,1.0094512910834852,1.8984514478581753,washing,twin_tub
86.9,0.10107398516697724,0.1435955462704685,1.0168857376054716,2.1829944942165582,washing,twin_tub
87.0,0.1934958640424432,0.14821667492574717,1.0005261070501918,1.9282752613225769,washing,twin_tub
87.1,0.2333566633368956,0.12595445994271526,0.9692080463765442,1.9926734621398985,washing,twin_tub
87.2,0.18056293688545905,0.018596021273115076,0.9852958495528186,2.2870679060102637,washing,twin_tub
87.3,0.06909697846560664,-0.005516396025908086,0.9636427084005617,1.9583992686809497,washing,twin_tub
87.4,0.06790209672689596,-0.07847089040568966,0.9616387009666939,2.185827482701019,washing,twin_tub
87.5,-0.004883969898974098,-0.10659243010733348,1.0120524675795923,2.005856762834684,washing,twin_tub
87.6,-0.01074494803016686,-0.10871907437730483,0.9663046605373612,2.0623128245440236,washing,twin_tub
87.7,-0.18062355857332285,-0.16778844823363834,1.0095866202017008,2.010493788411706,washing,twin_tub
87.8,-0.1926857385711781,-0.2509327851118721,0.9609453174333671,2.1271777439450186,washing,twin_tub
87.9,-0.1484297652693174,-0.18510239316059332,1.0088914906035027,1.8971702580720422,washing,twin_tub
88.0,-0.17671195301863665,-0.148969384878382,0.9853395229311112,1.852392721547122,washing,twin_tub
88.1,-0.13720325634966757,-0.16696128207412272,1.0421984660095194,1.9042135714434467,washing,twin_tub
88.2,-0.09291320170962672,-0.09370287843453459,1.009711566867372,2.0149565564486136,washing,twin_tub
88.3,-0.015168340553150406,-0.09897819960200373,1.0370734867898241,1.9668771821674507,washing,twin_tub
88.4,0.07306626334133445,-0.07212423292259164,0.9773305985072442,2.1065412314706764,washing,twin_tub
88.5,0.09327246089171173,0.02930171727783675,1.001684300207325,2.195709754973228,washing,twin_tub
88.6,0.19520734246764507,0.023261517481965997,0.9705673852565116,1.8536242494147488,washing,twin_tub
88.7,0.15526735963917088,0.11439292915210773,0.9875918427176674,1.88990768125791,washing,twin_tub
88.8,0.20630848933068385,0.1974033476089302,0.9921368733176611,1.784564087253072,washing,twin_tub
88.9,0.17422781399899065,0.12772255419450343,0.9782242533793858,2.3045559486138654,washing,twin_tub
89.0,0.09906825781273419,0.16003803638547776,0.9635349142346291,2.045700424868274,washing,twin_tub
89.1,0.04905741917321219,0.16713131778448415,0.9575944802904204,2.0719703480077367,washing,twin_tub
89.2,-0.04374285129283163,0.182146773681845,0.9298075565287781,1.7989687422453429,washing,twin_tub
89.3,-0.12850177462619247,0.14628618285794176,0.9683096060948962,1.9998245016489689,washing,twin_tub
89.4,-0.16471109080356755,0.16155508806238883,1.0188248169001553,2.076387197661963,washing,twin_tub
89.5,-0.2233309623201784,0.10225536040969108,0.9520450440396016,1.9620863464198361,washing,twin_tub
89.6,-0.1899214217628571,0.037429465356761005,0.9589563146124008,2.161355843723959,washing,twin_tub
89.7,-0.21546797531777453,-0.025676208393831945,1.0537269571369874,2.3467746688464244,washing,twin_tub
89.8,-0.11555011049601122,-0.0687843938331833,0.9809051185045524,1.8579405759359071,washing,twin_tub
89.9,-0.10906928257480303,-0.15139774291753616,1.009631380274945,1.8466869131034955,washing,twin_tub
90.0,-0.016988847467429406,-0.13608708826828944,1.0192695143950148,1.8683365901707134,washing,twin_tub
90.1,0.05488680829047394,-0.22022711612209678,1.0198757838934385,2.2409298740024735,washing,twin_tub
90.2,0.1766638230519808,-0.17392889357919247,0.9543305730817582,2.156353297554453,washing,twin_tub
90.3,0.19087410886170206,-0.16175291377800916,0.9930682096030153,1.9796708273309527,washing,twin_tub
90.4,0.1932533316093228,-0.1756952560743561,0.9514531819144483,2.0054839496601313,washing,twin_tub
90.5,0.20517288649112328,-0.15938904032402126,1.0733895357673098,1.8775184560704918,washing,twin_tub
90.6,0.09088687813527378,-0.10350524343517015,0.952153742079532,2.1335040736614777,washing,twin_tub
90.7,0.09505672713111156,-0.15477413573792254,0.9685647934339054,1.943014726383717,washing,twin_tub
90.8,0.08499207204700636,-0.008502492755591173,0.9687819743547549,1.9609885190817502,washing,twin_tub
90.9,-0.045767582240891926,0.03160399185985846,0.9551001856983136,2.0913184657293886,washing,twin_tub
91.0,-0.11551965538340941,0.0836370149213008,1.0405778172926963,1.9718007592875169,washing,twin_tub
91.1,-0.1524217337111358,0.1506071677008189,1.0726734370325048,1.964755100975323,washing,twin_tub
91.2,-0.16958929284630764,0.16246345187874225,0.9857275264206214,2.001586280829361,washing,twin_tub
91.3,-0.2563814509324347,0.1543919014790367,0.9603873055946677,2.1193033120689613,washing,twin_tub
91.4,-0.21933537955413512,0.195189699927361,0.9328922350382194,2.246973961322575,washing,twin_tub
91.5,-0.11124831172590907,0.19848411466816293,0.9926767384443369,2.0878229348369124,washing,twin_tub
91.6,-0.07118427428990215,0.18332906766070647,0.9905090373051567,2.12049713354364,washing,twin_tub
91.7,0.06442740457945603,0.15570785716577684,0.9804611162091956,1.9700218906848312,washing,twin_tub
91.8,0.08689550312377778,0.14255619464520083,1.006641257619287,1.8938303205246925,washing,twin_tub
91.9,0.09606672648376778,0.031607685370416035,1.0118551942844647,2.098097934835267,washing,twin_tub
92.0,0.15217088575371016,0.01782911759081419,1.009692497738137,2.0256861236900856,washing,twin_tub
92.1,1.2778089306878988,1.1594497604468348,0.9905162538409454,1.7866057026875377,washing,twin_tub
92.2,1.3346355099658753,1.0189788774650375,0.9669513451127721,1.9507895564861604,washing,twin_tub
92.3,1.291951762958969,1.0328808925277169,1.0199749929342015,1.987565446477767,washing,twin_tub
92.4,1.2215848948346382,0.9756269025235427,1.0003754127826459,1.9234313199457282,washing,twin_tub
92.5,0.03236637117089784,-0.20133261479322265,1.0266507257450395,2.222260339181319,washing,twin_tub
92.6,-0.037669315441433066,-0.2268916164176359,1.0237022664841668,2.0719758555353325,washing,twin_tub
92.7,-0.14202107388642252,-0.20054014618465246,0.9573471379285865,2.205976237683297,washing,twin_tub
92.8,-0.24500622051750723,-0.12238962132990357,0.9569733337762719,2.039513789247824,washing,twin_tub
92.9,-0.18108689827088648,-0.18543553430695509,0.9773337784377841,2.0122081754637615,washing,twin_tub
93.0,-0.17355049640377282,-0.1422536590701658,0.9683120377512799,1.8595103273584626,washing,twin_tub
93.1,-0.14482090145045295,-0.09846635342031573,1.022657553279283,2.001789429979485,washing,twin_tub
93.2,-0.06690634234110099,0.04428451206485047,1.0105392902796375,2.001958088851316,washing,twin_tub
93.3,-0.06001148960670109,0.0309839610242303,1.0329755198135593,1.794932917394865,washing,twin_tub
93.4,0.11000063901853102,0.09337161462263806,1.0118946045223276,1.9190708795344407,washing,twin_tub
93.5,0.08877421786423742,0.12482593295254649,1.006259487456201,1.9515076102225457,washing,twin_tub
93.6,0.19134227291642383,0.14186621000684174,1.0359918934103252,2.062021931608358,washing,twin_tub
93.7,0.14583701931333626,0.1846498384050411,1.0140918201920515,2.069202516797856,washing,twin_tub
93.8,0.16854950952763648,0.2736841460287567,1.0020430289031315,1.9128022277052192,washing,twin_tub
93.9,0.21435664450216174,0.23608847421216284,1.0444135910179206,2.0703304403812828,washing,twin_tub
94.0,0.1097300557684732,0.14967320147500623,1.0034554264945836,1.9726881605977225,washing,twin_tub
94.1,0.07493565558695604,0.1634890280694357,0.9908697818524623,1.5695569962717566,washing,twin_tub
94.2,-0.017957985051286096,0.07794222357631132,0.9748653022366706,1.9272946952072687,washing,twin_tub
94.3,-0.09949947950034398,0.0012993579380817175,1.0210907637713624,2.1618482960213568,washing,twin_tub
94.4,-0.11318713880717651,0.033098535506614686,1.037111516255274,1.747729136505848,washing,twin_tub
94.5,-0.19731106799858858,-0.014935192033663024,0.9984823779569971,2.016903680062331,washing,twin_tub
94.6,-0.2530274889125587,-0.06716390077821845,1.0392374687133952,2.237789182127793,washing,twin_tub
94.7,-0.20506261325175545,-0.15462595143635333,0.9408995490408527,1.885908057048428,washing,twin_tub
94.8,-0.12037366932469307,-0.1777879554586231,0.9983363987557625,2.000322362064153,washing,twin_tub
94.9,-0.061759637346054067,-0.17058336115691172,0.998797152636867,1.8043975614158119,washing,twin_tub
95.0,-0.04701174750706393,-0.1882551188795568,0.9781901688277795,2.244084671249536,washing,twin_tub
95.1,0.051894634954681836,-0.20488545190556795,1.0715158311394561,1.987500105950508,washing,twin_tub
95.2,0.11945778070966706,-0.22135683804211362,0.9980142210193371,2.0069940264191026,washing,twin_tub
95.3,0.17000132266977688,-0.13711373813551303,0.987768076851867,2.2031450698258435,washing,twin_tub
95.4,0.15832793802760797,-0.06617517913257595,1.0007788634030053,2.0992217591968223,washing,twin_tub
95.5,0.1713601700154477,-0.08566562610399862,0.9399155878442251,1.8686556901254892,washing,twin_tub
95.6,0.13224433399737962,0.02167598942693924,0.9772039622396526,1.9029083113869025,washing,twin_tub
95.7,0.11949673261319774,0.06453663795747479,1.0294971990833621,2.0742396956784948,washing,twin_tub
95.8,0.049340286042572346,0.12539235465326876,0.9811316393520167,1.906381841740559,washing,twin_tub
95.9,-0.05411229117563507,0.17022106996914826,0.9751337451159918,1.682413503181921,washing,twin_tub
96.0,-0.1293182443346194,0.15442737875101167,1.039285769095432,1.9920138802041383,washing,twin_tub
96.1,-0.16466785573922743,0.14581756457798575,1.040207632028555,1.7779681008312787,washing,twin_tub
96.2,-0.22095470336940495,0.18393125208617375,1.0155097141648342,2.242442263034559,washing,twin_tub
96.3,-0.23086241261076243,0.21837817732928727,0.98634647997884,2.0265181456644727,washing,twin_tub
96.4,-0.19707222136817057,0.15393877925315771,0.9928158680465103,1.8642237414884637,washing,twin_tub
96.5,-0.13660144537763844,0.11608812147001184,0.9758755011527512,1.895205137800632,washing,twin_tub
96.6,-0.0846421914267465,0.039500276175333096,0.9701568064291407,1.716590361818912,washing,twin_tub
96.7,0.029928433484743305,0.09743357882640702,0.968667505350747,1.8350807169829244,washing,twin_tub
96.8,0.11824220503385431,0.017233372708776923,0.9814583677964438,2.152448480381105,washing,twin_tub
96.9,0.10648969953121307,-0.03631143687716337,0.9689583702794576,2.334767921823859,washing,twin_tub
97.0,0.19096516459551058,-0.07813359739241295,0.9530888464437055,2.1089594769798437,washing,twin_tub
97.1,0.19300727182766494,-0.1302013726253259,1.006582080092617,1.9861936192068457,washing,twin_tub
97.2,0.1912106710593063,-0.18495715541809452,1.007037867426803,1.9352060936519124,washing,twin_tub
97.3,0.13652125814263266,-0.20036654783730423,1.0510237827528495,1.8565256279635456,washing,twin_tub
97.4,0.03001693213898641,-0.21257432225896747,0.9799498489493589,2.308964884900961,washing,twin_tub
97.5,-0.037871678965707714,-0.11116908062658265,1.008883017688698,1.9716876947203437,washing,twin_tub
97.6,-0.07274220326938323,-0.15082824706944636,1.009381377378244,2.3173444745093756,washing,twin_tub
97.7,-0.10604599359337276,-0.14711638672739652,0.992384873166234,2.209027926441509,washing,twin_tub
97.8,-0.24739103162449097,-0.07571173999302354,1.0223300076624904,1.738880535298059,washing,twin_tub
97.9,-0.18923354829160674,-0.07026806363857319,1.0232568756055214,1.9001071406361063,washing,twin_tub
98.0,-0.15452264310040129,0.05769330546353533,1.0098223328559262,1.8996432313739267,washing,twin_tub
98.1,-0.1586934248413487,0.04435664908722199,0.9923308088485662,1.988023045384139,washing,twin_tub
98.2,-0.0798446599395526,0.12640768627630974,0.989274096743364,1.990952862032937,washing,twin_tub
98.3,-0.04615871913979423,0.18282960503951212,0.9589673830360882,2.4494358643097214,washing,twin_tub
98.4,0.04615699145466903,0.19142410663942389,0.9758224666414692,1.8384158188287862,washing,twin_tub
98.5,0.06892964490924763,0.1992915499003265,0.9813397742829494,2.0343454903496583,washing,twin_tub
98.6,0.09853528584783115,0.199755842597804,0.9662808471271169,2.0924761613701706,washing,twin_tub
98.7,0.22474042418249687,0.18690487427195973,1.0131977190006298,1.9997641993296205,washing,twin_tub
98.8,0.16690760231400503,0.14740556485786155,1.0358988360696102,2.0165270866672036,washing,twin_tub
98.9,0.1551997497502996,0.11592668942080071,0.9727581270301255,1.843278665854012,washing,twin_tub
99.0,0.07596378286039415,0.12954356952254778,1.008503243072339,2.015972929190402,washing,twin_tub
99.1,0.0074388863404573555,0.03174851281450241,0.9689766658141087,2.0767098494261558,washing,twin_tub
99.2,-0.030281777715700415,-0.04114412739162805,0.9908523348718251,2.0491400876406693,washing,twin_tub
99.3,-0.11823805064440679,-0.08441751254074337,0.9792901126246667,2.0855301355868137,washing,twin_tub
99.4,-0.14276351861531525,-0.08250342026353533,1.0180568694581933,2.2118911850954346,washing,twin_tub
99.5,-0.17663515068964333,-0.13383444956022117,0.9796363547847347,2.1405449812871513,washing,twin_tub
99.6,-0.18997985629591652,-0.16521131879002912,1.0303498124111994,2.0106941920246157,washing,twin_tub
99.7,-0.17380738676535165,-0.20506282480886712,0.992628376790134,1.8242362472175082,washing,twin_tub
99.8,-0.08957637503778845,-0.1817893292910726,0.9805118887121551,1.9099992087933322,washing,twin_tub
99.9,-0.10565272360827735,-0.20617262223984179,0.9624008421296452,1.9670553272123876,washing,twin_tub
100.0,-0.001648045986089884,-0.1695918198153637,1.0075961353088605,2.037851874701217,washing,twin_tub
100.1,0.10760560515251408,-0.0964441376363949,1.0268565520667854,1.9282500857750908,washing,twin_tub
100.2,0.1748456154658827,-0.05435295677516033,1.0081996376961062,1.8596400201223473,washing,twin_tub
100.3,0.1383125010128658,-0.059502413202677046,1.0671649499924327,1.8217701966319495,washing,twin_tub
100.4,0.19023468243597835,-0.0030945166125643277,1.0428936235741126,1.7523233361416704,washing,twin_tub
100.5,0.2309549361350504,0.07688597512133298,0.9907741670584895,1.9647573944338146,washing,twin_tub
100.6,0.16934502171113117,0.17136496785158792,0.9904591769857879,1.7795501836894543,washing,twin_tub
100.7,0.1022086257647347,0.09979073149325192,1.0140909015845605,1.8499211473763912,washing,twin_tub
100.8,0.01853610590982689,0.19239635766028718,0.9748594245872294,1.9409147190733547,washing,twin_tub
100.9,-0.06125200520420143,0.15681098519213565,1.0349886491959746,1.799612403591285,washing,twin_tub
101.0,-0.10891047856578641,0.1793930104571296,1.0108480156553075,2.0569628282748047,washing,twin_tub
101.1,-0.1764368088499345,0.1740825888249663,1.007693767325756,2.1110334595408533,washing,twin_tub
101.2,-0.19773480877707073,0.1461828294264611,1.0206086100331244,1.9175859470336902,washing,twin_tub
101.3,-0.1940994889622884,0.10557218134915183,1.0516848965010717,1.9344459038584998,washing,twin_tub
101.4,-0.18920773095520488,0.0761720309156507,1.005128660565625,2.0806144655208616,washing,twin_tub
101.5,-0.10159316924205283,0.009008979713944668,0.9966087888738585,1.8929007354147982,washing,twin_tub
101.6,0.7443516524741857,0.6352305107721594,1.0452615886996774,1.8825899132604058,washing,twin_tub
101.7,0.6784193379877762,0.6517836454629503,1.029026512479734,2.1794747717279437,washing,twin_tub
101.8,0.8127334010007441,0.6056765328511033,0.9903706047884884,2.132628160806918,washing,twin_tub
101.9,0.8379592363512951,0.5716441227812095,1.0001555934597706,2.090232500351588,washing,twin_tub
102.0,0.2075333805846066,-0.23217733206557098,1.0058614274781639,2.138846693209114,washing,twin_tub
102.1,0.20100206988549024,-0.18975471752647705,1.0108543883381496,1.7034081911948955,washing,twin_tub
102.2,0.20382105371447679,-0.17745098327337552,0.9593020044718266,2.203075332018966,washing,twin_tub
102.3,0.17217461848100488,-0.21398429657737297,0.9537254617659532,2.0588093174875612,washing,twin_tub
102.4,0.07939754406998223,-0.15541726286794139,0.9733782993399264,2.1516172076008604,washing,twin_tub
102.5,0.033961568652422794,-0.12104504981780785,0.9710578467096598,2.0580742668674543,washing,twin_tub
102.6,-0.14395384735059127,-0.016017855985606566,0.980685279580825,2.0073387237020235,washing,twin_tub
102.7,-0.08919585224825621,0.03766253814013341,1.0190413192627001,1.9587036181456918,washing,twin_tub
102.8,-0.16971354593643,-0.01740325876093754,0.9949321253102579,2.055071656532931,washing,twin_tub
102.9,-0.16727004501329926,0.15769292637049756,1.0058918381503057,1.9532378136643171,washing,twin_tub
103.0,-0.2268075756042767,0.1000280263151377,0.9632708976987322,2.130181415009767,washing,twin_tub
103.1,-0.17902574500332338,0.1926880489732548,0.9861507339123716,1.76203150331717,washing,twin_tub
103.2,-0.09197258599600397,0.21686171095668522,1.0176177298523452,1.9187636207308583,washing,twin_tub
103.3,-0.02557778339298562,0.16935601502338024,1.017848573745304,2.306723487271497,washing,twin_tub
103.4,0.0582300350732735,0.2117109007210145,0.9782627851543627,1.9060879304641412,washing,twin_tub
103.5,0.1500925052863899,0.17773939816522386,1.0048498715913865,1.9641974415404784,washing,twin_tub
103.6,0.11590897564131106,0.169118402341269,1.0659654356044699,1.8676128599974886,washing,twin_tub
103.7,0.2256720222972576,0.12037395889677202,0.9994720621223309,2.0503768509328735,washing,twin_tub
103.8,0.19670590744447639,0.10245409346570875,0.9792043916157266,1.8895602664786708,washing,twin_tub
103.9,0.16275212926666693,0.017327347399968846,0.9947871283191352,1.9721583597789425,washing,twin_tub
104.0,0.07342359342695452,-0.04251248499992643,1.002765313225805,2.1273299804052606,washing,twin_tub
104.1,0.06482943748428109,-0.05454122633846743,0.9954649485792835,1.8951854871777776,washing,twin_tub
104.2,-0.09748988224379147,-0.11390527220483293,0.999059358979705,2.118291667889783,washing,twin_tub
104.3,-0.07689891448317465,-0.1441647780095315,0.9566965960918948,2.1233343973340535,washing,twin_tub
104.4,-0.19886582361935218,-0.20935726116670728,0.9711210857474215,2.158243414207894,washing,twin_tub
104.5,-0.18860756588050637,-0.23096322912760853,0.9955199428878551,2.021081149237706,washing,twin_tub
104.6,-0.2031804108054924,-0.213002674774432,0.995041960899327,2.486188861546518,washing,twin_tub
104.7,-0.1458792660743891,-0.1973929264006722,0.9830143217542,2.158180054481312,washing,twin_tub
104.8,-0.1422690762561546,-0.1256022510252491,0.9946895924177069,2.048731643661024,washing,twin_tub
104.9,-0.09444906737130221,-0.07999934783803396,1.001830445662426,1.8686113378877398,washing,twin_tub
105.0,-0.015198080879140008,-0.06645730756096518,1.0266824036957358,1.9854411311188789,washing,twin_tub
105.1,0.11181139359956485,0.03287870692876524,0.9970236479432185,2.213949046535005,washing,twin_tub
105.2,0.15299833026116727,0.08345550379736294,1.0119730961589477,2.2564301923439403,washing,twin_tub
105.3,0.16939651104750747,0.09921793961631038,0.9837519909569824,2.2217493650660343,washing,twin_tub
105.4,0.19251195308671892,0.11040980847790952,1.0171628717079544,2.117778846009443,washing,twin_tub
105.5,0.14319599054146964,0.2161268845834652,1.0112719089283706,1.8116509690556641,washing,twin_tub
105.6,0.16575687458070643,0.18914238841847525,1.0259745100953945,2.0730742726738507,washing,twin_tub
105.7,0.04355626358947893,0.20364285042104688,1.0214038138733346,1.8137896432920504,washing,twin_tub
105.8,0.047620540687931825,0.18471722378912003,1.0176620686864344,1.7768793209928861,washing,twin_tub
105.9,-0.04587932965822958,0.14976453549807645,0.9970474777402666,2.0358738026865857,washing,twin_tub
106.0,-0.0459484964712772,0.10173454257482728,1.0073481768113342,2.0784799170904624,washing,twin_tub
106.1,-0.20186965171212834,0.12402097569898402,1.0319052678535459,2.1355065647721205,washing,twin_tub
106.2,-0.1995373128769561,0.03350182087709998,0.9804377629179162,2.0745704360579142,washing,twin_tub
106.3,-0.1425088191180458,0.09681195595857757,0.981147766639094,2.079737897861412,washing,twin_tub
106.4,-0.1331238958916583,-0.0798820068831178,1.005442941938511,1.8523021122511436,washing,twin_tub
106.5,-0.13844341200589425,-0.13407220906978118,1.0124583907079636,1.9842534972973,washing,twin_tub
106.6,-0.04301895458177798,-0.12342649969414986,0.9752768050220799,1.7739324821548268,washing,twin_tub
106.7,0.02512662740531785,-0.12562592686971086,0.9977571230976008,1.6994946305899707,washing,twin_tub
106.8,0.10480941084216505,-0.19046784460891966,0.9971800367731365,2.1110964064764612,washing,twin_tub
106.9,0.13314223547561344,-0.18281693623514494,0.9335415965318958,1.8870313409313562,washing,twin_tub
107.0,0.18753169117800655,-0.24902305474948927,0.9934121803222372,2.130874775321458,washing,twin_tub
107.1,0.15166377442735307,-0.19436209730465973,0.995280465014546,2.166252136682006,washing,twin_tub
107.2,0.185019114049246,-0.17451560731598767,0.9951912117153094,1.9071024013065203,washing,twin_tub
107.3,0.1504100413883976,-0.1575760158255946,1.0424774282373181,2.088546664183295,washing,twin_tub
107.4,0.06680232815762173,-0.048658894237265805,0.9635260510447338,1.9008264907079537,washing,twin_tub
107.5,-0.04845152671754461,-0.067284828648318,0.9752613228638616,1.7231181688059765,washing,twin_tub
107.6,-0.04396895465138563,0.012502422275349298,0.9216341260504199,2.0184964106663688,washing,twin_tub
107.7,-0.1259736700459517,0.084608826506747,0.9855725000147758,1.9293689180426359,washing,twin_tub
107.8,-0.20274586342422887,0.11736856036331736,0.98813069337622,1.9339866484119304,washing,twin_tub
107.9,-0.20802335909079656,0.18592900600011664,0.9847006847099723,2.296301467676829,washing,twin_tub
108.0,-0.23523138534248667,0.2028840379827999,1.0332303201845128,1.7711214525900991,washing,twin_tub
108.1,-0.18486495238850145,0.2267981712188271,1.025818525670109,2.057430670305721,washing,twin_tub
108.2,-0.11248507521105279,0.21497704629859782,1.0023357017280192,1.8507789144282873,washing,twin_tub
108.3,0.011785977655541253,0.20572971491957331,0.9888816083938041,2.1362392113900985,washing,twin_tub
108.4,0.030552875706348032,0.13867310916229275,1.030785690043206,2.04476468542626,washing,twin_tub
108.5,0.13676346023835242,0.10545474184484893,0.9994072642049244,2.056901652377092,washing,twin_tub
108.6,0.15271609901455438,0.06264521046232335,0.9754518988324463,1.858266557359661,washing,twin_tub
108.7,0.20389587697129424,-0.0007763181669321016,0.9485125396754635,1.8851618130067516,washing,twin_tub
108.8,0.1922155850814248,-0.06891968179150122,0.9867605651831295,2.139087576101883,washing,twin_tub
108.9,0.19505728310318649,-0.11500820202244999,1.0226393085151781,2.2656196582591344,washing,twin_tub
109.0,0.10151271031193657,-0.17032047743417816,1.0682961606862926,2.072046172583628,washing,twin_tub
109.1,0.0025621299329034383,-0.16380974038969276,1.0018483103856843,1.865386891884285,washing,twin_tub
109.2,-0.0665251176537678,-0.19772582977986952,0.9770393345463909,2.0508407783693103,washing,twin_tub
109.3,-0.11230705963861737,-0.2197531070472212,0.9644510437514736,2.364120806650641,washing,twin_tub
109.4,-0.19157444767550302,-0.21084025352906655,1.0165586468891679,2.015363421607837,washing,twin_tub
109.5,-0.1779049427886436,-0.205177546933888,0.947061518428472,2.2192761289090397,washing,twin_tub
109.6,-0.21357839063139725,-0.1057013213870963,1.0165103530421467,1.8889505951241932,washing,twin_tub
109.7,-0.10972721399241336,-0.08955744203834945,1.0245313481878873,1.993687092254542,washing,twin_tub
109.8,-0.189040859039853,-0.06828542257161137,1.013088383596986,2.0929347809188314,washing,twin_tub
109.9,-0.06751591517563965,0.03430529612401022,0.9934101498418433,2.0595992462394297,washing,twin_tub
110.0,-0.03383859070517556,0.04498993458115249,1.0169482196064044,1.885041697983326,washing,twin_tub
110.1,0.0588228703254537,0.06708385053648491,1.005128151133849,1.87857238143041,washing,twin_tub
110.2,0.14115200538595565,0.17982489776140767,0.9766562847441822,2.1482426604653986,washing,twin_tub
110.3,0.11120426924697303,0.16265537514326667,1.0555123696712507,2.1787326218975216,washing,twin_tub
110.4,0.20671012918929507,0.18370403777058528,0.9894496186116846,2.226821533718288,washing,twin_tub
110.5,0.24729852712725506,0.2008407462961299,1.0232725690134972,2.27058957248793,washing,twin_tub
110.6,0.1404994996041034,0.2236973376826542,0.9274415715191285,2.0201929154483893,washing,twin_tub
110.7,0.10414497052450955,0.16672029856515308,1.0382941264834278,1.953320113365261,washing,twin_tub
110.8,0.05581429750663168,0.09534363736624168,1.0440629123396374,2.2026486408167703,washing,twin_tub
110.9,-0.05465658243378694,0.10373946345355213,1.000895013613799,2.106960392277738,washing,twin_tub
111.0,-0.1349858561144381,0.02292657118929519,1.0167631310421328,1.8526317111998614,washing,twin_tub
111.1,-0.23713767721205087,0.04157235804030697,1.016755455448227,1.8449546501721632,washing,twin_tub
111.2,-0.17722772856388763,-0.06659750056452862,0.9807164929107782,2.073789530203446,washing,twin_tub
111.3,-0.19985250243760488,-0.1805048547623097,1.0164136691631802,1.9734088007774,washing,twin_tub
111.4,-0.19924610064204645,-0.14176755303761693,0.9757410859038234,1.9960355067888953,washing,twin_tub
111.5,-0.11375914915016773,-0.12262747672539465,0.9817372922906402,2.160880004706529,washing,twin_tub
111.6,-0.06724838813716837,-0.14963525824947707,1.033808294296369,2.1138555717477554,washing,twin_tub
111.7,0.009213862779397904,-0.14429809316593786,1.0292397307210062,2.1994809872627648,washing,twin_tub
111.8,0.1145394695036002,-0.21833957709222063,0.9788087349365262,1.710269584043995,washing,twin_tub
111.9,0.11395117621544198,-0.13590327826413445,0.9779927096949688,2.03800968758318,washing,twin_tub
112.0,0.22163076184124442,-0.1491446341418421,0.9806321019262698,2.104203278359581,washing,twin_tub
112.1,0.1576747607921025,-0.07614643421615408,1.0219791869939647,1.7710121214968475,washing,twin_tub
112.2,0.1610843682425463,-0.0707160059011703,0.9700004565756881,1.9017656538035042,washing,twin_tub
112.3,0.19459780700774107,0.0007386700237523511,1.0107013791710786,1.8739272256506623,washing,twin_tub
112.4,0.1074455533862018,0.05099497482174198,1.022405404319029,2.003254725658987,washing,twin_tub
112.5,0.0029281197748637928,0.14451370886277187,0.997352636491207,2.2441780953041097,washing,twin_tub
112.6,-0.10184081700196454,0.17971403396348867,1.030301910905948,2.303388410699735,washing,twin_tub
112.7,-0.15278759038673143,0.19135282640410603,0.9908706949153062,1.8778568670390077,washing,twin_tub
112.8,-0.17876715105563282,0.15721770640592103,0.9935843319701826,2.078983587574036,washing,twin_tub
112.9,-0.1984796487154666,0.18937307908551046,0.9706826130660443,2.083819677821347,washing,twin_tub
113.0,-0.1929374311478109,0.1635718026893704,1.0305153204286062,2.058143865727212,washing,twin_tub
113.1,-0.15502762397769085,0.18640366967501765,0.9770043865906339,2.059846945210885,washing,twin_tub
113.2,-0.1027819881114934,0.15891746820258493,1.0104931545314517,2.0455613753676993,washing,twin_tub
113.3,-0.06832600878206523,0.10996630094837166,0.997860517986222,2.253135518120963,washing,twin_tub
113.4,0.0342426551681458,0.004901475554418257,0.9684165081066501,2.165369977155209,washing,twin_tub
113.5,0.14499577207809378,-0.10725264038153648,0.9817269056853004,1.84097691536026,washing,twin_tub
113.6,0.12781555617386742,-0.12896467604825723,1.041486167171222,2.1193581621320825,washing,twin_tub
113.7,0.1907707847995594,-0.0789372501964539,1.0060497262790344,2.133856006176718,washing,twin_tub
113.8,0.17186483228261384,-0.1708357279091565,0.9697254897589948,2.0472450930727684,washing,twin_tub
113.9,0.1722060979823484,-0.2075371799148431,1.0091598486204607,2.1697136555754093,washing,twin_tub
114.0,0.10589805502649002,-0.1491431314598084,0.9956165790521636,2.0282111051448557,washing,twin_tub
114.1,0.09405978738221826,-0.16013748677468165,1.1036213920673255,2.0300701581614375,washing,twin_tub
114.2,-0.009869152087149644,-0.18331290781558235,1.0085537152402682,2.0181860817015567,washing,twin_tub
114.3,-0.13570482979365958,-0.1660597791592436,0.988581254588009,1.6972633871300498,washing,twin_tub
114.4,-0.13396580820674947,-0.12354403299589982,1.042600837533613,1.987940240914119,washing,twin_tub
114.5,-0.21345085894689156,-0.066810026585316,0.9447689149812146,1.8997624138318143,washing,twin_tub
114.6,-0.21691523682698102,0.025430141464879714,1.002829604691433,1.8220328032711164,washing,twin_tub
114.7,-0.17155083988998848,0.04271914055126548,1.059832854840432,2.215102742710928,washing,twin_tub
114.8,-0.15166184377764425,0.10236215813390254,0.9965140214692074,2.0756311277801687,washing,twin_tub
114.9,-0.04683923604724649,0.16061637553024463,0.9480009686605576,1.9955253378583178,washing,twin_tub
115.0,-0.02323530184540892,0.12671311884425204,0.9881224610676821,1.915279497334636,washing,twin_tub
115.1,0.0550565139591917,0.2095116452655421,1.043635541228771,2.044425437694311,washing,twin_tub
115.2,0.11721829437929494,0.19015314075641163,1.0112820878896231,2.148715413997627,washing,twin_tub
115.3,0.1639962480425498,0.121854332968392,0.9748343167146245,1.8759551234679588,washing,twin_tub
115.4,0.23258109235208851,0.11817610787742663,0.9794427157846293,1.9992757441585085,washing,twin_tub
115.5,0.20907519206733957,0.12355912020959767,0.9832089918655056,2.1302099748276757,washing,twin_tub
115.6,0.20540096717552433,0.13145123754223764,1.01083593652162,1.7095998306373805,washing,twin_tub
115.7,0.16438006093732327,0.07234257159511638,1.0401458839881597,1.9913645356391894,washing,twin_tub
115.8,-0.0058548642450989355,0.0231012405254304,1.031572690383975,1.9356062944178691,washing,twin_tub
115.9,-0.04762540361315686,0.023523692685547895,1.0136803654632738,1.9799255213367448,washing,twin_tub
116.0,-0.15284305995779535,-0.12322854675880507,0.9600506571982755,1.9247557165442146,washing,twin_tub
116.1,-0.19219376293284549,-0.1302341929393916,0.9601620245801967,2.0206436907810943,washing,twin_tub
116.2,-0.21535992545340876,-0.15557345384126972,1.0159975606364129,2.2885440830634076,washing,twin_tub
116.3,-0.22817209636988645,-0.21068630067472158,0.9596358670620132,1.9514116289107173,washing,twin_tub
116.4,-0.2004222032873548,-0.19858197769963457,0.9932329893679419,2.043756651364116,washing,twin_tub
116.5,-0.12188558181410745,-0.24445593016826958,1.0091245133855853,2.2992119627613667,washing,twin_tub
116.6,-0.08623952998456565,-0.13758386379502519,0.9658721801391194,1.9174976632441167,washing,twin_tub
116.7,0.050330455486991096,-0.17129871272313396,0.9692721299692341,2.2722013023393455,washing,twin_tub
116.8,0.06881812869781215,-0.050433118354289,0.9971763680629654,2.000798450994066,washing,twin_tub
116.9,0.23838971765804806,-0.06516295167896931,1.0151095086257216,2.267284433879739,washing,twin_tub
117.0,0.1766697697300993,0.01828350305611267,1.0318455631124126,2.112530168741948,washing,twin_tub
117.1,0.20176587494316625,0.03834291003313923,1.0182116030431165,2.0460662543873633,washing,twin_tub
117.2,0.14210517495922384,0.0887543282501871,1.0022096978497659,1.990155397717012,washing,twin_tub
117.3,0.18809217392957406,0.11568149349018157,0.9776141573932885,1.9063937840181184,washing,twin_tub
117.4,0.10720993096101808,0.17107932588941874,0.9678727901246644,2.011368732494653,washing,twin_tub
117.5,0.00890747612208553,0.199751264091451,0.9846736873501256,2.1346042188530037,washing,twin_tub
117.6,-0.11402898700031355,0.17621963605374755,1.012298067549417,1.9980332853504994,washing,twin_tub
117.7,-0.13058941485399486,0.19170229223784377,1.0100987111988202,1.9525065792407212,washing,twin_tub
117.8,-0.2146083418737207,0.1593243237809972,0.9370029404282463,1.962382619873334,washing,twin_tub
117.9,-0.1557346877814536,0.21649254556007985,0.9764296891519749,2.148871492037458,washing,twin_tub
118.0,-0.1659354613034373,0.10447343589845703,1.0361352265481847,2.183774218264978,washing,twin_tub
118.1,-0.15123947740052698,0.10576528086630718,1.0023764514341242,1.8999274229347445,washing,twin_tub
118.2,-0.16944200471776102,0.0016693666097560341,0.9574897326069104,1.8997118213828765,washing,twin_tub
118.3,-0.05456912607263731,-0.03707552294382186,1.0706746354479446,2.056903837950067,washing,twin_tub
118.4,0.07037081138096543,-0.1337817085824215,0.999131748030557,2.229129809713588,washing,twin_tub
118.5,0.15394356121019098,-0.1503215989417739,1.0115300187794023,2.171898546246884,washing,twin_tub
118.6,0.20214067944516403,-0.1638828562352572,1.011985742681354,1.8122221681730133,washing,twin_tub
118.7,0.1486970600784938,-0.14412424287467823,0.9889721360151944,1.9603886045012207,washing,twin_tub
118.8,0.20550401935012658,-0.1932773545263716,0.9781727895453581,1.8604094667965732,washing,twin_tub
118.9,0.19933104159488768,-0.15281473574714383,1.0636502495519782,1.9598731217127112,washing,twin_tub
119.0,0.06780698349102848,-0.15603946270268673,1.0300961760885325,2.240661499405303,washing,twin_tub
119.1,0.0495008419717826,-0.09523976479364835,1.0246581160332604,1.7866099026825475,washing,twin_tub
119.2,-0.016851374763602017,-0.10465917327545898,1.0172886757515462,1.7571702060079715,washing,twin_tub
119.3,-0.10537367236574392,0.017116294216085973,0.9699004782891495,1.8757168769849597,washing,twin_tub
119.4,-0.2096675042171955,-0.01707509406409361,1.0383259057522083,2.043096590386399,washing,twin_tub
119.5,-0.19998224656124103,0.026744122407034162,0.9747060202596475,2.0931132230961134,washing,twin_tub
119.6,-0.20942450859330586,0.06224388281897469,1.0084986039445194,2.06561726522923,washing,twin_tub
119.7,-0.18540758262963544,0.21046073410651245,0.950818302836063,2.1763528104846523,washing,twin_tub
119.8,-0.1538135639484934,0.19736811061710055,0.9387742344805744,1.7355371608649106,washing,twin_tub
119.9,-0.08691527513418063,0.18305270576524474,1.0095487360795934,2.1782504807538405,washing,twin_tub
120.0,-0.0011911884704179606,0.23747068090620485,0.9757270219841527,1.9531857019930563,washing,twin_tub
120.1,0.08689854868602248,0.21370709332019,0.9403249728610819,2.10972414647073,washing,twin_tub
120.2,0.12777661830003703,0.23176850757983627,1.0162182850884123,1.8014861859855194,washing,twin_tub
120.3,0.16867594264216024,0.09409500897757997,1.0636024231315238,2.0007435045513606,washing,twin_tub
120.4,0.20237596683328848,0.0905846650602266,1.0416868077574017,2.035440615588352,washing,twin_tub
120.5,0.13258382548217554,0.03586233591468896,0.9922804634420298,2.1733626556247625,washing,twin_tub
120.6,0.16841370237195694,-0.061723688268918164,1.0002653592009083,1.7622118066088353,washing,twin_tub
120.7,0.09633384190665825,-0.022780570960067893,1.0266311877035175,2.004612882280236,washing,twin_tub
120.8,0.02625745251078839,-0.1109998034303997,1.0336638405950471,1.8372147063286786,washing,twin_tub
120.9,-0.02091594820514009,-0.12187286882798525,0.9896939284352291,2.0758244066312415,washing,twin_tub
121.0,-0.17614151635993852,-0.10446817797888124,1.0010253314717372,2.116582480468419,washing,twin_tub
121.1,-0.22808060119616552,-0.20492365733775972,1.0090184442029362,2.193075536376213,washing,twin_tub
121.2,-0.18824333478603275,-0.21257142733637463,1.016616289608365,1.9197455818537439,washing,twin_tub
121.3,-0.19667095579959404,-0.18814443271175713,0.996007706739662,2.1390839728533186,washing,twin_tub
121.4,-0.16376027680464528,-0.14058147576943744,0.9963974426479377,2.204135238121558,washing,twin_tub
121.5,-0.13142086271367442,-0.1539108119450496,1.0413949698926317,1.75351295452168,washing,twin_tub
121.6,-0.029807367205777015,-0.11306963434703599,1.0362856210732865,2.0918517380147676,washing,twin_tub
121.7,0.05304581200259416,-0.013138474082637672,1.0143223172030826,2.1437766880670157,washing,twin_tub
121.8,0.11087020363888202,0.018897216249117957,1.0515732721006879,1.9611910420418843,washing,twin_tub
121.9,0.14627779480301784,-0.0019335315747435605,0.9884066271332075,1.8183839633712338,washing,twin_tub
122.0,0.1269806216305986,0.07040360501172407,1.0486892034588815,2.1414433634164496,washing,twin_tub
122.1,0.22268243192676865,0.1925396993864444,1.0162754633060664,1.8200736758663365,washing,twin_tub
122.2,0.21761727047973337,0.1896851382550705,1.0981307836664378,1.9732472848233646,washing,twin_tub
122.3,0.15624617354525716,0.17258774678252076,0.9642255421965257,1.9939813913295006,washing,twin_tub
122.4,0.04723563771590686,0.19463510160415398,0.9793196424334798,2.1073307077556,washing,twin_tub
122.5,0.020213831810036456,0.1906084034430827,1.0125639348460165,1.9060052660731202,washing,twin_tub
122.6,-0.04780901929808177,0.18957760881684066,1.0119170215893698,1.8973124466758218,washing,twin_tub
122.7,-0.09014493375176805,0.09245447164108545,1.0585041695252506,2.0148373218144666,washing,twin_tub
122.8,-0.20724870822004113,0.064448169057898,0.979948759501014,2.1509585716429624,washing,twin_tub
122.9,-0.2063989832219785,0.04813066874878513,1.0271475555608165,2.3431175000979723,washing,twin_tub
123.0,-0.16779314172472934,-0.015553141320716554,1.03487389014046,1.7738778200331837,washing,twin_tub
123.1,-0.15238034641201534,-0.04703294648233508,1.0211394349666194,2.0473013026679867,washing,twin_tub
123.2,-0.12987056288188098,-0.14826034521842388,0.9711701097422704,1.8370197460648563,washing,twin_tub
123.3,-0.012628158162066864,-0.14013641585907485,1.042232764157626,2.1528216864810115,washing,twin_tub
123.4,0.06709782644742274,-0.14713354173194756,1.0368797479394625,1.859218317903615,washing,twin_tub
123.5,0.12019593734842508,-0.18185289373125887,1.0179875355937114,1.8988027672726515,washing,twin_tub
123.6,0.17545313291579762,-0.19525842785927575,1.0061304306162686,1.9116093711404005,washing,twin_tub
123.7,0.18869627309516523,-0.1914746152555539,1.006783240301331,1.9885701591920295,washing,twin_tub
123.8,0.24080581821722152,-0.18975205410883805,0.9976379262328187,2.0484796395288063,washing,twin_tub
123.9,0.14184481958902032,-0.131571150087081,1.0192235540275794,2.072555209041277,washing,twin_tub
124.0,0.09993742757558373,-0.04736468272660738,1.0009340455883493,1.9991348680725824,washing,twin_tub
124.1,0.05006754283880699,-0.038575466993071864,0.9745442507394207,1.8005163466339127,washing,twin_tub
124.2,0.0013019741181613496,-0.009123880370301582,0.9685422506551722,2.1091679225465283,washing,twin_tub
124.3,-0.1412719299231766,0.05416117197193671,0.9774389123904312,1.9920562004505458,washing,twin_tub
124.4,-0.1934115510481216,0.12154004960273007,1.0066639672764837,2.1742602185022046,washing,twin_tub
124.5,-0.2513431584910702,0.1428972286397266,0.9991913249069437,1.8938391830780095,washing,twin_tub
124.6,-0.19862448892805637,0.19658029262889112,1.0064603137986625,1.7596587908973509,washing,twin_tub
124.7,-0.2145145850093998,0.21302250166404427,1.0150243940063832,1.9948960995975387,washing,twin_tub
124.8,-0.14844592448627997,0.2256596988084004,0.9811803722224937,2.19439290324264,washing,twin_tub
124.9,-0.05378356484018683,0.22957257265927528,1.0439698050503605,2.0241413204924075,washing,twin_tub
125.0,-0.01924628162348422,0.19167916060616116,0.9919686751885758,1.9700495301240715,washing,twin_tub
125.1,0.08056337121923061,0.09751110033370833,0.9869971904565548,1.869447947351385,washing,twin_tub
125.2,0.1279292839531842,0.053475253745449106,1.0144715871199737,2.2636649700021234,washing,twin_tub
125.3,0.20112883994609274,0.02777197353036926,0.9449046939287478,1.8455596107672831,washing,twin_tub
125.4,0.2138591877060949,-0.03610653769188122,0.9762839665083124,1.891190861355764,washing,twin_tub
125.5,0.16945329237379317,-0.10777471234575914,1.029432183960755,2.0855051294126032,washing,twin_tub
125.6,0.14904309595315063,-0.13283175043668347,0.9478773421281367,1.7215968965169814,washing,twin_tub
125.7,0.12766303675196322,-0.17149307443588951,1.0335272259079946,2.191188599807201,washing,twin_tub
125.8,0.036867952820486,-0.2042018016660083,1.045334096990774,2.093628967132603,washing,twin_tub
125.9,-0.09164683916550642,-0.20756596972398025,0.9889163398652876,2.1348846607716663,washing,twin_tub
126.0,-0.09788850862334833,-0.16306941475334674,1.0087543830227892,2.083717551792448,washing,twin_tub
126.1,-0.20140390377348905,-0.17903830012941632,1.033572612545531,1.9758314723815444,washing,twin_tub
126.2,-0.1540820580469079,-0.08464380744790365,0.9859963243586944,1.8405276934766865,washing,twin_tub
126.3,-0.1657344849505081,-0.11647081395833846,1.0260332656157853,1.9789886838162558,washing,twin_tub
126.4,-0.16016902082285206,-0.08465779232248222,0.9798655361460799,1.8537145532371049,washing,twin_tub
126.5,-0.11284006515540734,-0.02494266023321584,0.9856719312000046,2.0729232965114575,washing,twin_tub
126.6,-0.05600894511379908,0.035252817490225366,0.9760199060702508,2.1210169745822154,washing,twin_tub
126.7,0.04542236525485985,0.09133235208256806,1.0102794159758441,2.2215212946797314,washing,twin_tub
126.8,0.08522738973647298,0.18587326239382795,1.0347390715769664,2.0557651460829294,washing,twin_tub
126.9,0.16116974467435838,0.13495378302485,0.9944766120364851,2.138686303489278,washing,twin_tub
127.0,0.21636933425461372,0.21172667892298064,0.9618625252026279,1.9554282894154786,washing,twin_tub
127.1,0.18275114937988723,0.20495478003242404,0.9675187953313955,1.9282584292987708,washing,twin_tub
127.2,0.16247962829348542,0.15059741667046556,1.0118379826411161,2.0710507836225203,washing,twin_tub
127.3,0.10107845676400512,0.20616919798702824,1.055323492401828,1.9420290690924638,washing,twin_tub
127.4,0.041690728153148345,0.1937211671375223,1.011811749979432,2.0403778683241485,washing,twin_tub
127.5,-0.05485185934323977,0.09184175834517842,0.9883931034804624,1.840821171599687,washing,twin_tub
127.6,-0.05173004686645778,0.07101435970590579,1.0229855190055086,1.8677558476285547,washing,twin_tub
127.7,-0.08264198492325633,-0.03168828488998752,0.9928150409323976,2.0953113951527436,washing,twin_tub
127.8,-0.13820554218909256,-0.07029162682949877,0.9886514434790739,2.1330035113109145,washing,twin_tub
127.9,-0.24838788034444975,-0.05143422887013531,0.9712462268291421,1.852151574654998,washing,twin_tub
128.0,-0.16846566311234393,-0.14147729312996057,1.0422534653273907,2.100592146575963,washing,twin_tub
128.1,-0.11143945805745437,-0.19653193939157332,0.9238237624751301,1.9200896490447088,washing,twin_tub
128.2,-0.11005503424250403,-0.18086296059702045,1.023935776008378,2.0024757764300465,washing,twin_tub
128.3,-0.022023223793368026,-0.21489909477156416,0.9860876518660739,2.212541662368597,washing,twin_tub
128.4,-0.010498814091162878,-0.21103751663910658,0.9876897780564516,2.1211230851034424,washing,twin_tub
128.5,0.12555913549779302,-0.1587856297229586,1.0507694546835344,2.119380798203329,washing,twin_tub
128.6,0.1369587932173569,-0.18734050297032756,0.9785760672339985,2.286318553768545,washing,twin_tub
128.7,0.2024465006830823,-0.14061474620581277,0.9795979253791477,1.8944180988425303,washing,twin_tub
128.8,0.1496213624800715,-0.061941509140135104,0.9960881728324141,1.8521187537511181,washing,twin_tub
128.9,0.18515133183472934,0.014016932616859375,1.0124154215743673,1.8916816594657113,washing,twin_tub
129.0,0.14829243072129905,0.07462107196183278,0.9867443265312139,1.9618248419890076,washing,twin_tub
129.1,0.02624258158152771,0.06747130171932411,0.9527842320839235,1.6468174078562159,washing,twin_tub
129.2,-0.0591743241551769,0.1594384601581806,0.974029054573547,1.9688857644954785,washing,twin_tub
129.3,-0.16103142609683857,0.14259491103504598,1.0384400156939355,1.9183143902157633,washing,twin_tub
129.4,-0.16209505457741274,0.2442059414061516,1.0022433036740654,2.11756396510967,washing,twin_tub
129.5,-0.20765912128747635,0.16559221492306175,1.0135326185111146,2.052862906851506,washing,twin_tub
129.6,-0.24613592805609621,0.2358253748006028,0.9921573637848089,1.9098955058345994,washing,twin_tub
129.7,-0.167374847803839,0.15907370162569273,0.9802150691148019,2.0884941268044357,washing,twin_tub
129.8,-0.15040853264168308,0.20958562272868198,1.0503270834962624,2.1084894589735654,washing,twin_tub
129.9,-0.10589698929629648,0.12701849121243464,0.9943542442884675,1.8847181315312884,washing,twin_tub
130.0,-0.016637172169213805,0.03132290299274633,0.9866989036141862,1.9260463616926373,washing,twin_tub
130.1,0.10576404670481669,-0.005618290750310071,1.0328842709906603,1.6661955219353026,washing,twin_tub
130.2,0.15499752949839143,-0.01896598582769144,0.9783291892339785,1.8364010038446072,washing,twin_tub
130.3,0.17706462864824912,-0.06033663959582755,0.9821581796867801,1.8886295659364634,washing,twin_tub
130.4,0.21817849623960012,-0.13718802937593894,1.000307400520507,2.0111249264909032,washing,twin_tub
130.5,0.15538394456742977,-0.1675258366714951,1.0000081031226453,1.8581925980960277,washing,twin_tub
130.6,0.15507375157697612,-0.1682223179700022,1.0077883404370964,1.9229822019426337,washing,twin_tub
130.7,0.10077040473493393,-0.19590394171779327,1.0627500726818646,1.8162003977626102,washing,twin_tub
130.8,0.010971551457902838,-0.2337105203374683,1.0100874473905712,2.0256670847796907,washing,twin_tub
130.9,-0.03667422735424843,-0.20084746602619769,0.928658381117476,2.063857189187736,washing,twin_tub
131.0,-0.1409700540978221,-0.13874012718973983,1.0097889683029468,2.060354802262973,washing,twin_tub
131.1,-0.15357096386711752,-0.0685704534973344,1.001136399834688,2.001854169785789,washing,twin_tub
131.2,-0.17990168699979903,-0.008524379769136968,1.0013035007305437,1.7688390505247908,washing,twin_tub
131.3,-0.2839722465666511,0.018359863534465153,1.007378419281885,1.9070069504160723,washing,twin_tub
131.4,-0.13315641399510142,0.055918522235829014,0.999139651369756,1.9389039991522274,washing,twin_tub
131.5,-0.20898602741907701,0.11881515139981455,0.9984216372083383,1.9395057030619063,washing,twin_tub
131.6,-0.06821944819966175,0.11872813565634759,1.0183913262931237,2.0112471826984755,washing,twin_tub
131.7,0.0558270877405901,0.16690840243098048,0.983737576084165,2.213831205855653,washing,twin_tub
131.8,0.08683213306276025,0.1676816126770289,0.9715694099308247,2.12181443190269,washing,twin_tub
131.9,0.1101170690810743,0.1625219305195319,1.0907134435786716,1.8518723330226958,washing,twin_tub
132.0,0.1573991914075296,0.20372310257481407,0.9785242766865629,2.101760431294495,washing,twin_tub
132.1,0.2304125180752736,0.17960215013145456,1.0030042873738023,2.0960453551498603,washing,twin_tub
132.2,0.12332027457674291,0.16293670997712692,0.955130192473739,1.8790898790572652,washing,twin_tub
132.3,0.17077915421460055,0.11710799525393141,1.0034940524515426,2.127329888395316,washing,twin_tub
132.4,0.0719718475656663,0.05944762939769808,0.9720032334793199,1.9759435046082106,washing,twin_tub
132.5,-0.03577185991326614,0.016698499970337115,0.9867258117144997,1.7885069764978332,washing,twin_tub
132.6,-0.0911183627060135,-0.053448794144797244,1.0313519399731337,2.0682804086955713,washing,twin_tub
132.7,-0.16742615141878756,-0.08833789847047771,1.0141602870513422,2.032544273542179,washing,twin_tub
132.8,-0.1549786544674452,-0.16409146752244058,1.0170522857372446,1.9658483556221258,washing,twin_tub
132.9,-0.17763251139276898,-0.16294557316472802,0.9468638548482441,1.9943820372525052,washing,twin_tub
133.0,-0.24178613727531184,-0.17366410166714527,1.0551068550948703,1.8921371781667307,washing,twin_tub
133.1,-0.16621041211074208,-0.22007465168292947,0.9642435606717438,2.0915195755695666,washing,twin_tub
133.2,-0.1222463046906738,-0.19085057134743355,1.045856824428816,1.993482404823661,washing,twin_tub
133.3,0.013738652340910044,-0.19021340652761848,1.0306463159794446,2.0249673265922343,washing,twin_tub
133.4,0.009235003889183087,-0.15452586205804358,1.0173199822535404,2.053571288664331,washing,twin_tub
133.5,0.1656839235990429,-0.13009861547341328,0.9743504565727485,1.8268121578360512,washing,twin_tub
133.6,0.16786674291488946,-0.009326551649761816,1.0045476953445858,1.865857546717692,washing,twin_tub
133.7,0.16159941795433394,0.03699657433025882,0.9858723576806542,1.6685083310575686,washing,twin_tub
133.8,0.1761392246254599,0.07312686812080932,1.0008711871451588,2.084711338773561,washing,twin_tub
133.9,0.1448170198773488,0.16420080455057146,0.9925038322274332,1.818168496437985,washing,twin_tub
134.0,0.07931849839803448,0.1401163545872237,0.9388416848028277,2.019885456484348,washing,twin_tub
134.1,0.052582783224884515,0.2674111177403068,1.0336535245295377,2.055648233740933,washing,twin_tub
134.2,-0.06190411323361761,0.1880794920964183,0.9975667853035192,2.090352925833878,washing,twin_tub
134.3,-0.1617617210824834,0.20751369508079873,0.9854559880149328,1.819397462924591,washing,twin_tub
134.4,-0.1654929426806016,0.17903957153112418,0.983190183015107,1.9902257572788964,washing,twin_tub
134.5,-0.24429698915156772,0.1800353519022134,1.010753787291003,2.2505420631181625,washing,twin_tub
134.6,-0.2221701717276803,0.16013500946079945,0.9731873098511659,2.2571472019976473,washing,twin_tub
134.7,-0.2082384971513055,0.08849848033271039,0.9323447332457787,2.148098464104043,washing,twin_tub
134.8,-0.1630459033465192,0.0957030173979528,1.0122138940962482,2.050623970822826,washing,twin_tub
134.9,-0.013596017489225808,-0.0028743850969517185,1.0155730899387045,1.8492340416731934,washing,twin_tub
135.0,0.0016923470150851639,-0.05368883729167788,0.994011045259671,2.1077932438086577,washing,twin_tub
135.1,0.08098604080678673,-0.13654880018225407,0.9655629137442997,1.9762968156879739,washing,twin_tub
135.2,0.08361747229546479,-0.13663325684831848,1.0026680662266785,2.084079241290927,washing,twin_tub
135.3,0.16134651648409548,-0.18278910145453112,0.9560640289505924,1.9050734817721824,washing,twin_tub
135.4,0.2060644245838998,-0.2142182023569676,0.9691830820993702,1.9740600330740106,washing,twin_tub
135.5,0.15947543587164226,-0.22289957793010584,0.9774790619048752,2.024622104011464,washing,twin_tub
135.6,0.18134453386070576,-0.1092667596062538,1.0253181721267466,2.0369417137240786,washing,twin_tub
135.7,0.060269837243310274,-0.17402349734453468,0.9891216714868925,2.074058407169037,washing,twin_tub
135.8,0.01647566263691093,-0.17502671377403647,0.9865640076467062,1.913120752321265,washing,twin_tub
135.9,-0.06731952663223621,-0.10836979712216883,1.0586407754623375,1.7985073321834695,washing,twin_tub
136.0,-0.11262743067702981,-0.03902329810144429,1.0105738749156614,2.243717755984969,washing,twin_tub
136.1,-0.188080287256063,0.031465372084071755,1.0101698353142448,2.373388125353504,washing,twin_tub
136.2,-0.2045842589578656,0.0832078045563515,0.9889089776437368,2.067113106680357,washing,twin_tub
136.3,-0.203541352899079,0.1337522263786363,0.9821088499708966,1.8014011857904835,washing,twin_tub
136.4,-0.1908972178221387,0.13314269300317105,0.9344078067994854,1.8840207324735685,washing,twin_tub
136.5,-0.1030042344035823,0.19117862379824796,1.0290622159577067,2.0763676353576455,washing,twin_tub
136.6,-0.04258632618785675,0.17063108298252147,1.0134492911726913,2.201167341752193,washing,twin_tub
136.7,0.02240822835526088,0.18063743233821497,0.9946250202035976,1.8180664048187216,washing,twin_tub
136.8,0.0834369848164833,0.1602155022957689,0.9958831989449123,1.9813500768726648,washing,twin_tub
136.9,0.17799896947075947,0.12761618450548962,1.0220843278678315,2.029389809666595,washing,twin_tub
137.0,0.1831362759446038,0.15941108261548523,0.9533586978076044,2.1296867676928812,washing,twin_tub
137.1,0.19040442705087698,0.10353346722803859,0.9823035600533858,1.9484598358399432,washing,twin_tub
137.2,0.1841061113898465,0.06182739413832204,0.965910914113224,1.7654277963017113,washing,twin_tub
137.3,0.18780702167486668,-0.018892950989505143,1.0531452784746025,2.093179633917935,washing,twin_tub
137.4,0.03341422429630031,-0.04797814477669092,1.026269665955599,2.1687193947756858,washing,twin_tub
137.5,0.023095706791669068,-0.17039573259776067,0.933919220765939,1.9876112807382258,washing,twin_tub
137.6,-0.13042004537407448,-0.12979983477203846,0.9545871512008007,2.0607860136959646,washing,twin_tub
137.7,-0.13039122643887846,-0.17773463962403058,0.9960296297992755,1.9288263155859393,washing,twin_tub
137.8,-0.13371292566493848,-0.17891706094310594,0.9858267936378272,1.8731340807911159,washing,twin_tub
137.9,-0.1849452899516348,-0.18732156313254428,0.9602685337576934,2.1539638520820827,washing,twin_tub
138.0,-0.18509255090283713,-0.21556695181375873,1.0583428671295148,2.0581243771721693,washing,twin_tub
138.1,-0.17091613261925534,-0.20525459023591422,1.0093761974194775,2.0735552899102823,washing,twin_tub
138.2,-0.09541931880569023,-0.14493354760356264,1.0142444896858926,2.225317272199192,washing,twin_tub
138.3,-0.032628531174962026,-0.06132721492925762,0.9792395515230335,1.8417736498522141,washing,twin_tub
138.4,0.026158679195033542,-0.006855315681666814,1.02166822441534,1.9171960597760866,washing,twin_tub
138.5,0.10886078199424515,-0.015971621608603586,0.9885870171705397,2.0236900023252042,washing,twin_tub
138.6,0.1748170199191899,0.04652283808029884,0.991499704788775,1.9153530143358137,washing,twin_tub
138.7,0.1734409380898192,0.09988898896069513,1.0183300587947577,2.1174704802908675,washing,twin_tub
138.8,0.17226899552519798,0.1480789279215574,0.951130073048191,1.9718901168644023,washing,twin_tub
138.9,0.1280582819726379,0.1441539164413103,1.0479108357955296,1.8511200788754216,washing,twin_tub
139.0,0.1292788012411678,0.15576138727869004,1.0054716764417162,2.009865751278149,washing,twin_tub
139.1,0.06609767529198657,0.1734372262471048,1.0384283262634126,2.0255508156210182,washing,twin_tub
139.2,-0.018116833385765235,0.18663398455992605,0.9677374073014354,2.1402023094344496,washing,twin_tub
139.3,-0.0673956200384764,0.12183985623472657,0.9723050462791543,2.0589711354721136,washing,twin_tub
139.4,-0.1514666194427336,0.11610689131235749,0.9651429933520056,2.069171958703975,washing,twin_tub
139.5,-0.17845097513805805,0.10538149502119426,1.0075089301799451,2.0480437526010835,washing,twin_tub
139.6,-0.19049022291652792,-0.01648211514769697,1.0019794990575475,1.9717666218062104,washing,twin_tub
139.7,-0.1837116110757517,-0.03623849057645945,0.9860676454230646,1.8925671327333102,washing,twin_tub
139.8,-0.1528340760296353,-0.0498385851301949,0.9695779242134416,2.0433257527489066,washing,twin_tub
139.9,-0.007200332063174525,-0.1380863239690539,0.9620021119080747,1.950031285117454,washing,twin_tub
140.0,0.10138935722646092,1.4874851257968709,0.985683801131654,3.0460367432278934,spinning,twin_tub
140.1,-1.346053836756337,-0.9988398728438663,0.6035405771643759,3.386781569885692,spinning,twin_tub
140.2,0.9196482263798065,-0.8028603669271376,1.2608079546588458,2.6296674848124657,spinning,twin_tub
140.3,0.9043858947962882,1.4389463655402592,1.282850744482237,2.7722243637322377,spinning,twin_tub
140.4,-1.4318623175016012,-0.08869048090954007,0.5921549404835109,3.70111562318402,spinning,twin_tub
140.5,-0.07566742388082681,-1.4958980862858027,0.986426789814619,2.9317256790110062,spinning,twin_tub
140.6,1.4136144410434122,1.0336037021747622,1.4607326254056745,2.5272515475241812,spinning,twin_tub
140.7,-0.8755938764344002,0.7651092596976617,0.7127270905485924,2.8543624641629584,spinning,twin_tub
140.8,-0.8679104899720284,-1.388971687947364,0.7588346630692139,2.3077816946339094,spinning,twin_tub
140.9,1.454756956463679,0.047627583476473424,1.4162692735078228,3.0602301781140384,spinning,twin_tub
141.0,0.05527981187265853,1.3605283498370946,1.010486738458961,3.202446190069555,spinning,twin_tub
141.1,-1.4681140187443031,-0.8761705358880947,0.5581647775965528,2.772084405957812,spinning,twin_tub
141.2,0.8406933420061716,-0.7519372975422851,1.2660026427728115,2.8823190194371233,spinning,twin_tub
141.3,0.9687292792233009,1.4630559600944137,1.2322625524808604,3.2309135388422283,spinning,twin_tub
141.4,-1.380325879091146,-0.03924114697096214,0.5794512772078434,2.5624461337884825,spinning,twin_tub
141.5,-0.023446256528000742,-1.4153717957662257,1.0013256350487871,2.6696071969501136,spinning,twin_tub
141.6,1.420152104305595,0.9484558732528945,1.4117708257106445,2.94297120457109,spinning,twin_tub
141.7,-0.8878407152392115,0.7718729102031259,0.7338457974766759,2.8119162906332953,spinning,twin_tub
141.8,-0.8797834311018315,-1.3962921091985583,0.739516770753423,2.926533275631603,spinning,twin_tub
141.9,1.4549457599770534,0.043305380089306796,1.4094847207348677,2.6840624201483694,spinning,twin_tub
142.0,0.15209956476598474,1.4871680096471103,0.9961372427281083,3.053578371480377,spinning,twin_tub
142.1,-1.4151993807729744,-0.967907981015206,0.5418580094403324,2.962691728705003,spinning,twin_tub
142.2,0.9214337674642208,-0.8103398599099874,1.334875354700442,3.137297623558258,spinning,twin_tub
142.3,0.7804892760672835,1.496059687395841,1.2962769233378533,3.050099875120073,spinning,twin_tub
142.4,-1.4556787740094623,-0.08347831468795834,0.5802173908361269,3.051672518124006,spinning,twin_tub
142.5,0.07372890016300807,-1.4159331278079554,1.0351633878243045,2.638423161367472,spinning,twin_tub
142.6,1.4507236979241285,0.9471565240475132,1.368597858032306,3.1231478879112182,spinning,twin_tub
142.7,-1.1450247535306013,0.8651994749644168,0.6587662443333665,2.9172833995488894,spinning,twin_tub
142.8,-0.8412364862997147,-1.4903071394847849,0.7235179046158969,2.9583504230875954,spinning,twin_tub
142.9,1.5416746381204605,0.07733595952294398,1.3866185080247568,3.2620660940977024,spinning,twin_tub
143.0,-0.11975445516718465,1.3986758325910829,0.992901834266551,2.820141110870776,spinning,twin_tub
143.1,-1.3354215139039989,-0.8970828191843838,0.5781942668850281,3.33779608211475,spinning,twin_tub
143.2,0.7153605406011607,-0.8175610961832245,1.2921157984818332,3.361118824843273,spinning,twin_tub
143.3,0.9379578151419032,1.5590339518262077,1.2303554440033533,3.188196109341093,spinning,twin_tub
143.4,-1.4271036920034708,-0.09430249462227346,0.5840134882519813,2.7548447973081447,spinning,twin_tub
143.5,-0.140998272914652,-1.4123196472551411,1.0004316907945745,2.453426688593267,spinning,twin_tub
143.6,1.4533530440771212,0.938696003618968,1.4384007116308128,3.2697087285649853,spinning,twin_tub
143.7,-0.8126274934895809,0.7325718880314701,0.7199034779457807,3.02784626533277,spinning,twin_tub
143.8,-0.8598446582093815,-1.5127396169621123,0.7769906906642609,2.8137006322946343,spinning,twin_tub
143.9,1.4616744326663085,0.053070166575007474,1.4248701728799278,3.2933905859389005,spinning,twin_tub
144.0,-0.024700566740353987,1.4662084198818375,1.05322546670511,2.784610279780548,spinning,twin_tub
144.1,-1.5382681597559869,-0.950945494477774,0.5483129080567157,2.893961185442264,spinning,twin_tub
144.2,0.9231897197789164,-0.8406490251279054,1.2867881837302744,3.1312225910792484,spinning,twin_tub
144.3,0.9866631136054654,1.5241280908929835,1.2627133091147904,2.721599292096281,spinning,twin_tub
144.4,-1.3588099231890798,0.008160448014197241,0.5621922951671788,2.9726297725982334,spinning,twin_tub
144.5,-0.11927254977608517,-1.3227356812963693,1.0189694602140251,3.2722842959783405,spinning,twin_tub
144.6,1.3356911100100606,0.8977725310819658,1.4190002279571272,3.0527776859052826,spinning,twin_tub
144.7,-0.9324359429465556,0.7818554565393202,0.6556376763536657,3.31185658420592,spinning,twin_tub
144.8,-0.9772564055155083,-1.3417118419377008,0.6436105927731609,3.2834005895014995,spinning,twin_tub
144.9,1.4292361696160854,0.09937856147932504,1.4661480971413383,3.0019345836054048,spinning,twin_tub
145.0,0.023604948310807852,1.3820010050570601,1.0369077537363838,2.415814655910653,spinning,twin_tub
145.1,-1.5123999714372633,-0.9058570532362133,0.628644796054862,2.7235569261961734,spinning,twin_tub
145.2,0.9283055859952348,-0.7511324297094654,1.2639775160831457,3.1908335280961224,spinning,twin_tub
145.3,0.9177441150798779,1.4162490319008951,1.2257243194716663,2.6124371449286783,spinning,twin_tub
145.4,-1.4594743219333535,-0.0717437824421557,0.5594370523876506,2.9183268528532627,spinning,twin_tub
145.5,-0.010351319159030231,-1.3424650247978065,1.000342735460842,3.084620153422258,spinning,twin_tub
145.6,1.3095967039035308,0.879340702158494,1.3977642856042605,3.3673926739403774,spinning,twin_tub
145.7,-0.9016136078159502,0.812311101196497,0.7849538781575982,2.8562450758863966,spinning,twin_tub
145.8,-0.8812347799908695,-1.5173993853396193,0.8026817228577053,2.839128072729218,spinning,twin_tub
145.9,1.4367096301564184,0.025895350143728277,1.4423238533547234,2.986888558376125,spinning,twin_tub
146.0,0.022732614721216318,1.3642726243020171,0.9996740875990558,3.0877282424525254,spinning,twin_tub
146.1,-1.411930269848896,-0.9203307586432727,0.5331755583129479,2.9614382931509766,spinning,twin_tub
146.2,0.8658172566027738,-0.8308917314692289,1.3108963804162956,3.2623170872214526,spinning,twin_tub
146.3,0.8988495749919599,1.4116309186584792,1.2667925678570817,2.800214041742882,spinning,twin_tub
146.4,-1.3664628548441204,-0.08181690615986725,0.563349635714861,3.030040233344761,spinning,twin_tub
146.5,-0.005729884398556616,-1.466876392646811,1.0144352226602429,3.1113031775617546,spinning,twin_tub
146.6,1.4456404678926225,0.9746861239860972,1.4104040864631409,2.8999417975235358,spinning,twin_tub
146.7,-0.8928481421985835,0.8794535794684161,0.7399028916620336,3.2099274841399916,spinning,twin_tub
146.8,-0.9204834134274525,-1.4552882486158716,0.6922226309430268,3.0372396353105873,spinning,twin_tub
146.9,1.457957554457774,0.07275124036129507,1.4605880480103883,3.1972114282880684,spinning,twin_tub
147.0,-0.03331355665026228,1.4204650501437495,0.9968676687659148,3.048526027012208,spinning,twin_tub
147.1,-1.4034159603831817,-1.0706660960459766,0.6067885934862065,3.094101142871807,spinning,twin_tub
147.2,0.883373200729293,-0.7793613263550935,1.2584692781963585,2.8419020607876613,spinning,twin_tub
147.3,0.8634417978474471,1.6366491543812896,1.2604173722680774,2.842307073702194,spinning,twin_tub
147.4,-1.4462733443715259,-0.09227075322621868,0.5356550448184234,3.306099119982194,spinning,twin_tub
147.5,-0.030487259544948568,-1.4052061309738157,1.022792709190542,3.158877611130083,spinning,twin_tub
147.6,1.3278367041173638,0.9935743509220868,1.4017002337121185,2.7442587084443995,spinning,twin_tub
147.7,-0.8587041727290112,0.9102903338428199,0.7209039652724093,3.0452158561637077,spinning,twin_tub
147.8,-0.8677850689220028,-1.3920379354905352,0.7355280520508656,2.4065559866161434,spinning,twin_tub
147.9,1.4775649895896446,-0.04442623275564969,1.431612157843501,2.8565149590751457,spinning,twin_tub
148.0,-0.031887414138428265,1.4318625592105907,0.948817091793461,3.2402569191549766,spinning,twin_tub
148.1,-1.3128617569141223,-0.7946421222015609,0.5651003917025429,2.96871360282221,spinning,twin_tub
148.2,0.8588937215677573,-0.7742239109453507,1.288360270090932,3.029478167416508,spinning,twin_tub
148.3,0.8291712999070667,1.3812598913602636,1.2531532224959074,2.245904688369947,spinning,twin_tub
148.4,-1.4862058696332772,-0.06800040249418927,0.5652826150407853,2.901936595465962,spinning,twin_tub
148.5,-0.10403534419373123,-1.4748998640312796,1.0048721815252966,3.084568055956803,spinning,twin_tub
148.6,1.5185424479863012,1.0229261522722148,1.424196619356404,3.1163224688495847,spinning,twin_tub
148.7,-0.7994138349926383,0.7542174184692195,0.7045811713967445,3.240588927833591,spinning,twin_tub
148.8,-0.8456331686656403,-1.4460813880750543,0.7344062527583751,2.947435562056643,spinning,twin_tub
148.9,1.3728194459761793,0.03344337983982313,1.4577976274329947,2.958586046843963,spinning,twin_tub
149.0,0.10867606089355601,1.365271745497957,0.9684647215819899,2.6669706426475344,spinning,twin_tub
149.1,-1.4476879241340044,-0.8597888921644748,0.560790110982614,2.9488696152067004,spinning,twin_tub
149.2,0.8655363285651815,-0.8053629438572497,1.2230544238135816,2.68460623440055,spinning,twin_tub
149.3,0.9679134232648677,1.4169838577330396,1.2927448220463214,2.5380324700486456,spinning,twin_tub
149.4,-1.387050139373882,-0.15362385821256525,0.5692538214620433,2.7287051574723553,spinning,twin_tub
149.5,0.1320661883252947,-1.5103607181347924,0.9744940109918299,3.377171226950993,spinning,twin_tub
149.6,1.441508110061864,0.8738810929046991,1.4307434003371122,2.932359699621681,spinning,twin_tub
149.7,-0.9054997264134578,0.8182879282375826,0.6993886300215161,3.0549693407558416,spinning,twin_tub
149.8,-0.9183861714463374,-1.3917219800332084,0.7044917705245628,2.871625937200486,spinning,twin_tub
149.9,1.3157650038113056,0.0512890904140577,1.3841714264372695,2.552362245137026,spinning,twin_tub
150.0,-0.016715746368419302,1.4922912449939572,0.9679966228732639,3.234028281232427,spinning,twin_tub
150.1,-1.357909174113071,-0.9920079562497756,0.61274469518718,2.456950465036103,spinning,twin_tub
150.2,0.917607928798121,-0.825851077123689,1.2425098135931492,2.8613018308020854,spinning,twin_tub
150.3,0.8828963588323514,1.38576140293634,1.2784901172111625,2.986346279787485,spinning,twin_tub
150.4,-1.4862808410717054,-0.02546447588526117,0.5469355250685048,3.057622410857464,spinning,twin_tub
150.5,0.013612381080753933,-1.272207992108163,1.0227860123728936,2.8183825988677826,spinning,twin_tub
150.6,1.487353596754428,0.8432489132599317,1.3971929723048722,2.5405096292362566,spinning,twin_tub
150.7,-0.8558347230505803,0.790800649632791,0.7366734743012189,2.7997266769161406,spinning,twin_tub
150.8,-0.871673768260703,-1.3746492153335803,0.737082175764457,2.8128105030950845,spinning,twin_tub
150.9,1.3787673152458617,-0.0019065513261756623,1.497809592425618,2.80672662621123,spinning,twin_tub
151.0,0.052030908846703125,1.432059663369092,1.0189127586393996,3.242514647551901,spinning,twin_tub
151.1,-1.614499063567374,-0.875669598903605,0.554237447237305,2.6965993054652144,spinning,twin_tub
151.2,0.9046486209707106,-0.806876644889439,1.285054832441156,3.07524481860954,spinning,twin_tub
151.3,1.0358971972954267,1.483551790412976,1.3286485976461815,3.0395742593044788,spinning,twin_tub
151.4,-1.5170871776826538,0.020743963208268143,0.5231354849526483,3.2401137693679174,spinning,twin_tub
151.5,-0.014482167282036397,-1.281153035704748,0.974725538722952,2.966717032065767,spinning,twin_tub
151.6,1.4261101150352309,0.9452398981340118,1.4208685055594157,3.1977827417993896,spinning,twin_tub
151.7,-0.9094328472821502,0.7796277027930152,0.7229839896541147,2.9569449654764757,spinning,twin_tub
151.8,-0.8194954238851895,-1.505734812820975,0.7255139355184853,3.1085981316462,spinning,twin_tub
151.9,1.4549318353040694,0.1435280289850538,1.388848464365028,2.62426472818819,spinning,twin_tub
152.0,0.009138022352850928,1.3157520954834103,1.042118681606504,2.340430480927223,spinning,twin_tub
152.1,-1.3787484207725493,-0.9641123731955085,0.5293463097128897,3.0943867133914633,spinning,twin_tub
152.2,0.8826829209830137,-0.8054089874937496,1.2584969792429377,3.1077957815098074,spinning,twin_tub
152.3,1.0724697477681855,1.4203558553934135,1.2958782812844531,3.1188755832879704,spinning,twin_tub
152.4,-1.417503958423329,-0.06812096405812638,0.5711190219528044,2.86876687131133,spinning,twin_tub
152.5,0.011716925909483684,-1.244187829853262,0.9706181749929473,3.372430563052593,spinning,twin_tub
152.6,1.323956691468327,0.9416620154951995,1.3875151626415985,2.8850305460657446,spinning,twin_tub
152.7,-0.9142848980770063,0.7854460361052789,0.7285966605875263,3.1052197549180924,spinning,twin_tub
152.8,-0.8128352175306945,-1.3896160966936562,0.712785749492881,3.1486590562510197,spinning,twin_tub
152.9,1.3464573634211237,0.09928519860794788,1.4341323650839042,3.4296850399372776,spinning,twin_tub
153.0,-0.12945343045816138,1.484418775223531,0.9579564655682614,2.9207425950525416,spinning,twin_tub
153.1,-1.4246458461714342,-0.9390766737268965,0.5964156397738221,2.836701773442712,spinning,twin_tub
153.2,0.963922548887253,-0.8264757662292325,1.2679698492265603,2.625463653896169,spinning,twin_tub
153.3,0.8842207521604969,1.3435125128708796,1.270198455362193,3.3880917516656184,spinning,twin_tub
153.4,-1.4467522506003314,-0.182094261588034,0.6152568710143752,3.105352726762135,spinning,twin_tub
153.5,-0.11150927626447203,-1.508200550376495,0.98686613504884,3.1132652764735753,spinning,twin_tub
153.6,1.4537200218048378,0.9717182808930895,1.406200931490815,3.77917606033098,spinning,twin_tub
153.7,-0.8420013719057253,0.7298354049589711,0.7190637276179814,3.081261185296575,spinning,twin_tub
153.8,-0.9885818283848418,-1.3752013642013752,0.7297208393826695,2.674419648724992,spinning,twin_tub
153.9,1.4946567213645663,0.08672497385062955,1.4252464854890798,2.951024106251756,spinning,twin_tub
154.0,0.04594173155342659,1.3834074138047279,0.9750790679019168,2.7563043977878365,spinning,twin_tub
154.1,-1.3586458178898835,-0.9995892354282511,0.511332010076191,2.901032901354307,spinning,twin_tub
154.2,0.9166893839488002,-0.7742348488547112,1.2476754935052687,2.899352599311348,spinning,twin_tub
154.3,0.9208988409673634,1.4022661369840224,1.2752981335202118,2.8532439022332374,spinning,twin_tub
154.4,-1.395341520520611,-0.14403286020340794,0.5761123168547901,2.6516793736611506,spinning,twin_tub
154.5,0.05210833929011436,-1.326757633714528,1.0359866340947876,3.398125408418074,spinning,twin_tub
154.6,1.3174593082952542,0.9702352005625798,1.4866400286517203,3.0747120111095985,spinning,twin_tub
154.7,-0.9717414444560439,0.7974746080560753,0.7582766496121282,2.9436319913249402,spinning,twin_tub
154.8,-0.925838352450117,-1.4120500270725294,0.7769722557406276,3.1894094573789356,spinning,twin_tub
154.9,1.4187955641423973,0.08544609234597003,1.4509786611007187,3.1177668187123477,spinning,twin_tub
155.0,0.023288215398505476,1.4210394179779706,1.051296977677826,3.068922683185512,spinning,twin_tub
155.1,-1.407103875248976,-0.9979688050585613,0.627550176695926,3.171249518191707,spinning,twin_tub
155.2,0.9487042271262067,-0.6873464572162392,1.2930383186550212,3.033483685939664,spinning,twin_tub
155.3,0.950587596353598,1.4157588080959644,1.2856947679243707,3.1675553642478977,spinning,twin_tub
155.4,-1.4789278809403603,0.008450799657727756,0.5658676025090592,3.188278075219444,spinning,twin_tub
155.5,0.014314566603126756,-1.4093907599090971,0.9987598815711123,3.0406796837582006,spinning,twin_tub
155.6,1.3757148815794142,0.9973837578552874,1.4178403123923096,2.944901376625971,spinning,twin_tub
155.7,-0.8929727007400124,0.8556237836924929,0.7541341847952122,3.382599450363477,spinning,twin_tub
155.8,-0.8623703962957757,-1.381724900847564,0.7138861953476139,2.8805246150566415,spinning,twin_tub
155.9,1.2220620498544135,0.03447275752936494,1.422242246039417,3.0978284001068364,spinning,twin_tub
156.0,0.1446746423783399,1.462596753027581,0.9293449034446387,3.1034771026847667,spinning,twin_tub
156.1,-1.3926002537988937,-0.8381715398612588,0.6237172645103526,2.847610536934091,spinning,twin_tub
156.2,0.8459356819139476,-0.8270919525054844,1.2578891260540361,2.798044403672127,spinning,twin_tub
156.3,0.9973200637525454,1.4526183701850794,1.2781707766517167,2.911536994782537,spinning,twin_tub
156.4,-1.4474306446719216,-0.1163169785081359,0.6157581685085172,2.876945786706098,spinning,twin_tub
156.5,0.00795116314966728,-1.418844804081976,1.0090088031232305,2.6354673595902836,spinning,twin_tub
156.6,1.3973578258189023,1.0516432988518503,1.471305743395631,2.837126229370181,spinning,twin_tub
156.7,-0.7825583681922432,0.7513163021830654,0.698244502103806,3.0665557461586403,spinning,twin_tub
156.8,-0.8879769608171311,-1.5070631354675839,0.8074179341562977,3.3164858960371495,spinning,twin_tub
156.9,1.4355538204871554,0.18156423614430228,1.4605887382874982,3.1385978337934084,spinning,twin_tub
157.0,0.07222692918142977,1.4355315345041308,1.00627607477457,2.3501163754074406,spinning,twin_tub
157.1,-1.3914764069950603,-0.8217357159734371,0.6147769476459459,3.160325928689332,spinning,twin_tub
157.2,0.8784169945307527,-0.8385966920204773,1.229444316951958,2.8604620535260707,spinning,twin_tub
157.3,0.9483013367801343,1.4581128743908205,1.255844917168521,3.113270018671941,spinning,twin_tub
157.4,-1.2742757806770901,-0.12455079658569068,0.6153520795592412,2.996466185197343,spinning,twin_tub
157.5,0.019044626928004956,-1.3894605588319882,0.9439881945731631,2.951828093478293,spinning,twin_tub
157.6,1.4335903797150968,0.8425121290788858,1.444789165581587,2.974441068009465,spinning,twin_tub
157.7,-0.871440253421606,0.8526676471502747,0.7514619212637295,2.994393922932555,spinning,twin_tub
157.8,-0.803052108388842,-1.4311275611470116,0.794573410973045,3.336101243022561,spinning,twin_tub
157.9,1.3906329103407742,0.08145690021137005,1.3804867697411578,2.9950849532287283,spinning,twin_tub
158.0,-0.016699053582682002,1.3746367694748907,1.0482889317109543,3.2713840332953,spinning,twin_tub
158.1,-1.5188313513903589,-1.0026431701579857,0.5552404453727048,3.2349764664614145,spinning,twin_tub
158.2,0.810645806680444,-0.7679075990289134,1.2510930797342972,3.1667613868959132,spinning,twin_tub
158.3,0.8506098782767632,1.3802706070143762,1.2278432319227985,2.553345294967581,spinning,twin_tub
158.4,-1.42994099408641,-0.05419642523648362,0.5393890065431569,3.2791581640404015,spinning,twin_tub
158.5,0.1061449995463027,-1.2735915452622621,1.0121056704236464,2.885524676466103,spinning,twin_tub
158.6,1.458744342738239,1.0380892202346452,1.3946054748893768,3.178931820268693,spinning,twin_tub
158.7,-0.9364025890501836,0.721262697190688,0.7577051664779487,2.756866791689897,spinning,twin_tub
158.8,-0.9253567075605348,-1.4827402897771642,0.7156076550593011,2.703731489174186,spinning,twin_tub
158.9,1.509069695436606,0.11019722439270122,1.3915844181573704,3.4940971842077997,spinning,twin_tub
159.0,0.06759662091771333,1.3938417136299892,0.9841657256091917,2.7607542332904713,spinning,twin_tub
159.1,-1.424895779829291,-1.0329222740128883,0.5821257834198663,3.286526659762937,spinning,twin_tub
159.2,0.8551262905064198,-0.788451416662566,1.2561827656736944,3.02960508035913,spinning,twin_tub
159.3,0.9491738485810128,1.4499349924495732,1.2655296670816043,2.8949699854099573,spinning,twin_tub
159.4,-1.4861844020462303,0.029949344556903193,0.5929107915222579,2.9887927789174484,spinning,twin_tub
159.5,0.023521823883432255,-1.413252351107918,1.0324726435485028,2.674726375867172,spinning,twin_tub
159.6,1.5629443138963608,1.0190381340354941,1.4186725730751453,2.9965614050976925,spinning,twin_tub
159.7,-0.8693565375037539,0.7355450695630817,0.7041699760010629,2.72931492152601,spinning,twin_tub
159.8,-0.9282144471943388,-1.5122165640303706,0.7377794708360828,2.9011390514215036,spinning,twin_tub
159.9,1.4512068966030764,0.12820989754800613,1.4420949199159574,3.231324890992394,spinning,twin_tub
160.0,-0.02820052314101492,1.4630824757872727,0.9561782408208133,3.0635476691394143,spinning,twin_tub
160.1,-1.510231725067931,-1.0064014944804496,0.5453063187569547,2.62945737527987,spinning,twin_tub
160.2,0.9237400400511213,-0.8101257293618939,1.2429277566527503,3.2128720317284674,spinning,twin_tub
160.3,0.9487479424716724,1.3676412557448208,1.2582686978699955,2.9982250595227145,spinning,twin_tub
160.4,-1.4452391747671205,-0.09578336953770825,0.5491935505583666,2.864453682897665,spinning,twin_tub
160.5,-0.022634140445739664,-1.3478432618134035,1.0212112217529181,3.1866690759772327,spinning,twin_tub
160.6,1.3688908509754338,0.9228604209677732,1.3798214362890706,2.9581982907557496,spinning,twin_tub
160.7,-0.8906740144668025,0.7966282913943485,0.6881050755525427,2.708584665023572,spinning,twin_tub
160.8,-0.9154199814141268,-1.518323730054314,0.7254799721230356,3.461952427862401,spinning,twin_tub
160.9,1.365922813240606,0.04600867514199695,1.4227058482086448,2.995678139277253,spinning,twin_tub
161.0,0.11353012982399695,1.503545283923732,0.9563606838142631,2.9796536988794458,spinning,twin_tub
161.1,-1.3985952054377908,-0.9445824374128694,0.5538221023877447,2.8987237070673526,spinning,twin_tub
161.2,0.9160215849206013,-0.8717088397499174,1.2524720490090793,3.2949914348643974,spinning,twin_tub
161.3,0.9346818525745894,1.4316496891615005,1.252704425120929,2.86878037296449,spinning,twin_tub
161.4,-1.3803226014371952,-0.18075583722942898,0.5765810121658437,2.613755035297099,spinning,twin_tub
161.5,-0.02478659716771029,-1.4589082104792435,0.980152633467321,2.8303305845260054,spinning,twin_tub
161.6,1.4429379318210143,1.0305783152587724,1.4723105213330663,3.331693650113698,spinning,twin_tub
161.7,-0.8978197074944333,0.8030214282877334,0.7501427756603691,3.2080330403642794,spinning,twin_tub
161.8,-0.8553700609520907,-1.3370921955904929,0.7112832308491533,2.936246086835035,spinning,twin_tub
161.9,1.4470862276002558,0.07918930964961465,1.430810777133857,3.3433137854101185,spinning,twin_tub
162.0,-0.022959615651887377,1.3958999071793616,1.0037204595581577,3.1869855572054706,spinning,twin_tub
162.1,-1.506342697818052,-0.9105042814034133,0.6084662119021103,2.9333526590913483,spinning,twin_tub
162.2,0.8904521018566776,-0.9719256286841419,1.2464918906641336,2.9585225362247303,spinning,twin_tub
162.3,0.8694217091702985,1.4628323655757651,1.2875235244632381,3.0823294329863584,spinning,twin_tub
162.4,-1.5400071093053262,-0.08784936924314814,0.5732802019406341,2.7920282625840462,spinning,twin_tub
162.5,0.030459706133300977,-1.3088962953399634,1.0447469954934563,3.0011262663773377,spinning,twin_tub
162.6,1.4845053011773284,1.0068386945657133,1.4667021759120107,3.0771283411533226,spinning,twin_tub
162.7,-0.7299764899263018,0.7435488726180748,0.7414060156061264,2.578258440347865,spinning,twin_tub
162.8,-0.9051497286378848,-1.3760076890389246,0.7276281578379248,2.9526699193580255,spinning,twin_tub
162.9,1.394262060649839,0.06917130842457407,1.4431736096232186,2.924235953658578,spinning,twin_tub
163.0,-0.0665652618264456,1.3437914353730684,0.9945864991861577,3.2570170049900806,spinning,twin_tub
163.1,-1.4140662600535066,-0.9371317358637119,0.6224337808465321,2.5388757515472413,spinning,twin_tub
163.2,0.8938169692722937,-0.82373653509076,1.266857465876948,2.9046234950740724,spinning,twin_tub
163.3,0.8330000983516244,1.542843924998233,1.2523340845562636,2.879561338158853,spinning,twin_tub
163.4,-1.437080567362996,-0.06447285824990395,0.5582361150849527,3.2400177409804,spinning,twin_tub
163.5,-0.11871994001332761,-1.3857190936976915,0.963608932444049,2.989113357658777,spinning,twin_tub
163.6,1.4821673793127395,1.002996755887266,1.444672206175623,3.4490236614130922,spinning,twin_tub
163.7,-0.9279186340192142,0.8771426708363985,0.7108963003891497,3.1655533454765967,spinning,twin_tub
163.8,-0.8837572595233786,-1.4035197004987559,0.7684410840340525,2.89744425145262,spinning,twin_tub
163.9,1.340983169164881,0.17007798832821652,1.389187380712777,3.0599146741397396,spinning,twin_tub
164.0,-0.03494121596767086,1.4345795737257,1.0038172434692045,2.9114827976576354,spinning,twin_tub
164.1,-1.4433602436538138,-0.938898843032293,0.6065312804220949,3.214849022622605,spinning,twin_tub
164.2,0.8810004276211878,-0.7372200500256022,1.1999359515929422,2.666950571677247,spinning,twin_tub
164.3,0.910461829369997,1.4450822377516508,1.3250513298453594,2.7940760058571668,spinning,twin_tub
164.4,-1.340240269433557,-0.08291538897858236,0.5592660117512378,3.11392247963873,spinning,twin_tub
164.5,0.04396265656608049,-1.2947640139130787,1.00423286146484,3.306439112180905,spinning,twin_tub
164.6,1.4843146470315547,1.0462733785931646,1.4451189090983243,2.4495078509652,spinning,twin_tub
164.7,-0.794911631842203,0.8110798253355328,0.7572805081518292,3.343617803997604,spinning,twin_tub
164.8,-0.8474954055473306,-1.4777491007949015,0.7437131546161827,2.9649662178929983,spinning,twin_tub
164.9,1.424382342705678,0.17270058997205523,1.4578969698440363,2.529031259515709,spinning,twin_tub
165.0,0.060546714375100466,1.4460837304257037,1.0155721213875935,2.2495680395276656,spinning,twin_tub
165.1,-1.3622042172849929,-0.9300230556642287,0.6248510018681614,2.61765348354793,spinning,twin_tub
165.2,0.920591828716707,-0.830882736362377,1.2801731898172612,2.9950737860386494,spinning,twin_tub
165.3,0.7944002226165728,1.4704378008794257,1.3234424291281142,2.983525490547779,spinning,twin_tub
165.4,-1.477072383628479,-0.08621268755275024,0.5990569328742897,3.1583001086773272,spinning,twin_tub
165.5,-0.016491246241683525,-1.4379189197251911,0.9458274962269959,2.862628205609759,spinning,twin_tub
165.6,1.473362035686864,0.9567004706312602,1.5063085126844482,2.7229898633884573,spinning,twin_tub
165.7,-0.8829586635829321,0.8274958164894052,0.7182663132140739,2.8967284030847766,spinning,twin_tub
165.8,-0.8134657604317516,-1.473059710171749,0.7803629569244165,3.008402571727894,spinning,twin_tub
165.9,1.505498972167439,0.13913972127600188,1.4287792356264177,3.057693198738819,spinning,twin_tub
166.0,0.07195022812054419,1.4753885724894917,1.031832707728051,2.8027088251818983,spinning,twin_tub
166.1,-1.3542523405739106,-0.890764069296657,0.5513702003412079,3.22536167508384,spinning,twin_tub
166.2,0.819458244159405,-0.8281452768636297,1.2832756998243662,2.8446508070689918,spinning,twin_tub
166.3,0.9106360084059024,1.49588529640791,1.2569076471697347,2.782570659418774,spinning,twin_tub
166.4,-1.4630365169000894,-0.08023249611177119,0.6193946610148674,2.8644021226329275,spinning,twin_tub
166.5,-0.09894397988152105,-1.47220338766481,1.0131600450225196,3.268710043925652,spinning,twin_tub
166.6,1.4093365065193955,0.989321693625802,1.4560537115718706,2.966800886764835,spinning,twin_tub
166.7,-0.8021936605012465,0.8203382722082552,0.6705743303241434,2.826371624232557,spinning,twin_tub
166.8,-0.8540333578314944,-1.2949231260324343,0.7329294560747607,3.231526937612136,spinning,twin_tub
166.9,1.5476533367391003,0.17234643175602998,1.440291981384573,3.5356871349871866,spinning,twin_tub
167.0,0.010633808716113177,1.4407276383669454,1.0067084471931993,3.052420658577237,spinning,twin_tub
167.1,-1.2797166092271888,-0.9340077008386021,0.6008592840787067,3.3084606152163585,spinning,twin_tub
167.2,0.8923291519698583,-0.8017470384474052,1.2535262361775268,3.2590194876436973,spinning,twin_tub
167.3,0.8830266962078727,1.3903146419385919,1.2659669766826334,2.8485900620854165,spinning,twin_tub
167.4,-1.5033481797180188,-0.18924941359125375,0.6074613705996311,3.006658545119058,spinning,twin_tub
167.5,0.06663376441748224,-1.4504121754957884,0.9316393298966142,2.679363842574003,spinning,twin_tub
167.6,1.3964572667063522,0.9460949098256226,1.4456559473819843,2.948764433409591,spinning,twin_tub
167.7,-0.9205007368033125,0.6852380170583957,0.7254800916885568,2.843452407718569,spinning,twin_tub
167.8,-0.8048040446129407,-1.4831953136929288,0.7081270927317829,2.8992785107060914,spinning,twin_tub
167.9,1.496078134570574,0.07005339797207684,1.4380717590611245,2.8125262421549158,spinning,twin_tub
168.0,0.06792308203244082,1.3851330357416642,1.0368235389041998,2.928225797951108,spinning,twin_tub
168.1,-1.4483162424859921,-0.988661346807357,0.6031988826117175,3.1330581715662285,spinning,twin_tub
168.2,0.8786193265204274,-0.8320612026138668,1.2604499726044238,2.970127022390001,spinning,twin_tub
168.3,0.8780866145769902,1.5539696358439807,1.290775592444451,2.5339067005611535,spinning,twin_tub
168.4,-1.3796336836024552,-0.045181463070048965,0.5980666046205356,2.8134698587753784,spinning,twin_tub
168.5,0.09321388010979635,-1.4316766755647015,0.9973788618852478,2.620150161860437,spinning,twin_tub
168.6,1.4486735677546154,0.9448570636143061,1.407183015773167,3.061015056495442,spinning,twin_tub
168.7,-0.7631844133172545,0.8098715736118951,0.7164396155347214,3.1258293410135467,spinning,twin_tub
168.8,-0.827846213356804,-1.4966133321809436,0.7606322369344078,3.0641370554635414,spinning,twin_tub
168.9,1.4124968107959162,0.03876236689479664,1.4267110279214537,2.803148901675153,spinning,twin_tub
169.0,0.04972268436765325,1.458690070170436,0.9686145334080568,3.061713482282804,spinning,twin_tub
169.1,-1.3242283577202023,-0.9741449935669884,0.5214786826019078,2.8824714360577812,spinning,twin_tub
169.2,1.0015752174394057,-0.8772521569726447,1.2894583070945689,2.715443637562437,spinning,twin_tub
169.3,0.952891359114503,1.4479475855124402,1.2481000108636406,3.1854824799272325,spinning,twin_tub
169.4,-1.4250443072232837,-0.07782959477162325,0.5819362003368503,3.204506938430943,spinning,twin_tub
169.5,-0.013001595243327323,-1.5164208824024843,1.0371912072120821,3.2372238702708764,spinning,twin_tub
169.6,1.4611489446564296,0.9465131494469035,1.3887076980272193,2.8479128499918858,spinning,twin_tub
169.7,-0.7812394087226164,0.8636491698117362,0.7341425150529508,3.29484057817327,spinning,twin_tub
169.8,-0.8556517311057374,-1.4234622430252821,0.7303758120818524,2.876604437167983,spinning,twin_tub
169.9,1.4538566867548746,0.21869788687101166,1.4393677186016627,3.1633753303846284,spinning,twin_tub
170.0,0.0030838712590549673,1.4731251978896056,1.037174799952622,2.8722718345583313,spinning,twin_tub
170.1,-1.446258238200637,-0.8620218894308395,0.5321410132272986,2.9440044590635575,spinning,twin_tub
170.2,0.8719498080401978,-0.6435652175960294,1.2815973019928228,2.3947055356527027,spinning,twin_tub
170.3,0.8898034375533828,1.4960253818630533,1.2954490767814062,2.924521696395771,spinning,twin_tub
170.4,-1.3234987746684441,-0.07512596748363463,0.5664332557484466,3.022772491696257,spinning,twin_tub
170.5,-0.014382826711934868,-1.3396342113450157,0.9958765902131803,2.8974875956590402,spinning,twin_tub
170.6,1.4297414989974646,0.9154037449121465,1.440528913402382,3.439047017021285,spinning,twin_tub
170.7,-0.9336005380631769,0.8180315529206353,0.7458411488050578,2.709383478668681,spinning,twin_tub
170.8,-0.838680014450308,-1.4893996647412617,0.7529672146894045,2.8591046907240187,spinning,twin_tub
170.9,1.5085855251659128,0.10878925341331235,1.4448138481248811,2.7737818475035367,spinning,twin_tub
171.0,0.09746987075720838,1.3589440836696036,0.9705408308314714,2.8590557552511324,spinning,twin_tub
171.1,-1.4143829029609514,-0.990173640907769,0.6017325625983401,3.2578532657351764,spinning,twin_tub
171.2,0.9161391354354944,-0.7867619761646552,1.2995068583973293,3.3695079485817407,spinning,twin_tub
171.3,0.8724648591085414,1.4422733197097144,1.270085850342332,2.8248018472702645,spinning,twin_tub
171.4,-1.3949036536611266,-0.20056144810248705,0.5271999084706707,2.819248114319199,spinning,twin_tub
171.5,0.018837909150092497,-1.485392044229539,0.9965576288200393,2.7107178378515213,spinning,twin_tub
171.6,1.430080637677801,0.8801219414283337,1.4338076086410305,3.3265713466298257,spinning,twin_tub
171.7,-0.8734126569020659,0.7585920593841952,0.7011586293347875,3.2802511017290756,spinning,twin_tub
171.8,-0.8545625414351713,-1.4256706063878155,0.7246924945610527,2.9735045500028034,spinning,twin_tub
171.9,1.4089356283520467,0.09804651078372312,1.3856943507060777,2.65097520092328,spinning,twin_tub
172.0,-0.014549807524764294,1.4619753912527862,1.0182187667495686,2.673334358635937,spinning,twin_tub
172.1,-1.3241430536224363,-0.903789821539471,0.5770032271142427,3.0426573625961484,spinning,twin_tub
172.2,1.0443106845694303,-0.7472561963801223,1.2151298685871668,3.1373344796116247,spinning,twin_tub
172.3,0.8094158615265179,1.4870397776441533,1.2750473093790275,2.483463798744713,spinning,twin_tub
172.4,-1.5021530467053263,-0.07232942141387835,0.5703292992454624,2.9196725223655293,spinning,twin_tub
172.5,-0.05742916966846403,-1.332097524413596,1.0154924284826397,3.404573972389346,spinning,twin_tub
172.6,1.420387469540434,1.0041226984203386,1.4162294593201614,2.9456226983424285,spinning,twin_tub
172.7,-0.8279310477763656,0.8341360958043695,0.7114522544461289,3.372409522697656,spinning,twin_tub
172.8,-0.8462027019157107,-1.3742716939049828,0.7123712976746837,3.162261532238921,spinning,twin_tub
172.9,1.436906642649573,-0.055837114590893314,1.4118303258363711,2.7289300997911607,spinning,twin_tub
173.0,0.031736132817506306,1.3806308385024488,1.0005647528974413,2.926832176662036,spinning,twin_tub
173.1,-1.468109943840467,-0.967305358854992,0.5764633216299143,2.967826440363824,spinning,twin_tub
173.2,0.8670305121333973,-0.7424094011022839,1.2587817671973232,2.7618721079766235,spinning,twin_tub
173.3,0.8804722055358296,1.5448197059737099,1.2518037770616177,2.757532994297265,spinning,twin_tub
173.4,-1.5216377547751438,-0.1719209421722095,0.5614824696269858,3.3766921480296404,spinning,twin_tub
173.5,-0.0696786122831044,-1.3133885985018166,1.0752317435652834,2.755659845076762,spinning,twin_tub
173.6,1.3592908107661232,0.8786712197542679,1.4048536777878886,3.26960901910217,spinning,twin_tub
173.7,-0.8358313850174818,0.7430974590175772,0.7187574762120618,2.8908788804087457,spinning,twin_tub
173.8,-0.8669565815240788,-1.4645931482962908,0.8343122597195174,2.9935901675292067,spinning,twin_tub
173.9,1.4632484464472515,0.06581779163158144,1.440605831406661,3.1404611045596433,spinning,twin_tub
174.0,-0.11037929938834189,1.3045535921677813,0.958600580022831,2.8503603317738304,spinning,twin_tub
174.1,-1.5155987756057911,-0.9099652525065096,0.5973051837865094,3.1419760783736335,spinning,twin_tub
174.2,0.9214708048541274,-0.7708062282673918,1.2372021968555869,2.4883925751129046,spinning,twin_tub
174.3,0.7149576999385072,1.513778501926455,1.291775208765694,3.1099268471036594,spinning,twin_tub
174.4,-1.353107012986809,-0.11091749974615119,0.5656956992860405,2.382867468857091,spinning,twin_tub
174.5,-0.10939902861123071,-1.4004335918491617,0.9868061245153589,2.9432883183253855,spinning,twin_tub
174.6,1.4771854679582115,0.9471323010218607,1.4762503813976413,3.2135607463296227,spinning,twin_tub
174.7,-0.9349929559241091,0.912850100239144,0.7524886770481699,3.155573826514594,spinning,twin_tub
174.8,-0.8187436555282216,-1.620590693114613,0.7646863195919212,2.675397380259515,spinning,twin_tub
174.9,1.619074429277769,0.02749351902007583,1.4410230227184322,2.707583900976621,spinning,twin_tub
175.0,-0.13639065780734688,1.3983910795183434,0.9866666642861833,2.8278319899193414,spinning,twin_tub
175.1,-1.3848621455710917,-1.014092145010905,0.5903652002749271,3.0465539655895335,spinning,twin_tub
175.2,0.7731881156230206,-0.8270695951873512,1.3007798253121272,2.492016702489074,spinning,twin_tub
175.3,0.9072840137716133,1.4429714739744106,1.2685455048370953,2.9966941060378605,spinning,twin_tub
175.4,-1.4389911042558754,-0.12437134648691292,0.6260738457975668,3.0778573434500163,spinning,twin_tub
175.5,0.007786939347732617,-1.394190493384696,1.025514616096064,2.929240704782254,spinning,twin_tub
175.6,1.371883597863054,0.9866468875813992,1.4343349088259727,3.131330242013263,spinning,twin_tub
175.7,-0.8348454118688086,0.7973943870492725,0.743041232398955,3.055931039581551,spinning,twin_tub
175.8,-0.968579348716832,-1.477727690194715,0.7396137503374459,2.8645864351502763,spinning,twin_tub
175.9,1.5010830102166686,0.07496428496007522,1.3904382687649737,2.5159526599351274,spinning,twin_tub
176.0,-0.024555018396575642,1.3976124481521417,0.9972978341257525,3.0333532703927055,spinning,twin_tub
176.1,-1.5107462150869513,-1.0533771048359515,0.5786601622274052,2.7617311586925055,spinning,twin_tub
176.2,0.977374087838994,-0.783877138673504,1.25202080989357,2.855414343784614,spinning,twin_tub
176.3,0.8776373192698307,1.4234759323898554,1.2746336740926547,3.1197810544907716,spinning,twin_tub
176.4,-1.31212661621631,-0.009218075470927761,0.5726637923778038,3.3543333458585876,spinning,twin_tub
176.5,0.07328136775904893,-1.362595420412226,1.0232107567330377,2.990484969139498,spinning,twin_tub
176.6,1.378696032155492,1.0191619151692852,1.4478688037647753,3.138516209111468,spinning,twin_tub
176.7,-0.8867772664947108,0.7509101461283345,0.7405112350959936,2.6388801647117774,spinning,twin_tub
176.8,-0.8744156020586118,-1.4728192046278938,0.6944802497294121,3.0613808952487584,spinning,twin_tub
176.9,1.5181629664420002,0.010362670712089031,1.4816971144932793,2.985023515580709,spinning,twin_tub
177.0,0.02625106280183582,1.3557471564150354,0.9957432700428084,3.3073068951565454,spinning,twin_tub
177.1,-1.4160072171769085,-0.8738316054455458,0.5695979740563373,2.8648853809928108,spinning,twin_tub
177.2,0.8696851032128369,-0.7223209390756405,1.2542277380706388,2.9395905957094075,spinning,twin_tub
177.3,0.8786444562871942,1.3816480084683662,1.2498510138495755,3.2647036167831986,spinning,twin_tub
177.4,-1.3483092493020967,-0.11240684005851334,0.6183463091071768,2.9769915519013375,spinning,twin_tub
177.5,0.00022232104798220535,-1.4026303692722526,1.0415813296116225,2.722789654678183,spinning,twin_tub
177.6,1.4028849381648232,0.9840942694246039,1.441307234440144,3.6379083183225305,spinning,twin_tub
177.7,-0.9155483083755103,0.7059817579388489,0.7322716318354715,2.7303518091658168,spinning,twin_tub
177.8,-0.9149037876686885,-1.5467160110483256,0.754070176018857,2.9838249796126193,spinning,twin_tub
177.9,1.3424590146802127,0.11428774859176324,1.4301893417859146,3.0866720390064035,spinning,twin_tub
178.0,-0.045022518499665154,1.2811163148157612,0.9942933124502842,3.0669043772577784,spinning,twin_tub
178.1,-1.336679557903712,-0.9757657752843047,0.5821677453123706,2.9525640739984005,spinning,twin_tub
178.2,0.8692819228045927,-0.8018448652375563,1.2512686311232295,2.953809907368423,spinning,twin_tub
178.3,0.9239425785519312,1.4754759643525917,1.2720712914516727,2.9412670334280113,spinning,twin_tub
178.4,-1.575310165516811,-0.09341326569199176,0.5781511954358208,2.721016535352157,spinning,twin_tub
178.5,0.03409867853797182,-1.420004032093709,1.0180880806377435,3.537554803605682,spinning,twin_tub
178.6,1.4169036121806022,0.9996321824989169,1.4094013236085563,2.945002270571656,spinning,twin_tub
178.7,-0.9105642798120267,0.8286827293330803,0.7568007270547175,3.149232748205774,spinning,twin_tub
178.8,-0.8708202809933439,-1.4893570034736776,0.7083072916799014,2.9163367855795985,spinning,twin_tub
178.9,1.3968352592140214,0.08717355376023891,1.4107984327841858,2.911309081911129,spinning,twin_tub
179.0,-0.1274324951932631,1.4210487703102497,0.9841322482256393,2.8861390843325876,spinning,twin_tub
179.1,-1.3712498979724506,-0.8458636964288009,0.5398630144959596,2.6125385530026874,spinning,twin_tub
179.2,0.8962589321194414,-0.7643909536536885,1.2949732320331349,2.9598447149698077,spinning,twin_tub
179.3,0.862841331153511,1.5234094175138988,1.2354317892458206,2.8982480864201423,spinning,twin_tub
179.4,-1.484555896767177,-0.12154662373756568,0.5510570775449506,3.2928811272961944,spinning,twin_tub
179.5,-0.08819145096618262,-1.4295096033260755,1.037662231314673,2.700824970603871,spinning,twin_tub
179.6,1.4400183368667627,0.9348351313473242,1.4108579512771942,2.8557132056112864,spinning,twin_tub
179.7,-0.7848714208249817,0.8029560149529416,0.7298523559143061,2.7753898833114796,spinning,twin_tub
179.8,-0.8694878898339663,-1.511017503624821,0.7051357664409753,3.3606325985029524,spinning,twin_tub
179.9,1.3436190780772435,0.16086619755293974,1.4529639685615243,2.7826478887863324,spinning,twin_tub
180.0,0.013507003622116017,1.4510597272163237,1.0254020873256755,3.1405749611815343,spinning,twin_tub
180.1,-1.4297853521775004,-0.9672986025941496,0.5941929447908945,3.242540368351495,spinning,twin_tub
180.2,0.9335204960031869,-0.7730677348101617,1.2806292583774381,2.9634692721461477,spinning,twin_tub
180.3,0.9180818690831785,1.4639099559368633,1.2667110368621268,2.6557972497648827,spinning,twin_tub
180.4,-1.6057341264893907,-0.041720501103590914,0.5562932676590219,2.6589615353090776,spinning,twin_tub
180.5,0.03271453226583821,-1.4787170563623546,0.9755509208000587,3.21494101619902,spinning,twin_tub
180.6,1.3663760098724698,0.9402182665241686,1.4666725981356645,2.6848514953000358,spinning,twin_tub
180.7,-0.9669816029256084,0.8080880620766931,0.7584407646201918,3.098006652764978,spinning,twin_tub
180.8,-0.8929862830609351,-1.4131174801799193,0.714697509652431,3.028587277455149,spinning,twin_tub
180.9,1.4512430409845785,0.04720392388848816,1.4291703853795272,3.0942831210777566,spinning,twin_tub
181.0,-0.09844407661728292,1.248062785505894,0.9909965472104275,3.117896201961472,spinning,twin_tub
181.1,-1.384310189419279,-1.0138599139769455,0.5381782464960079,2.7665823038955244,spinning,twin_tub
181.2,0.9274782092905363,-0.8152332528937437,1.2698329048302313,2.7561179552463146,spinning,twin_tub
181.3,0.8844964502165376,1.4543690596868035,1.2520385836043944,3.1787317835251008,spinning,twin_tub
181.4,-1.4786421922563828,0.016114707398140152,0.5434484676783015,2.8426638473589008,spinning,twin_tub
181.5,-0.05876268025134138,-1.3630938425113723,0.9556260233757521,2.312462876998713,spinning,twin_tub
181.6,1.4881407023375637,0.9538497476698153,1.3810613273266548,3.162188824470966,spinning,twin_tub
181.7,-0.9723512396283481,0.8096268971442512,0.7243538526375827,2.740934677982808,spinning,twin_tub
181.8,-0.8178096507891874,-1.3842850032264946,0.732943787355751,3.1167839694763133,spinning,twin_tub
181.9,1.416672824894916,0.04950355282985538,1.4017164080279532,3.3482054623292425,spinning,twin_tub
182.0,-0.0057500699785302265,1.3896416016864432,1.0195221828297292,3.004190614315487,spinning,twin_tub
182.1,-1.5290700367675674,-1.0143134181241795,0.5700581714136809,3.248941457915883,spinning,twin_tub
182.2,0.8728748806308323,-0.7264360108294674,1.2818099228495239,3.0384494201340506,spinning,twin_tub
182.3,0.9184930093990672,1.4740859423767583,1.2590160398258843,3.396857332035287,spinning,twin_tub
182.4,-1.5067693797139488,-0.1273615777198217,0.548411038610938,2.7344732228107236,spinning,twin_tub
182.5,0.02991815203535326,-1.4049259295698748,1.0034235271342313,2.9979462548958775,spinning,twin_tub
182.6,1.4319255096634214,0.9795369767084781,1.3900951969722544,3.168290401260367,spinning,twin_tub
182.7,-0.9203032152687154,0.7965272389876105,0.7516797920874664,2.9523970607474888,spinning,twin_tub
182.8,-0.8303974932489526,-1.482604243459403,0.7073821602730768,3.2880547491631673,spinning,twin_tub
182.9,1.2944493683040987,0.04565375880046783,1.4555224081288471,2.891990115122305,spinning,twin_tub
183.0,0.02080084492443735,1.418396342905264,0.9898463276126871,3.5173427879072223,spinning,twin_tub
183.1,-1.3294186649583004,-0.9704411876686978,0.6039005731564882,3.5305493760680613,spinning,twin_tub
183.2,0.9680744667847702,-0.8387958378367601,1.2308246678739698,3.070517999056825,spinning,twin_tub
183.3,0.9050662816707887,1.3703723008533077,1.2441702725096786,3.1381502950886544,spinning,twin_tub
183.4,-1.4446856210106451,-0.08025174536784029,0.5834526160726188,3.2979178589061595,spinning,twin_tub
183.5,-0.03814815339272999,-1.4089320352783323,1.035114912802841,2.7032006502581583,spinning,twin_tub
183.6,1.4084092268083768,0.9296590299974947,1.4779736995822623,2.6719999963555523,spinning,twin_tub
183.7,-0.8490494435636099,0.8234966144003666,0.736737621378821,3.3141047284644087,spinning,twin_tub
183.8,-0.9301125067660887,-1.4056558703924638,0.7906290053920456,3.0684971182182497,spinning,twin_tub
183.9,1.4720302035257995,0.12700410827584133,1.41928549583807,2.9433736885050528,spinning,twin_tub
184.0,0.1279896310801289,1.4312223390048244,1.032963028670868,3.0027808257202904,spinning,twin_tub
184.1,-1.4302977685503768,-0.9633981476341114,0.543759137758401,2.4034896319089825,spinning,twin_tub
184.2,0.8010141902416394,-0.8455902739075662,1.277109378737489,2.95235942138575,spinning,twin_tub
184.3,0.8009931936595853,1.3879010676772567,1.1942525723058777,2.811738315201694,spinning,twin_tub
184.4,-1.3799908413400646,-0.1204995703996409,0.5383768373175786,3.2295179084037704,spinning,twin_tub
184.5,0.7345521088514844,-0.6587427436535674,1.014000303942427,3.2487576945960015,spinning,twin_tub
184.6,2.217331507795692,1.6399176432058722,1.3886022667668096,3.1441700585324774,spinning,twin_tub
184.7,-0.17555905379905468,1.5554706816872843,0.7483051247920981,3.0988646621997855,spinning,twin_tub
184.8,-0.09370358599685291,-0.7703265272422893,0.7626903800928687,2.625663312819933,spinning,twin_tub
184.9,1.4170868240358634,-0.014749333380782076,1.4129358265513057,3.1476607699992187,spinning,twin_tub
185.0,-0.043950243319392804,1.447222996202768,0.9709314113297873,3.157349486380846,spinning,twin_tub
185.1,-1.4506446831709117,-0.97742280663783,0.5577989691915273,3.3112981634421823,spinning,twin_tub
185.2,0.8098546171131509,-0.8617923929446216,1.2355289939560379,3.5295524531075495,spinning,twin_tub
185.3,1.0010394519532837,1.3849051776788142,1.2614669567910384,2.5768598316070976,spinning,twin_tub
185.4,-1.4323676832563383,-0.059528021475757975,0.5750872864137938,2.902880793595447,spinning,twin_tub
185.5,0.03867084532117134,-1.3155641662626993,0.9908196963071677,2.814433340710589,spinning,twin_tub
185.6,1.394372626470433,0.9247734992557303,1.478206209538409,3.0431267970962685,spinning,twin_tub
185.7,-0.9447935477575641,0.7986365712711946,0.7139145218777584,3.0033504645545097,spinning,twin_tub
185.8,-0.8957107090935094,-1.3862380957633016,0.7772396318461294,2.9414794817299637,spinning,twin_tub
185.9,1.4926563264455632,-0.023716562301973956,1.39673825524348,3.2569010903502935,spinning,twin_tub
186.0,-0.031243907484079268,1.5160707475255581,1.002183327098192,2.724646447204804,spinning,twin_tub
186.1,-1.4788166928064637,-0.8023119127764724,0.6075177299236325,2.7397196331518483,spinning,twin_tub
186.2,0.8910057331008768,-0.9739506255162026,1.2984440780992181,2.7439436822254892,spinning,twin_tub
186.3,0.9116192344815445,1.444685812421626,1.2518956266005368,2.9099181031435033,spinning,twin_tub
186.4,-1.3280138843116025,-0.12804700187164134,0.5886766592693023,2.692852446022038,spinning,twin_tub
186.5,0.021225028702474606,-1.413944935205103,1.0126353725099644,2.9878571278001824,spinning,twin_tub
186.6,1.4652243351546959,0.9238548267390547,1.4117772569750642,2.9586274513422834,spinning,twin_tub
186.7,-0.8385213642234626,0.8602759196595207,0.7539751345828377,2.80337122150023,spinning,twin_tub
186.8,-0.9508588013544838,-1.4572902005747832,0.7913714016300134,3.218441563514049,spinning,twin_tub
186.9,1.3687848502147089,0.030255747108093922,1.4421264522847432,2.9851248679283158,spinning,twin_tub
187.0,-0.0650337773764066,1.3877275192730087,1.0169906913720999,3.265661841007951,spinning,twin_tub
187.1,-1.5065135197841275,-0.9180708766987493,0.5921892170132327,2.951237537198892,spinning,twin_tub
187.2,0.9294054709308597,-0.8825936534167242,1.2206740653109363,2.9939512779421613,spinning,twin_tub
187.3,0.8990808839383978,1.3517619848184903,1.2783101037277604,2.8593043988295723,spinning,twin_tub
187.4,-1.4218150106573766,0.03465438809008514,0.5415217804219851,2.998238364866129,spinning,twin_tub
187.5,-0.15556299092412587,-1.4366042297332433,0.9823033917790691,3.1780578265330117,spinning,twin_tub
187.6,1.5499133859597634,0.9407167517012783,1.492833685768449,2.8971664419324257,spinning,twin_tub
187.7,-0.9353341986878024,0.7877026494013213,0.7278987881786589,3.129602990633666,spinning,twin_tub
187.8,-0.7585691130822814,-1.417650743911746,0.7132914133395876,2.7968132597385646,spinning,twin_tub
187.9,1.339630285603767,0.19127757534543943,1.4625529096998955,3.189762641380552,spinning,twin_tub
188.0,-0.048744069513345124,1.4328546594545148,0.9715696899147429,2.855023543172018,spinning,twin_tub
188.1,-1.5587557373932421,-1.0400598397688046,0.5586019933415105,3.2129199683072627,spinning,twin_tub
188.2,0.9034053769951045,-0.8946177793714155,1.3019749285711477,3.015244135608416,spinning,twin_tub
188.3,0.8156024691899912,1.4265981196370452,1.2657863904908382,3.380238433347766,spinning,twin_tub
188.4,-1.4909647836887294,-0.10100417193191558,0.5251766563133557,2.711483068436448,spinning,twin_tub
188.5,-0.08235085303056826,-1.5013757051235743,1.0163196884296473,2.630955806672033,spinning,twin_tub
188.6,1.4732260782069537,0.9981183861268271,1.4160814558714092,2.845945688506108,spinning,twin_tub
188.7,-0.8389900593444434,0.7463911402780634,0.7816921810643586,2.653847262991422,spinning,twin_tub
188.8,-0.7729558449739846,-1.3609379124291001,0.7173110280393625,2.6543162763929304,spinning,twin_tub
188.9,1.385442377178432,0.19414813579220558,1.4595122115446209,3.155387690114969,spinning,twin_tub
189.0,0.013129162262969774,1.3831634169928686,1.0532709409710201,2.9989553016468355,spinning,twin_tub
189.1,-1.5039448862868166,-0.9226195724912253,0.5464962709528431,2.8800797558239353,spinning,twin_tub
189.2,0.8615755370743309,-0.8854872070760522,1.2587069729087892,2.903259350673642,spinning,twin_tub
189.3,0.8505471596413354,1.4879565857455512,1.2761621217557952,2.850690583918415,spinning,twin_tub
189.4,-1.3987177769930674,-0.1148017253658673,0.5463041950905371,3.412592291954761,spinning,twin_tub
189.5,0.061021308385554494,-1.463292748245874,1.0081088484013738,2.8161235730892407,spinning,twin_tub
189.6,1.4860487758926073,0.9315978316210929,1.4212278237076352,2.669466525479175,spinning,twin_tub
189.7,-0.9322466147714601,0.7836254932467267,0.728144609320678,3.199012654371582,spinning,twin_tub
189.8,-0.8217698041608726,-1.470045570337015,0.7369647882497676,2.9460610941630447,spinning,twin_tub
189.9,1.423939666216307,0.1418909741287294,1.4301133738001894,3.5096934222044713,spinning,twin_tub
190.0,-0.019475813754226596,1.3509401733924498,1.0049164230721594,2.8684485903014663,spinning,twin_tub
190.1,-1.46909546365187,-0.8448565509297952,0.554059777303476,3.211496044939198,spinning,twin_tub
190.2,0.8480817307772158,-0.8910739517200443,1.24784821180118,3.2705493326498263,spinning,twin_tub
190.3,0.9862167092100728,1.5474618225474908,1.2609457358667449,2.869666041949499,spinning,twin_tub
190.4,-1.4081401284531159,-0.14590081727409224,0.570681838430099,2.814269808022741,spinning,twin_tub
190.5,0.010476710850420661,-1.3981194229028115,0.9868345198017061,3.185341632732726,spinning,twin_tub
190.6,1.4108499629305358,0.919546164107502,1.4376936215954064,3.1437229794784827,spinning,twin_tub
190.7,-0.7349191617525809,0.7909466534582998,0.6810537840080854,2.6473474748222685,spinning,twin_tub
190.8,-0.8033772491075598,-1.4024545719754276,0.713582648701228,2.71789109092382,spinning,twin_tub
190.9,1.3833210475548119,0.17489978779336202,1.4195775975467362,2.3658924987629986,spinning,twin_tub
191.0,-0.016416903282568483,1.469490111247974,0.9743165443889946,3.1488467134947005,spinning,twin_tub
191.1,-1.4394394470450251,-0.9732493108566496,0.6209005081114356,2.9345432017160635,spinning,twin_tub
191.2,0.8904301971357722,-0.8005150604063462,1.2650692189333934,2.9594623947561796,spinning,twin_tub
191.3,0.8396043188805055,1.4036113337366443,1.2698064538782945,2.577138975574537,spinning,twin_tub
191.4,-1.40025578304102,-0.14440319871405782,0.5575276464282197,2.7254744117276686,spinning,twin_tub
191.5,0.08712528792259257,-1.466836683294376,0.9995266323888813,2.8805102718581086,spinning,twin_tub
191.6,1.3477670879025383,0.9227035324970467,1.3915178284037544,2.831918599963045,spinning,twin_tub
191.7,-0.9493666826642938,0.8265467116115641,0.7304021253855169,3.029459018879408,spinning,twin_tub
191.8,-0.9106673917562764,-1.5652449157418218,0.7073863836105958,3.1458670316579536,spinning,twin_tub
191.9,1.4003770408362344,0.08212895780467294,1.4196533247901264,3.5674031423212993,spinning,twin_tub
192.0,0.11990795248457949,1.4890201364236482,0.9232025030108721,2.994995742492269,spinning,twin_tub
192.1,-1.3664822212419157,-0.8816432667716024,0.5381844714138525,3.2788506657742365,spinning,twin_tub
192.2,0.9383372195658192,-0.8466814183423158,1.3084211556670469,2.7925068057550564,spinning,twin_tub
192.3,0.8658159368276805,1.3667236315997495,1.2894152960047716,2.581263421256161,spinning,twin_tub
192.4,-1.443763578850106,-0.05732036157225308,0.6115957477445879,2.911924588322469,spinning,twin_tub
192.5,-0.08710232482580489,-1.5371043239631477,1.0416316380901636,2.6005695705314396,spinning,twin_tub
192.6,1.473489188125482,1.0155671778694946,1.448165055057718,3.003668291792276,spinning,twin_tub
192.7,-0.85221460215015,0.7987551262777696,0.7219105759070229,2.8048864688728337,spinning,twin_tub
192.8,-0.8045180365578338,-1.3406579869220583,0.7043791080804721,2.5114321533113535,spinning,twin_tub
192.9,1.4139349916415094,-0.01870774917450252,1.4623777704963545,3.4340062864650442,spinning,twin_tub
193.0,-0.008506748772085508,1.4531474024631885,1.0019370392316032,2.865609571723655,spinning,twin_tub
193.1,-1.4163820427289924,-0.9549884611253414,0.6468452521586681,2.5905951742639504,spinning,twin_tub
193.2,0.9351917329690562,-0.8314334056391371,1.2535504242512665,3.2245429476268224,spinning,twin_tub
193.3,0.7934649411127286,1.368345398243959,1.3236902391749876,2.8178464093651785,spinning,twin_tub
193.4,-1.3824214064185592,-0.04916530555732521,0.567320813946269,3.2725415084226657,spinning,twin_tub
193.5,-0.0012297337303654695,-1.3574903858641276,1.0400814579177624,2.8166514163304877,spinning,twin_tub
193.6,1.3630665383654266,1.0560655990343983,1.478876184449768,2.8647755774343007,spinning,twin_tub
193.7,-1.0067542235978284,0.8720533895224959,0.7048081386230034,3.0862079273692617,spinning,twin_tub
193.8,-0.8898663011513248,-1.4861697258940172,0.7209466941196869,3.1483048451760274,spinning,twin_tub
193.9,1.5134475534392884,0.024678424942920052,1.3969860555618971,3.1921209343351498,spinning,twin_tub
194.0,0.10048108000453668,1.3159491429394166,0.9631016653522693,2.977564715317668,spinning,twin_tub
194.1,-1.4052622018024603,-0.8605644701780325,0.5920365731829487,3.1321541803886457,spinning,twin_tub
194.2,0.9993982182690727,-0.8582608308075808,1.2586045124240905,3.186407151730855,spinning,twin_tub
194.3,0.8791014134612654,1.539349798294937,1.266074353227305,3.0501422846417126,spinning,twin_tub
194.4,-1.3693865613442593,-0.053405857508189714,0.5887117417163505,2.964335471683926,spinning,twin_tub
194.5,-0.02707385333449594,-1.378264456055143,0.9442783949885195,2.6386762629422176,spinning,twin_tub
194.6,1.3957088440856347,0.9305458321627383,1.4665784124515167,3.1497935391949974,spinning,twin_tub
194.7,-0.9223284254513298,0.8512107485310919,0.725023811568255,3.0105434247852876,spinning,twin_tub
194.8,-1.0053096152661751,-1.4514642519268521,0.7514686756555208,2.896596036912323,spinning,twin_tub
194.9,1.5038103100396234,0.06275738247172784,1.4465968175096988,3.319441590897915,spinning,twin_tub
195.0,-0.038497946348113335,1.4398189161496935,1.0411238968229655,2.643041591771671,spinning,twin_tub
195.1,-1.4746711012280131,-0.9575962574695797,0.5688788460336985,3.4110090788412215,spinning,twin_tub
195.2,0.8108795775416846,-0.8594704604753348,1.2007942397602456,2.9944316803413837,spinning,twin_tub
195.3,0.8694163122460339,1.486525612684442,1.2662171919350702,3.0793795446257244,spinning,twin_tub
195.4,-1.3207752358092062,-0.08874931929751313,0.5780457734120107,2.9012389713674325,spinning,twin_tub
195.5,0.1256267310498202,-1.3687240282451067,0.9689721742259337,2.5832317718691673,spinning,twin_tub
195.6,1.326932761894594,0.9217263394150162,1.4324001519658038,2.965097525383555,spinning,twin_tub
195.7,-0.9029447581969756,0.7390230954701961,0.7246660834266917,3.083686226723198,spinning,twin_tub
195.8,-0.9437393446438793,-1.346431568405932,0.6952140179900475,3.1690563616006484,spinning,twin_tub
195.9,1.4858850389154643,0.17770686460555643,1.4481199791831103,2.9504917003902746,spinning,twin_tub
196.0,0.01719561283723579,1.4510857266263135,0.9830882454729463,2.4518650396988955,spinning,twin_tub
196.1,-1.4647789340855268,-0.9722265720386795,0.5598331912250669,2.6145846638543437,spinning,twin_tub
196.2,0.8860322632743654,-0.8295894521401922,1.2506259981130587,3.5130049059408233,spinning,twin_tub
196.3,0.8530327611538412,1.5334756529105618,1.3015677214554155,2.726866004056971,spinning,twin_tub
196.4,-1.3297300087802615,-0.10613998221372953,0.5707970828139716,3.356762364559802,spinning,twin_tub
196.5,0.032817570901304785,-1.4360119911314546,1.0023729946164774,2.766478315645601,spinning,twin_tub
196.6,1.466774179697741,1.0612920114543658,1.4147563477012346,2.954386022568033,spinning,twin_tub
196.7,-1.0416929271208317,0.8087097128537438,0.7493826411359897,3.1563020648999762,spinning,twin_tub
196.8,-0.8856851991680786,-1.3444304864459284,0.7759761779220151,2.7949513883547814,spinning,twin_tub
196.9,1.5515774319862796,0.0010066653182273788,1.4474112568574165,3.3980537839397638,spinning,twin_tub
197.0,0.07956774420191591,1.4291497219177072,1.02060600883996,3.0189320895171026,spinning,twin_tub
197.1,-1.5374101495979904,-0.8246929749631373,0.5902114738436988,3.1152127115749173,spinning,twin_tub
197.2,0.8628723284777958,-0.8097853290710927,1.2230960842323084,2.9330982479952183,spinning,twin_tub
197.3,0.8095867104832732,1.4346957366206767,1.238219798580545,3.1646800717542725,spinning,twin_tub
197.4,-1.3239186808209478,-0.15497529501547544,0.5658749458592103,3.394698184962466,spinning,twin_tub
197.5,0.014656696936782322,-1.3331180456845433,0.9782240787252716,2.9671785155941963,spinning,twin_tub
197.6,1.3805170408589038,0.9027502459576486,1.396039321590157,3.432428197687309,spinning,twin_tub
197.7,-0.8796284018263176,0.8058818601872733,0.6793313642422534,2.8471010479052206,spinning,twin_tub
197.8,-1.038119810182552,-1.5246061429442865,0.695100760074443,3.1910240098379274,spinning,twin_tub
197.9,1.3614870962353076,0.17832385596535896,1.4202796656125327,3.1222785840607625,spinning,twin_tub
198.0,0.0021866235494080962,1.46735174759422,0.9979172089953823,2.7328544818294076,spinning,twin_tub
198.1,-1.3758442523356085,-0.9508530158688333,0.5482329543832405,3.0534524261593328,spinning,twin_tub
198.2,0.7651990312028782,-0.8808193098859366,1.2668711199121123,3.0018414844625934,spinning,twin_tub
198.3,0.8588085599763434,1.542690429111273,1.2514883543042956,2.7867019559307886,spinning,twin_tub
198.4,-1.366003630131766,-0.10686608358296562,0.6047417752883468,3.0895006085485317,spinning,twin_tub
198.5,-0.08708719946228317,-1.464370919399751,0.9951512270792888,3.0365723865271295,spinning,twin_tub
198.6,1.440335744529665,0.8432308501681767,1.4488653587748357,2.9818532631731958,spinning,twin_tub
198.7,-0.8777194082523121,0.7728124658371425,0.7415930493372391,2.982855632735329,spinning,twin_tub
198.8,-0.7788150592171396,-1.537814293508497,0.6934345052911177,2.977497435269095,spinning,twin_tub
198.9,1.4127766028561795,0.047540929768710084,1.425255687060748,2.908075094688418,spinning,twin_tub
199.0,-0.010296035902560027,1.4427231529725832,0.9629312770201227,3.0349585237537453,spinning,twin_tub
199.1,-1.375287189252751,-0.9714819407549989,0.5687809425207027,2.839021446909055,spinning,twin_tub
199.2,0.8020969583556652,-0.7902287708239947,1.2421494390146672,3.6642023728675,spinning,twin_tub
199.3,0.8684248860455304,1.4071359265847523,1.275962254536119,2.647666688633671,spinning,twin_tub
199.4,-1.4539282750932905,-0.08100003597816843,0.531753937543156,2.8538159806913854,spinning,twin_tub
199.5,-0.008334708762307536,-1.2828045796255798,1.0004410547583826,2.873564473855765,spinning,twin_tub
199.6,1.4774891613804204,0.9280487662348267,1.4451478998096907,3.5101233535811343,spinning,twin_tub
199.7,-0.848428189333649,0.834636140008045,0.7627245035476959,2.6699663375056253,spinning,twin_tub
199.8,-0.926598816950349,-1.5444676398047776,0.7125716037318848,3.1064805744965276,spinning,twin_tub
199.9,1.434786726642475,0.17611654730497733,1.428507961499068,3.062098516261635,spinning,twin_tub
200.0,0.01000806914023644,0.03336043794410383,1.0120524483941435,0.09219970828166725,done,twin_tub
200.1,0.037090294878328205,-0.017956522042809998,1.0247837063095828,0.019466087689560665,done,twin_tub
200.2,0.03647488079241265,0.016992236480148172,0.9833192232783211,0.021469738422523844,done,twin_tub
200.3,-0.013528704795603523,0.009437850060934328,0.9982179180798197,0.061302560810176626,done,twin_tub
200.4,0.005820523484819727,-0.04190940347325527,1.0348571968913975,0.08249972096354699,done,twin_tub
200.5,-0.05592306096456432,0.015575083152793236,0.9669171796819793,0.0537910169182833,done,twin_tub
200.6,0.0029727902556578724,-0.04240539629273083,1.0541410658876784,0.06998607399404412,done,twin_tub
200.7,-0.02381968283495757,0.0188427548449548,0.9598253507578127,0.010083945450560829,done,twin_tub
200.8,-0.005591472778815495,-0.015215749293925442,0.989639061663858,0.04000910075637726,done,twin_tub
200.9,-0.05056115594450084,0.0002510175976935662,0.9714943000937196,0.012521043857134817,done,twin_tub
201.0,0.012146168601572261,-0.03882839848879016,1.0656378099060813,0.0656082191645732,done,twin_tub
201.1,-0.05089706086726823,0.0036714697081444802,0.9848994991345854,0.01905537346821971,done,twin_tub
201.2,0.004448538203747593,0.027808512539118587,0.9849747653041441,0.024443623079347058,done,twin_tub
201.3,-0.03679516779067648,-0.024208962840678624,0.9888775378018024,0.060280504099228055,done,twin_tub
201.4,-0.02548923105407654,-0.01821501258432033,1.0028680842368185,0.0712364870403546,done,twin_tub
201.5,0.03464196307635488,0.013638630707024682,0.9901467466328646,0.04682063783541567,done,twin_tub
201.6,0.01763753837740866,0.014388549709408177,0.996013395861328,0.0614034500821702,done,twin_tub
201.7,0.034476094130116285,-0.0730253789522552,0.8941237014092879,0.06075576333746185,done,twin_tub
201.8,0.046791813975038704,0.0604621909134832,1.001714795080055,0.04569146281115056,done,twin_tub
201.9,-0.023185161214192944,0.015856604506449937,1.0005341986445992,0.028105890342275026,done,twin_tub
202.0,0.04496914987322615,0.020907559873588846,1.0311570639223717,0.061297828137692856,done,twin_tub
202.1,-0.043965169685367046,-0.004306213399860508,1.039271828448382,0.062261913815501654,done,twin_tub
202.2,0.022383010036347094,-0.05566060525656734,0.9943687581582461,0.06788048806180517,done,twin_tub
202.3,-0.014800131437999145,0.0202416618375072,1.0244868724502187,0.05624132848157795,done,twin_tub
202.4,-0.02790900427917949,-0.016955640846926585,0.9669529365866558,0.026630001730413477,done,twin_tub
202.5,0.018434096019133275,0.016317950825500194,1.023020270280883,0.06380680322738361,done,twin_tub
202.6,0.028348545755076393,-0.006564032107881863,0.9828257260259627,0.04997237839543318,done,twin_tub
202.7,0.027458051599396342,0.007141181373491322,0.9644590759560984,0.04034525111353314,done,twin_tub
202.8,0.00644579666684376,-0.023249891442277338,0.9944323396538784,0.04410728325612576,done,twin_tub
202.9,0.003958719039877171,0.02593166828036795,1.0420141734159334,0.036194856432192404,done,twin_tub
203.0,0.015805997570997075,-0.03565137118373016,1.0054301661019254,0.06777687557708859,done,twin_tub
203.1,0.00911292226551573,0.0673670827601757,1.0448946444303513,0.021637705328399596,done,twin_tub
203.2,0.01624067518757941,0.06713845904961036,0.9775380185855259,0.030130281303871635,done,twin_tub
203.3,0.006119983833321427,0.04898098756399531,1.0314355331364398,0.04342454230656611,done,twin_tub
203.4,0.02528351473519091,0.038264369573235306,0.9804351988828917,0.08227501696478,done,twin_tub
203.5,-0.048816234196512834,-0.0025364507470092296,1.006759860144676,0.07108561098185698,done,twin_tub
203.6,-0.003938204252591587,0.03499640117241625,1.0065004848597825,0.017183183935055496,done,twin_tub
203.7,-0.04151539481536758,-0.00288529494828383,1.0198447520177252,0.07702694177504972,done,twin_tub
203.8,0.00830106052814654,-0.046605526267359206,1.0075222185973398,0.07698840433967369,done,twin_tub
203.9,0.04925790527561093,0.045096042420920635,0.9778244638653455,0.02651983347954714,done,twin_tub
204.0,-0.014222543458409053,0.03386473388767516,1.026409208562777,0.0004291654119289029,done,twin_tub
204.1,0.003817560908916457,-0.0009401732296630614,1.0519496978297618,0.04855556755305515,done,twin_tub
204.2,0.022694601447649166,-0.036755527719934504,0.9824858973323165,0.07244848818599645,done,twin_tub
204.3,-0.06203168795299574,-0.017586020297369213,0.944943037706649,0.08182523939600406,done,twin_tub
204.4,-0.01566331446432563,-0.05463436754662529,1.0149795870506138,0.032583454712775,done,twin_tub
204.5,0.010935469778185507,0.028352425578539314,0.9900645881784356,0.08503958209325932,done,twin_tub
204.6,-0.08690984176971825,-0.048099269005925406,0.9960669143213411,0.00544135208366598,done,twin_tub
204.7,-0.02930425479224914,0.008604926104400291,1.0166853326719303,0.04263898772341425,done,twin_tub
204.8,0.03302573920143868,-0.025310800433390644,0.986308227105232,0.04165578661568506,done,twin_tub
204.9,0.030089907013521745,-0.0428011033499843,0.9919344408596898,0.07304674049848606,done,twin_tub
205.0,0.011229546821103007,0.007150652798357151,0.9969964144919025,0.07596604931879561,done,twin_tub
205.1,0.026465929198295324,-0.010013981559360941,1.0440926181395505,0.06908447310866792,done,twin_tub
205.2,0.0064531270326439105,0.02514567316276103,1.0009020881234074,0.02298899902508211,done,twin_tub
205.3,0.016661847223269438,-0.03802815806186121,0.9629297925755512,0.06725238063597844,done,twin_tub
205.4,-0.009469611265218414,-0.022719439364214666,0.9641236455657666,0.06018083937186984,done,twin_tub
205.5,0.003474380487662783,-0.07162926625472674,1.004176897649788,0.016575312294408187,done,twin_tub
205.6,-0.01897111159247467,-0.06553040046983769,0.9661171599792706,0.008659723423966259,done,twin_tub
205.7,0.0379045003254694,0.05394577229935538,0.9531308953922751,0.07075978580041553,done,twin_tub
205.8,0.04564678228506605,0.06250794732299007,1.0190660797280202,0.04639801398041511,done,twin_tub
205.9,0.0413973840209122,0.002781786156718586,1.0205349520860594,0.024296358150902496,done,twin_tub
206.0,-0.012243262850335869,-0.02471486297719535,0.9889559039831844,0.04583656142582463,done,twin_tub
206.1,-0.028613221180952622,-0.008953467764703208,1.0088097787345514,0.057280821622264055,done,twin_tub
206.2,0.038309209822504894,0.026207226074590913,1.005643649325865,0.04834297746664906,done,twin_tub
206.3,0.01631721607774238,-0.015431670594661382,1.0180725815790725,0.018960276937478274,done,twin_tub
206.4,0.009857530245709274,0.007129016011250676,1.018142497118194,0.0877111380712822,done,twin_tub
206.5,-0.01900896254835437,-0.0003826815144374892,0.9218263423741833,0.07008435937975785,done,twin_tub
206.6,0.012769914379102945,-0.01706438010248574,0.9927850312455282,0.04329245096653066,done,twin_tub
206.7,-0.032558341789858045,-0.015785782379756134,1.015537125645344,0.04409810688195425,done,twin_tub
206.8,0.019021870682370958,0.008799626150565247,0.9876863022688296,0.05718974789426352,done,twin_tub
206.9,0.04136660098818631,-0.029306644091623243,1.001086079177795,0.02740757208519337,done,twin_tub
207.0,0.048931366317238566,0.013551880368705483,1.0225209994503424,0.056453528730739375,done,twin_tub
207.1,0.02125572162329448,-0.014147368789475458,1.0024277569975648,0.023385351262784692,done,twin_tub
207.2,-0.04146064648863365,0.003821019139446907,1.045237582517046,0.04858931566309668,done,twin_tub
207.3,0.0059199039283806465,0.04151887698505676,1.0338095875684337,0.026628570002862825,done,twin_tub
207.4,0.06419045232173139,-0.005045761356808573,0.996443075410857,0.027638320353465713,done,twin_tub
207.5,-0.026058347713268527,0.02759413020575977,0.9940586148782566,0.0829144522723642,done,twin_tub
207.6,-0.0017754471873065102,-0.053760985676514855,0.9144902768439591,0.05118451788569109,done,twin_tub
207.7,0.04240573055402932,-0.01411089040921784,0.9902049340932843,0.05414812970802336,done,twin_tub
207.8,0.01851401766220756,0.0008306586322821845,0.9594019332186842,0.009772402778373546,done,twin_tub
207.9,0.07440468973455314,0.05769992037619377,1.0066368862600186,0.038059964829579046,done,twin_tub
208.0,-0.02198608149685765,-0.05879856249779671,1.0045861213336,0.059224242374086945,done,twin_tub
208.1,-0.029692673572224656,-0.002886295856783306,1.0208756726808033,0.0538827253189501,done,twin_tub
208.2,0.03672376307505521,0.043700665527487886,1.0419001141584456,0.006919403572925892,done,twin_tub
208.3,-0.03587635884814608,-0.02355061215800616,0.9992119171098409,0.054142758333141625,done,twin_tub
208.4,-0.005903039664526088,-0.006385164312770108,1.0684124893576958,0.05733117607099379,done,twin_tub
208.5,-0.0019693963457872955,0.009952169551666185,1.0069735433565972,0.07567523996397399,done,twin_tub
208.6,0.03107968420157766,0.005535256611683407,0.960693508188501,0.03689537762123314,done,twin_tub
208.7,0.018428039040757405,0.046973114263632425,0.9831378437466964,0.005158625597286588,done,twin_tub
208.8,0.013711947425305876,0.013454214302196954,0.9888175989907654,0.030064584963896895,done,twin_tub
208.9,-0.012072926337050002,0.03983318686542658,1.0177638145346013,0.02805869922262886,done,twin_tub
209.0,0.03645012057245829,-0.010800250719297341,0.971582502993121,0.06473417755559949,done,twin_tub
209.1,0.12077472128181793,-0.022215762337508896,0.9910607235157182,0.004334731767906358,done,twin_tub
209.2,0.02073846296768747,-0.006771695790589064,0.9951687915761174,0.04103287079854756,done,twin_tub
209.3,0.0029901662264050946,-0.03477309280102805,0.9865563757703337,0.0785159094715451,done,twin_tub
209.4,-0.03893588912976481,0.014505350886302854,1.0243424614503915,0.0501442492566727,done,twin_tub
209.5,-0.019124443479514603,-0.01157634338265737,1.0192396416539606,0.06792633632352849,done,twin_tub
209.6,-0.006411307018419122,-0.02015366699932426,1.0349970140531188,0.01716403332897825,done,twin_tub
209.7,-0.016038007208013978,0.01495975228863005,0.990069244566664,0.017960209735873547,done,twin_tub
209.8,-0.00048233503580544533,-0.034311473339228654,1.036075827029437,0.07874484915690469,done,twin_tub
209.9,0.05334048230421863,0.023115066415673832,0.9590800874206886,0.05202430731514507,done,twin_tub
210.0,0.03741500752107702,-0.014350121654740824,0.9583484709703043,0.05206548724418288,done,twin_tub
210.1,-0.004764981494047628,0.034772893322825515,0.9635859494172636,0.027636943437860072,done,twin_tub
210.2,-0.03624839833997581,-0.011782127346887017,1.0002763507789627,0.052015634579004634,done,twin_tub
210.3,0.04012102928707239,0.018957289996737722,1.0360713434973328,0.027081248633198076,done,twin_tub
210.4,-0.001471628203840933,0.005386871213187176,0.9819357375808111,0.07373740897811301,done,twin_tub
210.5,-0.05179501276807065,0.022317056211434604,0.9856991978510669,0.10455661419736342,done,twin_tub
210.6,0.021372903554791083,0.0032984067644288182,0.9935194613407199,0.05967882107330659,done,twin_tub
210.7,0.03077060052700396,-0.049901922370297315,1.0171848437016295,0.03730107229076913,done,twin_tub
210.8,-0.07277725214804007,0.03026380617726396,0.9856712408993628,0.0006731666098931666,done,twin_tub
210.9,-0.0247366392639871,-0.002630487673737218,0.9839974912625049,0.016310717709153176,done,twin_tub
211.0,-0.003313620339231419,0.02368548232064439,0.9596381420992692,0.08109723662054272,done,twin_tub
211.1,0.022035327339258524,0.020707394306065694,0.9828483666646863,0.029416163134578538,done,twin_tub
211.2,-0.015472397538725136,-0.02319889443034025,1.03532385258806,0.04258330236626976,done,twin_tub
211.3,-0.024964257059218092,-0.027443862155258906,1.0027277802543544,0.06310651949158357,done,twin_tub
211.4,0.021815077490408473,0.01966065304347012,0.9778043646925626,0.07964579598723585,done,twin_tub
211.5,-0.014049671199424773,-0.009097470882315413,1.037084319181868,0.04600826157672324,done,twin_tub
211.6,0.01626163951646091,0.02809287838399491,0.9824435949381943,0.04190666260667931,done,twin_tub
211.7,-0.033345469649237715,-0.0053460282858906975,1.042598667384474,0.051432420570213674,done,twin_tub
211.8,-0.04056999057709195,0.030702293323448645,1.042108209337003,0.037447243667215656,done,twin_tub
211.9,0.02265807472711191,0.01269913452627305,1.00168034879124,0.0385236159341409,done,twin_tub
212.0,0.007575597309516416,0.008639249811424454,0.9550435141788494,0.05823760235067747,done,twin_tub
212.1,0.027673671997086213,-0.011220335962208231,1.0686850184603727,0.05370583035668973,done,twin_tub
212.2,-0.015977790027643254,0.006972828421845498,1.0116182816879364,0.09263210613117168,done,twin_tub
212.3,-0.023853159074392352,0.03578558144858128,0.9902833892583823,0.05877697633270859,done,twin_tub
212.4,0.04082156662622732,-0.0016264637598995923,1.0286838374432516,0.07302291096187656,done,twin_tub
212.5,-0.045688762919834106,0.015935233310515662,1.0210690836106404,0.028574296465537382,done,twin_tub
212.6,0.03754382127541874,0.0013908022874911815,1.0393281504965932,0.06050314580060542,done,twin_tub
212.7,0.039615141224471496,0.003738121282362656,0.9801295663396031,0.03554037306797882,done,twin_tub
212.8,0.025802685427982256,0.05170232270814896,1.0095542023832318,0.05790906526593116,done,twin_tub
212.9,-0.02063422551031344,0.036051900931186535,0.9644238930926519,0.06377029196229682,done,twin_tub
213.0,-0.024495715101760778,0.0023821144558715504,1.019990031872237,0.05099737688002948,done,twin_tub
213.1,-0.006301673189945986,0.006433622638081023,0.9993116389111844,0.09814651442949586,done,twin_tub
213.2,-0.03885119030494198,-0.021056115106529067,1.0084302776646044,0.07855959538216906,done,twin_tub
213.3,-0.0288508199626079,-0.005189146387948595,0.9956095082847859,0.07354490665658193,done,twin_tub
213.4,0.01934202874527138,0.00928193362645845,0.9924703353823492,0.06528572384740028,done,twin_tub
213.5,0.019480473426724713,0.025518407687073835,0.9739530647795586,0.08526721635460088,done,twin_tub
213.6,-0.03148724479604869,0.022476626907327567,1.023712906440527,0.021260614050615686,done,twin_tub
213.7,0.020283658059002237,-0.03327777167713531,1.0446911211022432,0.07740566235981153,done,twin_tub
213.8,0.013629099172194183,0.02930948192035894,0.9832999492326975,0.030175113760009545,done,twin_tub
213.9,0.045296587637313104,-0.0026632103813265867,1.0166062151491329,0.03871321761866541,done,twin_tub
214.0,0.017074093256025647,-0.029609740670326137,1.0129655087398073,0.061227848881233365,done,twin_tub
214.1,0.03175743161203134,0.040091542122957645,1.0002429343404657,0.07466440331021447,done,twin_tub
214.2,0.014312327727906337,0.043898369902138586,0.9542021279990585,0.026928467366360762,done,twin_tub
214.3,0.029397873290915637,0.007912409470219808,0.9609520794666823,0.03974910244644538,done,twin_tub
214.4,-0.03861351469703325,0.021263808057157045,0.9765705414654529,0.05195064145002621,done,twin_tub
214.5,-0.003652333713327402,0.02302347626233296,0.935829858292842,0.046272679906085724,done,twin_tub
214.6,-0.0011694830468258939,0.04187316458436753,1.0422409218971684,0.06708064122470375,done,twin_tub
214.7,-0.007312498408058472,0.02184205576295175,1.0110310968753915,0.1187185523196904,done,twin_tub
214.8,0.013316598909501768,-0.03983064832315706,0.9991011685480263,0.0583864141705176,done,twin_tub
214.9,0.01903138963487253,0.060294232469133825,0.9342929254219652,0.03529607123675368,done,twin_tub
215.0,0.011767712312134452,0.031969706684401286,0.945283874349388,0.02406983338722009,done,twin_tub
215.1,-0.005308316436640135,-0.015285726158182938,0.9999297583543912,0.04349492172828789,done,twin_tub
215.2,-0.022071902395353747,-0.03088875217072229,1.0591146989645193,0.0311950022794242,done,twin_tub
215.3,0.03291558222468702,0.015144402912122512,0.9790406741238076,0.059350995839508466,done,twin_tub
215.4,0.010491984498415052,-0.008347801151027377,1.0259139404323732,0.05904043271568453,done,twin_tub
215.5,-0.030558415751982253,0.009899860619968776,0.9856029277697512,0.04073663590950087,done,twin_tub
215.6,-0.005810626249488713,0.022302205238347902,1.001657177778666,0.08969910027567567,done,twin_tub
215.7,-0.05229899033122084,-0.01699325663990386,1.036440515466788,0.035291053615202114,done,twin_tub
215.8,0.0010611184304232869,-0.03348323978053012,0.9896214510950037,0.04761137864203652,done,twin_tub
215.9,-0.005951398277957879,0.011574554036159344,0.979296852758436,0.06278325331779636,done,twin_tub
216.0,-0.017234008510660134,-0.016001635658309206,1.042542116623743,0.06784109787539658,done,twin_tub
216.1,0.04753800569410588,0.0043828735719719444,1.0013667346334079,0.07555153043086399,done,twin_tub
216.2,-0.03468462358626337,-0.040299793108867936,1.032736152717585,0.05856992957986478,done,twin_tub
216.3,0.02119178855047006,-0.007565481734239127,0.9794425331984594,0.07101825401575994,done,twin_tub
216.4,0.0656012448279562,0.0214485567311999,1.0422002262688292,0.03669783655944122,done,twin_tub
216.5,0.032318037111500636,0.018177975229403905,1.0082088182360383,0.06836163920700765,done,twin_tub
216.6,-0.0009461634629330109,-0.02365073912619806,1.0130436287864397,0.068094583003128,done,twin_tub
216.7,-0.03402205918269982,-0.03504793107954155,1.0039488793428752,0.08025773349507072,done,twin_tub
216.8,-0.04086186529753366,0.00047291069255376385,0.984835750540105,0.016631280155429154,done,twin_tub
216.9,-0.012346550848725659,0.016830983910582267,0.9999495156851509,0.03185633768797866,done,twin_tub
217.0,-0.020610022017417247,0.01215525420577653,0.986722292860319,0.06646281938734605,done,twin_tub
217.1,-0.02158640726874397,-0.015364795330839296,1.0287863818793435,0.0030272895976279357,done,twin_tub
217.2,-0.009789403664137322,0.008934733274598101,0.9939082849879401,0.059840123475767004,done,twin_tub
217.3,-0.0030674127865706062,0.04507066413827984,0.955104783166183,0.07119608849862735,done,twin_tub
217.4,0.014556358429358889,0.006154340619270827,0.9496172879503215,0.0384724950489912,done,twin_tub
217.5,-0.03713388658387288,-0.0489944380745586,0.9481984554303873,0.041396199997761764,done,twin_tub
217.6,-0.0204673138839915,0.0060960101430192655,1.0185391227266183,0.028517253055201926,done,twin_tub
217.7,-0.004790162484674439,0.06131870913637827,0.9654548706587966,0.03956905760537194,done,twin_tub
217.8,-0.005864555802698072,-0.038621724393467866,1.009002573275157,0.04014862996076485,done,twin_tub
217.9,0.05509271122240268,0.0008917398548706631,1.0040972355247424,0.03634317451068957,done,twin_tub
218.0,0.0069673977817157244,-0.006790062990964032,0.9980587421527067,0.03524643644431007,done,twin_tub
218.1,-0.048407694358782734,0.0028764887782519203,1.0131521561014711,0.04457990430223213,done,twin_tub
218.2,0.01254544084760294,0.005827564594613153,1.0047491061127158,0.044337913686877575,done,twin_tub
218.3,0.01636991168231936,0.03419915958188773,0.9187081077165715,0.08748263799722114,done,twin_tub
218.4,-0.0037538408473421435,0.002543498592024318,0.9902912427745453,0.0421162971376598,done,twin_tub
218.5,-0.03640190023227604,0.038317786716361414,1.012753094021903,0.05688300432383717,done,twin_tub
218.6,0.05274164085940388,-0.003529669763594475,1.04920848432265,0.03846234067047397,done,twin_tub
218.7,-0.032096517407437714,-0.010504103219238992,1.050593728497475,0.03820808448317086,done,twin_tub
218.8,0.019823166192478005,-0.02007548949115817,0.9591054845924423,0.015912589245347553,done,twin_tub
218.9,0.0060015158719180575,-0.05451261087360458,0.9895082410206169,0.018572675043778138,done,twin_tub
219.0,0.0180243164708931,0.008273442357775194,0.9530165555887601,0.02586003440694001,done,twin_tub
219.1,0.0512057377250199,0.061620008654155276,1.0455965522533024,0.053673936695201416,done,twin_tub
219.2,0.016849166164231055,0.013747064318575836,1.0303856862444565,0.07152347310569171,done,twin_tub
219.3,-0.01675992681130599,0.020602420624850386,1.0105176366058952,0.014266709462089647,done,twin_tub
219.4,0.03317976825383883,-0.012390939750433651,1.0049828458378063,0.039018463973023665,done,twin_tub
219.5,-0.018932983501323587,-0.007330001738210121,1.0414189330104842,0.022662185812993035,done,twin_tub
219.6,0.004906740341858036,0.029539244649997864,1.0363397558428042,0.044714458117329006,done,twin_tub
219.7,-0.0387925082404737,0.06026080920869461,1.0347413408996837,0.07151538987414302,done,twin_tub
219.8,-0.030998436820102573,0.04463843807390459,1.0137003957934678,0.0410623519678405,done,twin_tub
219.9,0.001541600113085591,0.02415733889184066,0.9895231510145751,0.04904966055600607,done,twin_tub
220.0,0.011042601257426163,0.001054517381715269,1.0230137449605268,0.07910456792784629,done,twin_tub
220.1,-0.05107171868073091,0.006291567428019705,1.0244812571576534,0.05915801861015819,done,twin_tub
220.2,0.014918621040019927,-0.02260521958284763,0.9942808759122412,0.03479816288366396,done,twin_tub
220.3,-0.024582869297948923,-0.04344502563907971,0.9894625324349727,0.05317830571671451,done,twin_tub
220.4,0.038390640470135,-0.03380395073279823,1.0339993980867463,0.03344901977195419,done,twin_tub
220.5,-0.010558932864735247,0.001494001035658125,1.0499234832630882,0.05840964025472,done,twin_tub
220.6,-0.033708668086499576,-0.008759767842800316,0.977518126572557,0.06030680308145519,done,twin_tub
220.7,0.002274136738777568,-0.044083251141590535,0.9920986997365607,0.02265680599003095,done,twin_tub
220.8,-0.027487050032361758,-0.0011197013714920841,1.010527992293641,0.053502988347715476,done,twin_tub
220.9,0.03806835424299377,-0.009552909733978347,1.0145979699324583,0.04764853484008161,done,twin_tub
221.0,1.5906225992991512e-05,-0.03518546565852241,0.9843290092227611,0.06089354794344224,done,twin_tub
221.1,-0.004550298692798613,-0.011105370318602115,1.0565056189103212,0.06662694102038266,done,twin_tub
221.2,0.017754030567930235,-0.009628590021490326,1.012662857966355,0.059548992082492105,done,twin_tub
221.3,-0.03014842317600879,-0.018499114197734,1.0159415022541165,0.043936132932404955,done,twin_tub
221.4,-0.03867460965985542,0.027800104943278187,1.0527665224453526,0.06866660041728001,done,twin_tub
221.5,0.012250547383249108,-0.05708704686279936,0.9865281512426622,0.03253874447379497,done,twin_tub
221.6,-0.03299012124026427,-0.05957396972132913,0.9973470437067317,0.023589560132610016,done,twin_tub
221.7,-0.0330003046124837,9.857353347275515e-05,0.9624003331293511,0.013905733691216005,done,twin_tub
221.8,0.025102680936626626,0.002883815681769177,0.9948294858323926,0.0485971809652569,done,twin_tub
221.9,0.015751923299518196,0.0121264540805692,0.9553321742819392,0.0335690712101313,done,twin_tub
222.0,-0.03761488627358734,-0.01616920524837282,1.0224354806257951,0.05795508952150702,done,twin_tub
222.1,-0.01857408128824009,-0.02753771415276995,1.0125999025020997,0.01057545211911265,done,twin_tub
222.2,-0.0271119466783896,-0.00021948398084842359,0.9916879207888438,0.03705642898201,done,twin_tub
222.3,0.05328957894121741,-0.013247344060439885,0.9969872887654646,0.059405398117289704,done,twin_tub
222.4,0.027180312827118254,0.04653214213967083,1.0228439924556698,0.029403277073020394,done,twin_tub
222.5,-0.012625345380158219,-0.009726817497755754,0.965926117393303,0.058185134972257246,done,twin_tub
222.6,0.017285840680304778,-0.0015955545515123376,1.0061250360235756,0.03885954809863919,done,twin_tub
222.7,-0.04068558557792488,0.07426254418793828,1.0209852941937623,0.04934383380440005,done,twin_tub
222.8,-0.020179384535684786,-0.005842806801920606,0.9465317776777827,0.06190316012833712,done,twin_tub
222.9,0.0031458979782565868,0.01668470595597272,1.0205481401710605,0.06905594046230626,done,twin_tub
223.0,0.013566922474377388,0.019389283001590592,0.949778126102153,0.05184984822641214,done,twin_tub
223.1,-0.002923773765403322,0.021942049311546436,0.996472165484454,0.03371979410242511,done,twin_tub
223.2,0.007440405321426778,0.008684617962337571,0.9650982668771432,0.040839222752407006,done,twin_tub
223.3,0.0023500937985937876,0.005815223832315289,1.0429373973787004,0.06273910726173916,done,twin_tub
223.4,-0.004907322060669521,0.0030100286951134842,0.9652863683754296,0.02957492833034787,done,twin_tub
223.5,-0.00888436776572681,-0.017279817067013196,0.9504943032410386,0.04643866806719589,done,twin_tub
223.6,-0.012787946180333526,0.009765564085178053,1.0040005642478895,0.04228231803277051,done,twin_tub
223.7,0.006958125258857642,0.06085937512273776,0.9875889105993754,0.04793276433362071,done,twin_tub
223.8,0.012324467675983684,0.036320457268906724,0.954861843140082,0.02981434941501246,done,twin_tub
223.9,0.005950775019565019,0.0091175406667391,1.0157744559746456,0.012961112955757768,done,twin_tub
224.0,-0.035357911500031786,0.0256748939431797,0.9402550281265096,0.06041485231919287,done,twin_tub
224.1,-0.029967835534295627,-0.026075277261919567,0.9689127708225063,0.06928262846977297,done,twin_tub
224.2,0.011966454178442018,-0.007815364625991562,0.9827434518873764,0.01415650085003687,done,twin_tub
224.3,0.04415019902012633,0.028435495325521656,1.0240666717646543,0.05737852321852433,done,twin_tub
224.4,0.004572463846762657,0.044615015803745744,1.0388640510103946,0.07166365829690353,done,twin_tub
224.5,-0.012350052374309826,-0.02312598516286134,1.0330834674198273,0.06191822093524647,done,twin_tub
224.6,0.0067302136632832665,-0.014507649282694714,0.9954017862861331,0.04166659642647867,done,twin_tub
224.7,-0.034104642675402856,0.06544127381635609,0.9271807526561453,0.03113007260498485,done,twin_tub
224.8,0.03926829469609391,0.002887837493069174,1.0117255906365568,0.05161956158699979,done,twin_tub
224.9,0.0055978243352408485,0.054700859181011356,1.0441172121767384,0.05495570117693762,done,twin_tub
225.0,-0.02008371639631645,0.006205719518273774,1.037013712234407,0.05191615022311798,done,twin_tub
225.1,-0.005003863982786253,0.007385408469763056,1.0138884702923117,0.04639730739764869,done,twin_tub
225.2,-0.01581108696190847,-0.009164726629796923,0.9643149170698464,0.028346965517544856,done,twin_tub
225.3,0.03935009930450501,0.02827665424530686,0.9842407898911476,0.058453765826177034,done,twin_tub
225.4,-0.006067202683411773,0.04073332650911999,1.0580144319623703,0.05941708988827048,done,twin_tub
225.5,0.0046609723834677855,-0.031050066904226008,0.957498113960076,0.05401644250923344,done,twin_tub
225.6,0.017211793699538753,-0.010573516566613102,0.9655647631554884,0.05221987290142515,done,twin_tub
225.7,-0.022222998112936262,0.02745235573122661,1.0282765465349586,0.08358498975492211,done,twin_tub
225.8,0.005811283984054712,-0.003886459133529837,0.9870652226558342,0.03751242430853208,done,twin_tub
225.9,0.008233067081826294,-0.014801564055996305,0.9645473463338613,0.07562870194913313,done,twin_tub
226.0,-0.04662236463061863,0.030286264616082054,1.0458391353616905,0.03531951061556325,done,twin_tub
226.1,0.007580894663328299,0.03310359614137533,1.0138316793443543,0.07217901145912857,done,twin_tub
226.2,-0.001372861948294175,-0.013489262720164158,0.9885459650686846,0.07466735100161087,done,twin_tub
226.3,0.0038989887634799,0.006370995839638368,0.9656267549230145,0.04413897593196235,done,twin_tub
226.4,0.0010688914047169973,-0.03625424387712699,1.0614221969157982,0.08321926108121667,done,twin_tub
226.5,0.007775096188502461,-0.02686442731436097,0.9992664454376018,0.05938071773492179,done,twin_tub
226.6,0.04012029677028474,0.003724956964001399,1.041919841874085,0.03245455117718865,done,twin_tub
226.7,-0.03538522236255328,0.0009422036273953059,1.026809006338283,0.04251686811221582,done,twin_tub
226.8,-0.010264570065012604,-0.029006282751919035,0.984372953150103,0.07265524612213303,done,twin_tub
226.9,0.019998558868885092,-0.02147921774176726,0.9846117665503066,0.068461294037533,done,twin_tub
227.0,0.014427776031837331,-0.03195133109866678,1.0433894469380176,0.028839191972414187,done,twin_tub
227.1,0.013782166600262524,0.013651795707396318,1.0438755199785994,0.04721485375619006,done,twin_tub
227.2,0.08260731647020012,-0.059029175900757,0.943692520716378,0.05407045965553024,done,twin_tub
227.3,0.018424065723501176,-0.03034731688680588,1.0164934078294658,0.039847908218487826,done,twin_tub
227.4,0.033928133887650744,-0.055888246434969625,0.9963635558582914,0.09715599446749439,done,twin_tub
227.5,-0.009212161765575252,0.012570618115739418,0.9690003051118449,0.05467327486810651,done,twin_tub
227.6,-0.029787371216918462,-0.05408200650164104,1.007852382841516,0.04876375618193902,done,twin_tub
227.7,-0.009429522877009017,0.0009518759560662081,0.9595120962704081,0.0738170208851618,done,twin_tub
227.8,0.021358805140302126,0.0491857204724227,0.986006339360617,0.0426957293032233,done,twin_tub
227.9,0.012204835644875262,0.05020301943812705,0.976045788016901,0.07014855221234646,done,twin_tub
228.0,0.012097541117966393,-0.05417722707536463,0.98500626207532,0.016645352088340302,done,twin_tub
228.1,-0.006430331603913833,0.008952288048928671,0.9978556451901403,0.04092691907508868,done,twin_tub
228.2,-0.01121407856438926,-0.02966913889141364,0.9695330001428354,0.07098140836754493,done,twin_tub
228.3,-0.0053957173287983344,-0.03579408107130774,1.047195370866199,0.08140395441179343,done,twin_tub
228.4,0.021734263504956386,-0.0034040986317022204,1.0147984970018238,0.03453408573988014,done,twin_tub
228.5,0.025221822845112544,0.03684873470799376,1.0538368908514617,0.03220356727562704,done,twin_tub
228.6,-0.03018724949013683,0.017989766226610745,0.9951976009276594,0.06134892860740918,done,twin_tub
228.7,0.022870276782943476,-0.02145422785448642,0.9835363011310867,0.03753932210164575,done,twin_tub
228.8,-0.01952163692268689,0.021151019922300073,1.0527524684347909,0.044628441644892124,done,twin_tub
228.9,0.0140676495552316,-0.06731124995645038,0.9826582078037804,0.06752810049474316,done,twin_tub
229.0,-0.0057589722738746445,-0.02258837395299721,0.9946512393403263,0.03911795636771976,done,twin_tub
229.1,0.046973656477169536,-0.02471674634103752,1.0216014223149195,0.010691484969286291,done,twin_tub
229.2,-0.012542238869434367,0.002349620752167935,0.9628682257510817,0.023978311287882376,done,twin_tub
229.3,0.005358355226843497,-0.00608483890979999,1.0213388405438095,0.05019911171440562,done,twin_tub
229.4,0.018197794726782828,-0.004244132808596547,1.017500411984938,0.012731537030542313,done,twin_tub
229.5,-0.026218765503686462,-0.0052415859031841585,1.038079759541135,0.04405679165405359,done,twin_tub
229.6,-0.0021857116628083554,0.00067221722967261,1.0267013350903043,0.022158069675120164,done,twin_tub
229.7,-0.007997546538694118,0.01620392900874671,1.038999350586327,0.08279878013731197,done,twin_tub
229.8,-0.015414404502179195,0.004479930783071484,0.9966873429847477,0.09330285189531345,done,twin_tub
229.9,-0.013191690044497188,-0.008530554498136752,0.9741198904387882,0.028836057953158634,done,twin_tub
