t,accel_x,accel_y,accel_z,current,true_state,machine_type
0.0,0.009141512392632941,0.010127236463968006,0.9946116575850562,0.06030820805801622,idle,front_load
0.1,-0.031199523187214865,0.0422244558394115,1.0059032828997088,0.038449222252886994,idle,front_load
0.2,0.022513535874193715,0.0027175472070523664,1.0246158542625226,0.07548894433882479,idle,front_load
0.3,0.028216941491736414,0.019318163798305737,0.9881877648332629,0.03744824927126161,idle,front_load
0.4,-0.05853105565961509,-0.061505163030930676,1.0156350176719633,0.03726769433795529,idle,front_load
0.5,-0.039065385205869545,-0.0014615520579035384,0.9920248362425387,0.06082263221609063,idle,front_load
0.6,0.003835212095018561,-0.025296908108786133,0.9964737349801561,0.06525852964673873,idle,front_load
0.7,-0.009487277770307466,-0.03656439181270884,1.024885571260722,0.05896198727872408,idle,front_load
0.8,-0.0005040347251286638,-0.02634457100786252,0.9402081888683753,0.01628805365230384,idle,front_load
0.9,-0.025591317827207402,-0.010023703221024362,0.9611058301577572,0.06076068879856503,idle,front_load
1.0,0.026381939245884854,0.02747707627068039,0.9555344380767153,0.02931383896651202,idle,front_load
1.1,0.02333375806286845,-0.03979178153218692,0.9299915164045509,0.05470552223176527,idle,front_load
1.2,0.0019809209268364814,0.0009189447778325233,0.9796520667953447,0.0215253112920188,idle,front_load
1.3,0.033817236209040986,-0.014525083000007355,1.0224830169918322,0.058926442950861274,idle,front_load
1.4,0.014025280267561368,-0.009830192830858826,0.9914534780085228,0.03386802191385255,idle,front_load
1.5,-0.025778773886497148,0.030082734759138124,1.0059337024582555,0.02434730699478957,idle,front_load
1.6,0.011062523522474966,0.01614346311011778,1.0326765249013237,0.06427640272964799,idle,front_load
1.7,-0.028766478024869965,0.04012194322328231,1.0398305839680309,0.05483289043353503,idle,front_load
1.8,0.026353509039218175,-0.004635170377497014,0.9979258619582159,0.03772046397214206,idle,front_load
1.9,-0.0014977773295875869,-0.020878278350121092,1.040607576687082,0.07902357698042128,idle,front_load
2.0,-0.0055458709063578165,-0.006715764506414985,1.0027637997530232,0.041186951568605155,idle,front_load
2.1,-0.020427886332118242,0.007274903738136647,0.9748780532851762,0.050642153479418694,idle,front_load
2.2,0.036676240160220905,0.005297200753611331,0.9821679894340379,0.05537826895357202,idle,front_load
2.3,-0.004635884462064065,-0.032531642167000996,0.9555839046230495,0.03760668131742773,idle,front_load
2.4,-0.012849834664893216,0.0027146934488362262,0.9733559843879904,0.05942272586799859,idle,front_load
2.5,-0.010564006514646887,0.006846849904167154,0.9892594993577671,0.03933095305670552,idle,front_load
2.6,0.015969275566600463,0.07552422112601762,1.024107550581358,0.04176723355567582,idle,front_load
2.7,0.01096332193092235,0.056305338338450105,1.0516230949349794,0.07725285279606682,idle,front_load
2.8,0.012381978347879652,-0.0255973005167646,0.9585345545386887,0.02918827894975134,idle,front_load
2.9,0.012924630090236481,-0.008621500846475283,1.0117848240477976,0.001744393381410199,idle,front_load
3.0,0.06424942802611383,-0.04390326005511009,0.968783681825274,0.0822187399002379,idle,front_load
3.1,-0.012192450491538467,-0.017721210418904593,1.014240912653896,0.10098655905214006,idle,front_load
3.2,-0.01536728187214612,0.009468150107710214,0.9960674004793681,0.04189461469101337,idle,front_load
3.3,-0.024413181847436332,0.036175608626647,0.9450728252245741,0.011263239187596294,idle,front_load
3.4,0.018479382677264868,-0.021872515132308253,1.0278489097470545,0.04379032047608113,idle,front_load
3.5,0.03386916878162675,-0.019624393202033897,0.9818499786157381,0.04427554100318662,idle,front_load
3.6,-0.003418423729646252,-0.06441867089215965,0.9839829928487933,0.046201523179554865,idle,front_load
3.7,-0.02520469430887584,-0.00487997761634723,0.9679074276613093,0.027732239161563036,idle,front_load
3.8,-0.024734436470737187,-0.03187243235578689,0.9803715016993734,0.06159122284952955,idle,front_load
3.9,0.01951778363474103,-0.015883182820982212,1.0128367132208476,0.06049014750572172,idle,front_load
4.0,0.02229762513610327,-0.026305823345027644,0.9943226697719079,0.020111887603613873,idle,front_load
4.1,0.016294628049155848,-0.0028278766275767094,1.0098598600684745,0.06398393463389776,idle,front_load
4.2,-0.01996529121866083,-0.052731851740698936,1.0108576556178652,0.09105369963891782,idle,front_load
4.3,0.006964839692001593,-0.04401135736172972,1.039619849665845,0.0534392066487412,idle,front_load
4.4,0.0035005742742218464,0.06387741336084894,0.9897164154740686,0.043253496758629884,idle,front_load
4.5,0.006560657901870388,-0.038622677438220926,0.9556942654946281,0.04715993571184958,idle,front_load
4.6,0.026142863338445694,-0.03290356735363919,1.0320166724971596,0.06230513533937123,idle,front_load
4.7,0.0067078664632404675,0.05510740584963942,0.9900553548370824,0.015386567889855637,idle,front_load
4.8,0.020367406892156846,0.08715201507721221,1.0334377733373212,0.053287814059546044,idle,front_load
4.9,0.0020273720846667436,-0.03514699886476025,1.0115013133954742,0.0421907210107438,idle,front_load
5.0,0.008673581960699525,-0.011047468703640916,0.9960658740938997,0.08695650025912091,idle,front_load
5.1,0.01893864677515621,0.010246666528215286,1.0104632768213888,0.04651654532390084,idle,front_load
5.2,-0.043714674595669994,0.05186092933216777,1.058530376803789,0.08335775222239039,idle,front_load
5.3,-0.00959013649071904,-0.029605712352847122,1.0623094158716127,0.027925186044359857,idle,front_load
5.4,-0.014111179628783865,-0.007358335378263292,1.0020814340539834,0.061745183336055845,idle,front_load
5.5,-0.019166335447300255,0.02332012728185232,1.0048057177995122,0.056388005275824576,idle,front_load
5.6,-0.008254267536800511,0.013042982233998558,1.0322872047239915,0.032619055042704355,idle,front_load
5.7,0.04484823933703187,-0.011284682136902978,0.9746301690169796,0.05354792229273881,idle,front_load
5.8,-0.025974933470797296,-0.004014688935481234,1.0099921111785477,0.07425037673663201,idle,front_load
5.9,0.029048350637744424,-0.04124687425109946,0.9992241145613843,0.04352416591426799,idle,front_load
6.0,-0.05048609314847414,-0.007145212319239956,1.0094172463437265,0.016160747016604735,idle,front_load
6.1,-0.010046550899573245,-0.007991624700268653,0.9749989358215179,0.04964874347045108,idle,front_load
6.2,0.004882591953150168,0.006965096688787678,0.9523129752007309,0.031951538104149746,idle,front_load
6.3,0.017586669940778343,-0.01665981656457048,0.9378104969202612,0.043153181226722355,idle,front_load
6.4,0.021336797393785648,0.01414615567635417,0.9664784766103117,0.048368244606297586,idle,front_load
6.5,0.023800417055997756,0.030381474534594857,0.98623974145182,0.01588695567968966,idle,front_load
6.6,-0.010461752167453127,0.004662879830053981,0.9912042524005371,0.01768683321358644,idle,front_load
6.7,-0.013870553779937015,0.010552692251976104,1.0581169348728856,0.05964133671051051,idle,front_load
6.8,0.025739276437714613,0.0015946604273360209,1.0331798010972189,0.039545626076606395,idle,front_load
6.9,-0.005739129746448446,2.5317927424254128e-06,0.9711372665097512,0.001294886836411338,idle,front_load
7.0,-0.03827058970013766,-0.02164674100628542,1.0104312535735287,0.0656968807321627,idle,front_load
7.1,-0.03399861642010442,0.00949482785019924,0.9877876529094902,0.0554473951054848,idle,front_load
7.2,-0.02758356858004834,-0.002918597952404684,0.9914690848587971,0.035722503519270324,idle,front_load
7.3,0.01491482232161292,0.06279504926791785,1.0055597694824614,0.023663395778835174,idle,front_load
7.4,0.0042727720821169575,0.04720064707425727,1.0185751335092619,0.06671615792628674,idle,front_load
7.5,0.020714560622033047,0.011575396576695023,0.9898222454834795,0.056987012451208595,idle,front_load
7.6,-0.012817579390096027,-0.022891716290843026,1.0319155459820308,0.09765204565368146,idle,front_load
7.7,0.0047561907323014265,-0.033372344159502534,0.9657418532157279,0.05840377197449875,idle,front_load
7.8,0.0187677118190201,0.035734288592665954,1.0001901718708681,0.0577540628252403,idle,front_load
7.9,-0.009280396191607152,0.007882476754414156,1.077930211797875,0.0466614413978287,idle,front_load
8.0,0.013703257126722343,0.014404302101748324,1.0066923922787583,0.06633551734401583,idle,front_load
8.1,-0.019857778231999537,-0.052337579609225776,1.042996435198185,0.06250170402496308,idle,front_load
8.2,-0.010891615396952154,0.02782315444674542,1.0027456053451962,0.0750345001713039,idle,front_load
8.3,-0.011452136819949872,0.013632610146430888,1.017423312859894,0.03957354162725431,idle,front_load
8.4,-0.03587518936767119,-0.03331292053243434,0.9982965041682192,0.04129185054112076,idle,front_load
8.5,0.014609174423567454,-0.014145744223498468,0.9948877725650739,0.0404179365817604,idle,front_load
8.6,-0.014082070206081716,0.007911516130695587,0.9766155280982374,0.06581603442357978,idle,front_load
8.7,0.00037482356183062286,0.0015740039506873086,1.0129090407687267,0.07996748880593464,idle,front_load
8.8,0.014422399767177269,-0.00876513557410665,0.9744538843244269,0.04082319013701399,idle,front_load
8.9,0.013395935280898321,-0.0031046480419788256,1.019967557089403,0.04150452544413818,idle,front_load
9.0,0.019961553269183585,-0.007559321346206561,1.0325586101333772,0.05628154447739599,idle,front_load
9.1,-0.002954564535282708,0.004576875363074057,1.0109959422171169,0.04508476999974197,idle,front_load
9.2,-0.012698949361324612,0.044144759189794706,0.9914125379933293,0.0690410730627978,idle,front_load
9.3,-0.0023915463271919715,-0.07699975322793892,1.0136189673792608,0.004964454187619066,idle,front_load
9.4,-0.05062003301874089,-0.007105507935290527,0.9907398083336076,0.03346589906166211,idle,front_load
9.5,-0.043413374172692615,0.005295372641173409,1.0280664137639546,0.03435167332077109,idle,front_load
9.6,-0.03968098837063207,0.008879819690612984,0.9450578174735463,0.003592879752277102,idle,front_load
9.7,-0.02991740482804445,-0.011157437439638694,0.9899317789564406,0.03072723111262392,idle,front_load
9.8,0.011993226801703097,-0.05270165347435748,0.9402756401462801,0.03169687768308148,idle,front_load
9.9,-0.027164371660801823,0.00983986451142329,0.9551481750931838,0.045977906909623396,idle,front_load
10.0,-0.01134487662118169,0.05182050642492555,1.0409158668944172,0.07225931783320527,idle,front_load
10.1,0.03897684893358196,-0.04601584214748413,1.0268555494591505,0.04509878697618595,idle,front_load
10.2,-0.010687919131842777,0.025914840410945647,0.9784155930014563,0.029383725594576925,idle,front_load
10.3,0.022125467054012596,-0.009855756693686817,0.9549248963187731,0.048860909175729425,idle,front_load
10.4,-0.02800853040029631,-0.0018397303748654188,0.9110641348647505,0.070983472428827,idle,front_load
10.5,-0.0061631267360289,-0.03158695532111847,0.983695134762021,0.030480823677701906,idle,front_load
10.6,-0.028500661647317436,-0.0100336851706763,1.0726124503674221,0.03178850232157103,idle,front_load
10.7,-0.010170992277016873,0.03900133784096876,1.0130465281439094,0.061170979185484475,idle,front_load
10.8,0.025209244123721865,0.01747965725963121,0.9832128314185153,0.04556927768538399,idle,front_load
10.9,-0.051819612695770456,0.05196934816229832,1.0139524062850092,0.0629496938141895,idle,front_load
11.0,0.01303270930637572,0.035322356669330805,0.9531712494101667,0.049727064164094066,idle,front_load
11.1,0.007132068069968337,0.013172600367887286,0.9910802991190709,0.06403327296179134,idle,front_load
11.2,-0.01782449867090383,0.05231803578503376,1.0029843241904721,0.029298437719187186,idle,front_load
11.3,-0.04338173563165364,0.013169794762148962,0.9974169804453685,0.049758306984234654,idle,front_load
11.4,0.0021638852314160855,0.024839645303911768,1.0237241836507025,0.04578619971273687,idle,front_load
11.5,-0.01588478127191407,-0.00889712860604125,1.0103393567870815,0.025682181517917388,idle,front_load
11.6,0.006980286340641118,0.0019963744757761446,1.0200497805432398,0.018730441042626236,idle,front_load
11.7,0.0006555643657032863,-0.020922714699008305,0.9793488315330772,0.06371498070549324,idle,front_load
11.8,0.048053366739627464,0.02968751803784559,1.0269344622523164,0.042980952355640444,idle,front_load
11.9,-0.007180668824190728,-0.035349108693445964,1.0488681084287197,0.029554394367053413,idle,front_load
12.0,-0.030704924778655947,0.02347051027252984,0.9708955144104576,0.04807642126153336,idle,front_load
12.1,0.0053782690486894845,-0.005719531725154783,0.9733691303285632,0.07256037714698606,idle,front_load
12.2,0.006599900519152955,0.03513741280401958,1.040073530089607,0.004385243092561546,idle,front_load
12.3,0.04077562725721309,0.022526069661937796,0.9942596803991481,0.020067226201933474,idle,front_load
12.4,0.025053337377437354,0.054619384729404044,1.0421146417619966,0.031542271162094654,idle,front_load
12.5,0.01070613177448528,0.021923240734159345,0.9867239286432344,0.07922357733440658,idle,front_load
12.6,0.04389908673658685,-0.04716120766959722,1.0436513672881214,0.055651739658385935,idle,front_load
12.7,-0.03566289162968553,-0.0020085951869460252,1.0039445745041635,0.06534634480922454,idle,front_load
12.8,-0.01919254598249243,-0.03516021577784448,1.0077468646996808,0.027196781617475393,idle,front_load
12.9,-0.027797278242165747,-0.01554839527098824,1.046941540650097,0.02760928249458948,idle,front_load
13.0,-0.011694294094673038,0.04533685299830165,0.9891468856766749,0.05895627433445421,idle,front_load
13.1,-0.04130058442668926,0.01912601432693088,0.9717663371222512,0.051165486618708934,idle,front_load
13.2,0.019054528404432128,-0.020967912857362388,0.9865430737591494,0.06097477637728253,idle,front_load
13.3,-0.006666680912963201,-0.030411520993211965,1.0135700185192942,0.04624658018143096,idle,front_load
13.4,-0.044124188835079736,0.0009834627862878237,0.9530272278345846,0.055562874529092546,idle,front_load
13.5,-0.030467372436226246,-0.03649680448143383,1.0191241270795337,0.05316238169810219,idle,front_load
13.6,0.009405415423505857,-0.020134208321897433,0.9838368604714677,0.06555534778169851,idle,front_load
13.7,0.025143797036831433,0.009360284146537315,1.0344343798220068,0.06614016563888941,idle,front_load
13.8,0.05990192675075359,0.03465936108320088,0.9281721908529859,0.017602560112164607,idle,front_load
13.9,0.08741587398021988,0.018262844166733194,0.976403026746875,0.005054628893182887,idle,front_load
14.0,0.01243228299827989,-0.068738685257943,0.9494059554629769,0.07003490795303015,idle,front_load
14.1,-0.029686143600955922,0.009131001870907793,0.9752131160090814,0.07375450186523874,idle,front_load
14.2,-0.06396138842193927,0.0021610071969773376,1.0074299770332682,0.029587539609733253,idle,front_load
14.3,0.008031343870315073,0.012416708561180791,0.9946232012365074,0.012803291869087428,idle,front_load
14.4,-0.02438823285930978,0.048486290449536215,0.9923986729315596,0.051980696420144024,idle,front_load
14.5,-0.01246071780539056,-0.06189714830414228,0.9952244538585981,0.0686167645270106,idle,front_load
14.6,-0.018362903971794242,-0.017733102755733168,1.0061016472185984,0.08595189044868629,idle,front_load
14.7,-0.004223726592491558,0.01772718968380064,0.9697439187417067,0.06032595144202903,idle,front_load
14.8,0.03197940692362931,-0.047447831983618266,1.0212054892269715,0.0425656660682861,idle,front_load
14.9,0.0047114570233603385,0.044278471441605266,1.0198799791115645,0.03213738756830275,idle,front_load
15.0,-0.004759045111160649,0.011050698381019752,1.0115511381296831,0.05022902583341309,idle,front_load
15.1,-0.031069612584774347,0.02539751957530212,1.0166960032825378,0.044014705922294874,idle,front_load
15.2,-0.05024048834113071,-0.017128309845653836,1.0088925400242599,0.02969864188542368,idle,front_load
15.3,-0.014589237272199925,0.024412910698986313,1.061052199081932,0.09097511301726574,idle,front_load
15.4,-0.0016134765245496147,0.03205414667967115,0.9973871748684247,0.08570336804144263,idle,front_load
15.5,0.053037897407396485,0.00698634060411505,0.9907875034499627,0.07272097367110858,idle,front_load
15.6,0.003908235644186575,0.007032026780960878,0.9773941725892786,0.031582992043817454,idle,front_load
15.7,0.029482185330691725,0.008110297178451777,0.9690321198826649,0.06710038648594557,idle,front_load
15.8,-0.014978867956174561,-0.02590035794218145,0.9626658463719677,0.06279252818995804,idle,front_load
15.9,-0.03554831299251074,-0.0044258604072105875,0.9733360806030724,0.05885091248408106,idle,front_load
16.0,-0.028953502866971154,-0.004575675973570764,0.9978795885504379,0.07499330534087555,idle,front_load
16.1,-0.021756781936072597,0.011501815930604852,1.0100288538549314,0.06270742285722555,idle,front_load
16.2,0.06385409197305493,0.029994727407308838,1.0015342617565648,0.06480028472608672,idle,front_load
16.3,-0.024641600376731583,-0.031756082459352276,0.9770339416771087,0.0627381256674442,idle,front_load
16.4,0.025154676112090348,-0.003750270909587329,1.0270055369205988,0.05681582816004212,idle,front_load
16.5,-0.02708781534261079,0.0444436664297692,1.0221823801690284,0.014327777405716335,idle,front_load
16.6,0.02794719038622732,-0.022307646864376925,0.9952105507773394,0.051672421548211146,idle,front_load
16.7,0.011548528983175894,-0.02466750051870961,0.9804125156600586,0.038876160823017494,idle,front_load
16.8,-0.004699136929742712,0.006069185754935807,1.016452837624894,0.024403180847199592,idle,front_load
16.9,-0.0012228757840630207,0.0253315557145596,1.005639207624583,0.08363633238601648,idle,front_load
17.0,-0.019643630862881713,0.0003427816668197799,0.9565561822175486,0.08457990681771407,idle,front_load
17.1,0.013382166044462416,0.039868817713109676,0.9979605923204679,0.07718441200591225,idle,front_load
17.2,-0.0136495044102234,0.025703819476995803,1.0078610743622314,0.0551042683371175,idle,front_load
17.3,-0.03676817291301744,0.025254602006701855,0.9730091564053673,0.07701250241905314,idle,front_load
17.4,-0.03833812722958858,0.016623495039722797,1.0056953017851233,0.050241063612036514,idle,front_load
17.5,0.005177637531663584,0.06982959301038255,0.9563553254422663,0.05405594553795559,idle,front_load
17.6,0.047372737692313045,-0.0061548506659813255,1.040085583000365,0.028130572590760343,idle,front_load
17.7,0.0047997484072031475,-0.06010566876199541,1.037438499551783,0.057939826089976804,idle,front_load
17.8,-0.003559149783296477,0.048127630845514226,0.9924244799709111,0.051207718568488346,idle,front_load
17.9,0.008574784188076286,-0.013730982928704769,1.0109036301351721,0.023946957663310713,idle,front_load
18.0,0.039180052251204744,0.0032364133302909912,0.9277023410260038,0.04897605776366806,idle,front_load
18.1,0.00658147504091569,0.03928652054581581,0.96530957019204,0.048405408722863835,idle,front_load
18.2,-0.012327816925012114,-0.04806778623176776,0.9911866323954361,0.0859512233328928,idle,front_load
18.3,0.033188661301796665,-0.037549416423184184,0.9678360093571943,0.06788426657026819,idle,front_load
18.4,0.012862693153848404,-0.04803833811356561,1.0214318944789198,0.050228908781829326,idle,front_load
18.5,0.04607267975987976,-0.023824088700762715,1.05991889592244,0.05497574619602166,idle,front_load
18.6,0.005497033116657184,0.013189098180509807,0.9647015584171209,0.05088424756208396,idle,front_load
18.7,-0.03673407095161501,0.01572563528438313,0.9748760978774442,0.04594172030408905,idle,front_load
18.8,-0.04104477597736995,0.008288225379856613,1.007063451049298,0.028351456052234266,idle,front_load
18.9,0.04952783796693749,-0.04238297651677099,1.0483334844549885,0.04697896244786142,idle,front_load
19.0,0.05170997162349891,-0.06930310309897932,0.963328770623803,0.035078034866949735,idle,front_load
19.1,-0.005385576398478019,0.0016306075617114678,1.0074710836692082,0.024993689221537073,idle,front_load
19.2,-0.011495619634079631,-0.014153281009150072,1.0546389655243933,0.0602244362909507,idle,front_load
19.3,0.043843328767266064,0.013781573151498352,0.950447225554622,0.0578252931986647,idle,front_load
19.4,-0.03321137046130464,0.0210586087866381,0.9615679237946251,0.014265849772638443,idle,front_load
19.5,-0.026841810568674792,0.0041472429617604575,0.9872918018061748,0.04754630725009746,idle,front_load
19.6,0.019299803840671332,0.02280399256127561,0.9843823476143376,0.06991402771799847,idle,front_load
19.7,-0.011838153685787688,0.006876341223452052,1.0243780386326093,0.07118447477792642,idle,front_load
19.8,-0.00015365600160213887,0.015901941168043998,1.0072497915946252,0.07051673685770478,idle,front_load
19.9,-0.004903286955735377,-0.02114019788609647,0.9467511382107362,0.050778264138029196,idle,front_load
20.0,-0.025351359839074532,0.23644147060439474,0.9827899092742475,1.4927274149294016,washing,front_load
20.1,0.04474328377299503,0.22400285915107376,1.0349048744291942,1.43016198306171,washing,front_load
20.2,0.157284460215629,0.2392270578200081,0.9908139376308536,1.3971589511462608,washing,front_load
20.3,0.21363264962469175,0.20509438555277276,1.033134850756167,1.7320634229197414,washing,front_load
20.4,0.27638406242194036,0.11721225100886265,1.012868961733816,1.48765114827109,washing,front_load
20.5,0.2829993895102625,0.14717797257179885,0.989714660412705,1.6905064400890388,washing,front_load
20.6,0.23379726937785325,0.05934663453068874,1.014390715917926,1.4200121725975956,washing,front_load
20.7,0.16492807222791078,-0.025475243086939513,1.009613485415381,1.5367164425697986,washing,front_load
20.8,0.13737311516279138,-0.011181805215814876,1.0306264846300741,1.4916785975615499,washing,front_load
20.9,0.08377118443805262,-0.0805167055108105,0.9835496338640495,1.2453566535722815,washing,front_load
21.0,-0.006062497361682092,-0.18488257283155568,1.0012361820034485,1.7142507459395868,washing,front_load
21.1,-0.0945910718360666,-0.13421228219988313,0.9981545296118609,1.4797269589451376,washing,front_load
21.2,-0.1393597686240213,-0.19931274895998008,1.0211244442491936,1.611962732944944,washing,front_load
21.3,-0.21737298083605514,-0.24037930488798712,0.9692446241666748,1.3871956916307662,washing,front_load
21.4,-0.2566061115855496,-0.2018001179384145,1.0305093114471358,1.4752733427630353,washing,front_load
21.5,-0.24065641497089682,-0.24214315163389522,1.0139898631651125,1.3699721460114969,washing,front_load
21.6,-0.24982390647766456,-0.23328661372518386,0.9604922477910116,1.6853997724145091,washing,front_load
21.7,-0.19493111692438633,-0.22657914704930018,1.036247884764415,1.5467114021176014,washing,front_load
21.8,-0.13875019238755465,-0.1536812633029599,1.067022792423932,1.5550580290021332,washing,front_load
21.9,-0.11143711862648416,-0.11296226491787358,1.0300550190864823,1.703727622065747,washing,front_load
22.0,-0.014437233715962425,-0.07681384439704556,1.042809543016794,1.6734511945348534,washing,front_load
22.1,0.12038755679123067,-0.0472266689456568,1.0025611414480777,1.6148013804204429,washing,front_load
22.2,0.11208392769108978,0.035231204016058275,0.9501548524078447,1.2867408979443806,washing,front_load
22.3,0.13875461512462078,0.08259051648845842,0.9446763864649742,1.3956481320724974,washing,front_load
22.4,0.18190877447651305,0.09395246918272296,1.0076524613160327,1.3494167795982972,washing,front_load
22.5,0.25087329839730005,0.13262232475691127,0.9822406357681006,1.6091300540438698,washing,front_load
22.6,0.23869164741476936,0.22803658273979677,0.9725627116501795,1.5255977912625076,washing,front_load
22.7,0.19872592293098326,0.15716354278700562,0.9981175994809397,1.2914231349554108,washing,front_load
22.8,0.18337200794097339,0.25419099113745725,1.0184675586358387,1.471688368048316,washing,front_load
22.9,-0.002930784399351183,0.2345479994181553,0.9564172735971356,1.2758831496421832,washing,front_load
23.0,0.011878016232924801,0.27701152728018574,0.9865336713915884,1.492026526789536,washing,front_load
23.1,-0.030411102539629566,0.20038146047636973,1.0452961204936095,1.2516941244019222,washing,front_load
23.2,-0.18077973601986963,0.20202668328290993,0.9677413485933588,1.5793241240076918,washing,front_load
23.3,-0.21364844394743365,0.12861342922589902,1.0260928356149488,1.556694393905111,washing,front_load
23.4,-0.260350886590647,0.09544358277575399,0.9854580771535302,1.7861922740020322,washing,front_load
23.5,-0.27683038138232585,0.061213712187659544,1.0163738127954987,1.6271809934246013,washing,front_load
23.6,-0.24755198922447963,-0.02957430137206558,1.032919825216086,1.4365628616266246,washing,front_load
23.7,-0.1594296900832018,-0.039851129974855154,1.0222384530095507,1.6227105139911728,washing,front_load
23.8,-0.09182471280849276,-0.150249354838623,1.0272747880664164,1.2903504178582232,washing,front_load
23.9,-0.0873324253449414,-0.1564901810541614,0.9654521939977613,1.3556291094478372,washing,front_load
24.0,0.05715180642193397,-0.17457505691010122,1.0334097912022389,1.5499713798112664,washing,front_load
24.1,0.07832154290327506,-0.20963753166728508,0.9744192065609554,1.1762625505878108,washing,front_load
24.2,0.1995570438741506,-0.18807846638010983,1.0077862529671462,1.4944258822599175,washing,front_load
24.3,0.19945528910413202,-0.2727798196107527,1.0077473856099168,1.346960506182237,washing,front_load
24.4,0.24169586385517283,-0.2835202678226154,1.0145536767660874,1.5151960582729895,washing,front_load
24.5,0.26096423417928505,-0.2525816843019457,1.0101087002818057,1.3383395462929104,washing,front_load
24.6,0.3331297394548146,-0.1728150336974946,0.9746857006442583,1.5636372206182783,washing,front_load
24.7,0.22779281583908062,-0.13828907538516283,0.9595039776311285,1.5028991135501084,washing,front_load
24.8,0.1257283771745745,-0.10337712310184602,1.026170460398853,1.7100548875321995,washing,front_load
24.9,0.10632418470201231,-0.08822452182234933,1.0055750373255674,1.5010101801152433,washing,front_load
25.0,-0.010854976112530092,0.023006018799871714,1.0344813052287345,1.38470357925578,washing,front_load
25.1,-0.09194675408077255,0.017794667019619015,0.998658011974364,1.4629671216259075,washing,front_load
25.2,-0.11968827227635481,0.1412133103625749,0.9578450691796911,1.2983645404474902,washing,front_load
25.3,-0.2013216809606019,0.2389499161074396,1.0289838904301232,1.560920588205816,washing,front_load
25.4,-0.22940685163843416,0.20362184509109352,0.9888888817101668,1.5884775369472908,washing,front_load
25.5,-0.24958044334404123,0.2402448751168239,1.0102601037226306,1.8703794055039227,washing,front_load
25.6,-0.2276666352756254,0.22735999721529096,0.9805762171456144,1.4067246014093393,washing,front_load
25.7,-0.18950527167065223,0.19557024045882843,1.0493290513070108,1.4598308139487226,washing,front_load
25.8,-0.20505532105428087,0.22749023179126557,0.9737030552745041,1.4136362213342677,washing,front_load
25.9,-0.057257068535450595,0.19665179918803272,0.9898771073768148,1.5318170551696837,washing,front_load
26.0,-0.0294605825949092,0.15884411130128648,1.0032234610809194,1.557253580171942,washing,front_load
26.1,0.033985274526953914,0.21699876459078277,0.9672345301873913,1.4919937733357234,washing,front_load
26.2,0.14519397575735765,0.1286242940662023,1.0099155858576279,1.6629488875309548,washing,front_load
26.3,0.2047736786931701,0.08113840392822742,1.0483573143240248,1.4074530744367835,washing,front_load
26.4,0.2169589441366199,0.006426958926441351,0.9852861351791887,1.6479261071836069,washing,front_load
26.5,0.27493095573003923,-0.044294748733360895,1.0118542845709517,1.5807746780461625,washing,front_load
26.6,0.19749887408266126,-0.06309461770398928,0.9175169384188433,1.498195512015158,washing,front_load
26.7,0.19004593613055995,-0.14149095802388903,0.9988321239854547,1.4527595038864283,washing,front_load
26.8,0.12940008902512842,-0.16632133871461063,0.9906087314222138,1.8640001638097055,washing,front_load
26.9,0.07585663048355645,-0.22106563568633625,0.9754450719276885,1.377448702388688,washing,front_load
27.0,0.008365928539417379,-0.24802871579574964,1.032443514088856,1.5446899765452622,washing,front_load
27.1,-0.10749103708244256,-0.2910979161188258,0.9902126895512852,1.3874671394636802,washing,front_load
27.2,-0.12521783274943127,-0.30736114719963337,0.9946756753871924,1.767843112293196,washing,front_load
27.3,-0.20036417754369548,-0.24306704927054879,0.9886842137563279,1.6330239493198806,washing,front_load
27.4,-0.29452251667314566,-0.20938708061570682,0.9424955238470477,1.3982475181738283,washing,front_load
27.5,-0.3087577432119109,-0.2153605963979012,0.9660404067976912,1.5768892490146842,washing,front_load
27.6,-0.2381337078616678,-0.13499094469578873,1.0288328045836064,1.5386543581914833,washing,front_load
27.7,-0.20888326812732735,-0.08307190317160833,0.9367014805936008,1.4225062857037891,washing,front_load
27.8,-0.15004891648035748,-0.09601354857285786,0.9770105395115288,1.613724632584226,washing,front_load
27.9,-0.0780937222896432,-0.0039266614547567545,0.988008398311307,1.5583958086656615,washing,front_load
28.0,0.0067667951853051765,0.08947216540580075,1.052308656018747,1.5323548070828927,washing,front_load
28.1,0.10568373688918518,0.13887211581946435,1.023058112964891,1.4937120433136506,washing,front_load
28.2,0.11361316604559063,0.13652652899017875,0.983284884188407,1.5646581738899477,washing,front_load
28.3,0.16709510080671314,0.21152358508363261,1.0391354109134665,1.5344081492238688,washing,front_load
28.4,0.20496441333716686,0.26311633823287683,0.9777845253849664,1.5088639999537525,washing,front_load
28.5,0.2586675000150612,0.2702342739185113,1.0302729941120201,1.4038476126018655,washing,front_load
28.6,0.27511255043318183,0.2466481084966499,0.9592336826223096,1.7540649361143739,washing,front_load
28.7,0.18931406544655197,0.22603413201950728,1.0321977349536746,1.342437008497718,washing,front_load
28.8,0.07189531774832815,0.20019633548093077,0.9878159906358704,1.5641454328319617,washing,front_load
28.9,0.02613446271542543,0.20156236089490454,0.9691448727717619,1.451963888654785,washing,front_load
29.0,-0.024991101683880072,0.15279943226740542,0.9934856916077106,1.763932090417395,washing,front_load
29.1,-0.09398611521859261,0.11816909284176162,1.0083203253916064,1.3644776194164239,washing,front_load
29.2,-0.15919797189075913,0.05080154304006696,0.9851575470842286,1.3897105107359502,washing,front_load
29.3,-0.20109681490430945,0.016710228740891425,1.0166186051798598,1.3545272905107262,washing,front_load
29.4,-0.2471165189984617,-0.05933469580248258,0.982510183490078,1.5485197576425915,washing,front_load
29.5,-0.21851981168369777,-0.08995696345093533,1.0186111718179407,1.2940424010647038,washing,front_load
29.6,-0.25804464824422957,-0.1332313143261727,1.013266661861098,1.428220725786335,washing,front_load
29.7,-0.22812378737800357,-0.22167455200066663,0.9981723083587619,1.1771451265718573,washing,front_load
29.8,-0.13258004691750397,-0.28045108452262746,0.9867585306290215,1.5360632031192136,washing,front_load
29.9,-0.12332351069152031,-0.1976744048042502,1.0045462238729579,1.4249677711865607,washing,front_load
30.0,0.01169075115959976,-0.24230023807863216,1.016507612291011,1.276791488410222,washing,front_load
30.1,0.08033084410552414,-0.2954137673495707,1.0618539745819482,1.662841410446109,washing,front_load
30.2,0.1425230383755723,-0.24762134803306657,1.0281826126539455,1.303849965242259,washing,front_load
30.3,0.2499025318082153,-0.17438252432282764,1.0292796984944752,1.6195415535042323,washing,front_load
30.4,0.21909790571494675,-0.16774630237115967,1.0926553658458085,1.3948438764018294,washing,front_load
30.5,0.3118089451157223,-0.12885946751446092,1.0154787543030352,1.740235706684314,washing,front_load
30.6,0.2310011855969458,-0.020146015981825867,1.014539305339351,1.612432580838922,washing,front_load
30.7,0.16394375524463045,-0.03927130416104746,1.0211204522296495,1.3487928193688958,washing,front_load
30.8,0.14904390050296332,0.02290072791378522,0.9697310206723524,1.362437617168454,washing,front_load
30.9,0.04496689258417371,0.10562856691014325,0.9866829509074373,1.5908287807836465,washing,front_load
31.0,-0.02255267543440378,0.15865996103473348,0.9848149219992299,1.460643280393475,washing,front_load
31.1,-0.06534324959327138,0.20241805843783645,1.0194284193165868,1.4745986239467952,washing,front_load
31.2,-0.13027885041361426,0.2464138113480341,0.994774763133364,1.6908358292658148,washing,front_load
31.3,-0.22091927960136465,0.24603078003968118,1.004146702764229,1.3876966689945065,washing,front_load
31.4,-0.20814197472239654,0.26418820027522016,1.0326236386044538,1.5136940658263183,washing,front_load
31.5,-0.21527476725936598,0.23914580736933208,1.0258945221611242,1.643194169047846,washing,front_load
31.6,-0.19467507637688977,0.23432507056916457,0.9951483699087625,1.62136762325784,washing,front_load
31.7,-0.1863718463799662,0.20999616897025036,0.9799001470936534,1.476058099871899,washing,front_load
31.8,-0.10604345171054688,0.177589720556743,1.0340582419495956,1.4566641178721014,washing,front_load
31.9,-0.13367820143295936,0.15043654816507673,1.023216735427296,1.2391776806218604,washing,front_load
32.0,-0.009537196458854244,0.09390861905208203,0.9518122954511385,1.3415632511002207,washing,front_load
32.1,0.051244090904034145,0.0248535884166342,0.9906053818327516,1.54775388398621,washing,front_load
32.2,0.15052308890693902,-0.05560708793930638,1.0049654638605028,1.4793176716586647,washing,front_load
32.3,0.1851107720178353,-0.08265434231944169,1.0233648915136309,1.511239061784934,washing,front_load
32.4,0.2327793938152963,-0.13479723229162097,1.0273030448481932,1.6558880414451091,washing,front_load
32.5,0.3064652464061215,-0.1709812479022406,1.0085171800352641,1.3219015336406588,washing,front_load
32.6,0.23267253518117745,-0.14488622216129105,1.0175574259407656,1.4645729546651025,washing,front_load
32.7,0.21466801810944375,-0.25093337559479306,1.0019241040713447,1.5283066445116826,washing,front_load
32.8,0.13997823317539154,-0.23536000475485855,0.9797844493545832,1.3943760093638227,washing,front_load
32.9,0.07952564723244182,-0.21683662913344115,0.9921620682687624,1.7147215670891125,washing,front_load
33.0,0.0001805004130816536,-0.23482407165080688,1.0005697355992031,1.636288020241972,washing,front_load
33.1,-0.06380452661454128,-0.1450501531758217,0.9989596224994423,1.5435199990633133,washing,front_load
33.2,-0.11198708700670265,-0.19358333560729749,0.9434328128666959,1.7691347668992878,washing,front_load
33.3,-0.15283242866563698,-0.1307981677934315,0.9880754999521171,1.2751657080584786,washing,front_load
33.4,-0.22847552661651355,-0.11599531051795914,1.0016861695926746,1.4988410578341478,washing,front_load
33.5,-0.23231359341893193,-0.04965435831435745,0.991558900242829,1.5549505453401091,washing,front_load
33.6,-0.27229006434935554,0.023165647194227257,0.9925952861346524,1.3628167429809117,washing,front_load
33.7,-0.2048905508662065,0.09513689837903769,1.0146397411241377,1.5451071812726593,washing,front_load
33.8,-0.11873762912661023,0.13001126354613557,0.967631284388541,1.3340126259318184,washing,front_load
33.9,-0.051275189441223085,0.20310141181095406,0.9511587335814636,1.603583597741138,washing,front_load
34.0,0.006348291983851078,0.19940528927595602,0.9895549062748997,1.658675215219336,washing,front_load
34.1,0.10384606738077544,0.21947360052582507,1.0229234321650538,1.5408500101692493,washing,front_load
34.2,0.16166931434293177,0.3266913659005534,1.0506265911845991,1.222080327740258,washing,front_load
34.3,0.23826343634151703,0.2617037695746938,1.0234638471728421,1.354980971825095,washing,front_load
34.4,0.24644490378250158,0.22056134390280152,0.9559520872039345,1.584706500481974,washing,front_load
34.5,0.23932905053286896,0.20192371817965013,0.9930289828186969,1.503179796526855,washing,front_load
34.6,0.2478393667817795,0.1643479132580085,1.0076990314324459,1.095899607346127,washing,front_load
34.7,0.11433641731815412,0.18132384408894867,1.0053277335077078,1.6864245575802361,washing,front_load
34.8,0.15843288516467013,0.09551350410447104,1.0161791365882862,1.5204984759380749,washing,front_load
34.9,-0.03219813616270664,0.05835668461883108,0.9724885316061772,1.3771388003999934,washing,front_load
35.0,-0.051703902222161195,-0.0019052602331464075,1.0019482926265222,1.6492433396349997,washing,front_load
35.1,-0.06370119056550647,-0.03259103811090698,1.012609684893284,1.398368998063965,washing,front_load
35.2,-0.13262043295511403,-0.1318471456777875,1.0247701285991098,1.3967321823593677,washing,front_load
35.3,-0.23712711199793474,-0.18549393199753428,0.9758284550016162,1.5537528976521053,washing,front_load
35.4,-0.2591271903301567,-0.18589939147849877,0.9896452939827131,1.7671557688863442,washing,front_load
35.5,-0.20888377034157604,-0.2047228525060942,0.9188854695977998,1.743538076695933,washing,front_load
35.6,-0.25228503302096883,-0.23216982088922836,0.9813561409726668,1.553956724835616,washing,front_load
35.7,-0.13496663922164837,-0.2741602519643527,0.9842675532108687,1.569357848827548,washing,front_load
35.8,-0.14700390866840835,-0.22524726741943046,0.9694124647549767,1.6187248398127236,washing,front_load
35.9,-0.06501316328729974,-0.2517544842338648,1.0049683645069796,1.3114524486945975,washing,front_load
36.0,0.048506231954957735,-0.21790040793732857,0.998321637038642,1.5966222505727974,washing,front_load
36.1,0.08118506207953939,-0.19364657207257385,0.9322235836726717,1.3898889797784708,washing,front_load
36.2,0.11687599365239314,-0.08140366806586952,1.0064652390790527,1.5477717100194872,washing,front_load
36.3,0.19896242504290862,-0.05074513027898765,0.9721502760763292,1.4658798558588995,washing,front_load
36.4,0.23669580698808496,0.0024521713880362624,1.0145706687757154,1.5751812490671322,washing,front_load
36.5,0.20905775043395303,0.07652495889433066,0.9615444625681401,1.517715519750969,washing,front_load
36.6,0.23008916693356357,0.1764106156183316,1.0009001961559283,1.039045459376805,washing,front_load
36.7,0.17998848577381432,0.08924406134572627,0.9915051001334049,1.526833756755777,washing,front_load
36.8,0.1746770457887417,0.1600908594290389,1.00909305654851,1.5963229428448895,washing,front_load
36.9,0.07829260481929629,0.19670025422574924,1.0037409183295405,1.566889252250768,washing,front_load
37.0,-0.00848387247442747,0.21223954040230736,0.9923450747493564,1.4846121080687131,washing,front_load
37.1,-0.08043970651241492,0.21656299372265864,0.9539118305786727,1.746324253789561,washing,front_load
37.2,-0.14025265252093286,0.23903908340695856,0.955683761096169,1.5467059693682492,washing,front_load
37.3,-0.1837498226030434,0.19872208077987466,0.9824833918272334,1.5656509950289659,washing,front_load
37.4,-0.2677554959338694,0.22113325240162726,0.9997516034821123,1.6566737841075854,washing,front_load
37.5,-0.28124762897863814,0.17832764493949604,0.9817525615840265,1.5543889499544898,washing,front_load
37.6,-0.20462375261171212,0.14838755868765882,1.018756357917384,1.3652973369878696,washing,front_load
37.7,-0.21462435475987987,0.09991633361047282,0.9916233724236495,1.1342493879330566,washing,front_load
37.8,-0.18945157585102423,0.049423513993876116,0.9710496182566147,1.4284318646972878,washing,front_load
37.9,-0.06393986731224467,-0.034729346434344534,0.9916571112103627,1.6141418288821674,washing,front_load
38.0,0.013901094180980055,-0.013619946514725631,1.0067757950894967,1.447035550287329,washing,front_load
38.1,0.03133279087603556,-0.12022742044312967,1.0097465415647375,1.6201767558422595,washing,front_load
38.2,0.1538307645370253,-0.22701131906091526,1.0563513739597938,1.522309226388041,washing,front_load
38.3,0.2243217413665885,-0.23684141594162697,0.9799327197998974,1.6932099105393277,washing,front_load
38.4,0.24899572262497555,-0.2846592111428964,0.9977956401522879,1.4557174939319009,washing,front_load
38.5,0.26895944451284187,-0.24640204627424497,1.0127837184045827,1.5701422239851532,washing,front_load
38.6,0.19563605613106583,-0.2531608388286679,0.9992973112239756,1.5758827596803038,washing,front_load
38.7,0.2121854532436233,-0.25412619235621986,0.9849814556203405,1.725240280894679,washing,front_load
38.8,0.13786772028900535,-0.1587488866389506,0.9535222847096727,1.2440044040498583,washing,front_load
38.9,0.06277054383199933,-0.17105828118530939,0.9846749632284095,1.4312387588170263,washing,front_load
39.0,0.026116668282593267,-0.12516336222972968,0.967788927618466,1.6272774158082757,washing,front_load
39.1,-0.032876013273510675,-0.12721917729695892,0.9482017995662867,1.7318844719667972,washing,front_load
39.2,-0.09311521143510704,-0.07681967538636297,0.9761296347498825,1.5360107268963121,washing,front_load
39.3,-0.16281001244855964,0.008956854742440257,0.9685872483770064,1.456094375336777,washing,front_load
39.4,-0.24105615452269344,0.0673626859807793,1.0175135963587885,1.6135677553011667,washing,front_load
39.5,-0.2394183951092097,0.05780827792145123,1.0180327551224289,1.6303054012847524,washing,front_load
39.6,-0.21475944292026072,0.15394678675168702,0.9728836213125738,1.4460507481999039,washing,front_load
39.7,-0.19861891011475413,0.19796091558012668,0.9921931410831064,1.549546096826632,washing,front_load
39.8,-0.14302338743577173,0.21975228814337072,0.944252720136624,1.6770790893617953,washing,front_load
39.9,-0.052541654637452403,0.21957747811428624,0.9851698014945192,1.7835688489911679,washing,front_load
40.0,-0.0017784793807785787,0.23381394454236581,1.0119694570210704,1.6113907438852937,washing,front_load
40.1,0.05537564050252686,0.23867341467750322,1.024748136688423,1.506620834499839,washing,front_load
40.2,0.1345121210980413,0.22893076382480712,0.9786085875492606,1.4918887235943137,washing,front_load
40.3,0.22127155992574954,0.2156825005704402,1.0315556458158257,1.5836094835790435,washing,front_load
40.4,0.23785392780978634,0.19178168358569986,0.9545292423545959,1.4826490736280824,washing,front_load
40.5,0.26020629930605016,0.10466719322907136,0.9625711660256863,1.5284460748533581,washing,front_load
40.6,0.2578665063398535,0.048487785907752615,1.0212898559691364,1.3413185603203688,washing,front_load
40.7,0.1910090047068092,0.020982359975563435,1.0501336368568974,1.694558579473674,washing,front_load
40.8,0.16963375798201297,-0.028519981154104392,1.0148029596455108,1.3289722909276982,washing,front_load
40.9,0.08861952669748888,-0.1123129856564616,0.9987897284039796,1.4351832359320482,washing,front_load
41.0,-0.0370443926073446,-0.12323450876413239,0.9341444876043338,1.514638989127772,washing,front_load
41.1,-0.033985104858150185,-0.15814020717293575,0.9393265883186956,1.7986480319832958,washing,front_load
41.2,-0.1619686553858238,-0.18032607604120454,1.0038822861068761,1.4365975522721508,washing,front_load
41.3,-0.2519071088892933,-0.1867237942176412,0.9892581199128647,1.4000976279059405,washing,front_load
41.4,-0.26911544036137697,-0.2754991662668509,0.9668249445354364,1.417377462399931,washing,front_load
41.5,-0.2806313548203497,-0.2465051388688093,1.0019659774249015,1.748834575141697,washing,front_load
41.6,-0.2361989295140626,-0.23210579057350375,1.0034539410252343,1.0781479509740968,washing,front_load
41.7,-0.21046976376012408,-0.20971235062461616,1.0283324760562083,1.349589298177712,washing,front_load
41.8,-0.1570512721023359,-0.19061466407047611,1.004098068490381,1.9096933063739328,washing,front_load
41.9,-0.05866318962926524,-0.17182721403452703,1.0368518310500314,1.5886323110237455,washing,front_load
42.0,0.010196260835778664,-0.07447386521286972,1.0002398208864645,1.334102257599117,washing,front_load
42.1,0.0867356847130669,-0.0465777481160663,0.9965399501557799,1.4937123026737842,washing,front_load
42.2,0.15924116679297778,0.033913112813503725,1.0319293655874155,1.5101181849101792,washing,front_load
42.3,0.22073828863380335,0.0608631738103555,0.970646773598757,1.6269187868858408,washing,front_load
42.4,0.1745255288204649,0.10096694836941819,1.084433423597985,1.7759253004233846,washing,front_load
42.5,0.23906685243206616,0.1838056461079427,1.011257724345002,1.5582827521918823,washing,front_load
42.6,0.1723578271391041,0.21560962717969834,1.0114248775851302,1.419031754548056,washing,front_load
42.7,0.20333604639767244,0.25259865137818327,1.015752879219178,1.6180626663147306,washing,front_load
42.8,0.14680732390638704,0.3136045883211482,1.0563140942599494,1.3952620954705708,washing,front_load
42.9,0.1086202168374292,0.2572091770870957,1.0237752223501781,1.3449993756016456,washing,front_load
43.0,0.03562903178163521,0.25231658208571284,0.9518483206298823,1.2360136692065333,washing,front_load
43.1,-0.07117099714616475,0.18285866688496658,1.0421041115430252,1.26523074082494,washing,front_load
43.2,-0.1619571453950247,0.14363493363926272,0.9897731026166495,1.3655332265813591,washing,front_load
43.3,-0.18769941521736455,0.1880057278662331,1.0032146521851797,1.3233315348448693,washing,front_load
43.4,-0.25360165819351677,0.06432674477317324,0.961622380834742,1.5469854791062077,washing,front_load
43.5,-0.2500417795433005,0.007790294115998735,1.0157860605437168,1.3200897261263946,washing,front_load
43.6,-0.20818003956496506,-0.016870597518825668,0.9804587712979734,1.0284500546962885,washing,front_load
43.7,-0.21898738897342077,-0.07245354891112724,1.0030050891398041,1.34341323381158,washing,front_load
43.8,-0.12277595389584456,-0.14751361371872534,0.9914770298391765,1.429221052841787,washing,front_load
43.9,-0.056932207532968904,-0.1744771628923048,1.0577503840520754,1.4091825768192052,washing,front_load
44.0,-0.02864375451392538,-0.16537297706423343,1.0594678090043677,1.7279287018963776,washing,front_load
44.1,0.10647107244025861,-0.25361846468594873,1.0013953951064423,1.4079686161066274,washing,front_load
44.2,0.16790330343426355,-0.2873819872131573,1.0019193313410657,1.6321385194798796,washing,front_load
44.3,0.20531202521491693,-0.22159883146443915,0.9887967110095145,1.4971526100478707,washing,front_load
44.4,0.21489442533295805,-0.22737688292401712,1.0331801887450835,1.4936542911491102,washing,front_load
44.5,0.2242238194427329,-0.24136718966655296,0.9901324038899987,1.3746929566727943,washing,front_load
44.6,0.22163425176669713,-0.24009332117775467,0.987359881760629,1.491182602262885,washing,front_load
44.7,0.21853208249249637,-0.1755654641064028,1.029357785909949,1.3852355809653876,washing,front_load
44.8,0.11827755805107695,-0.10808595599674743,0.9838510271405005,1.5255036471381855,washing,front_load
44.9,0.09037961605233324,-0.019565647652621282,0.998867348966544,1.4645625551064467,washing,front_load
45.0,-0.037252665866351904,-0.031097459246090687,0.9525606765546702,1.35830581002126,washing,front_load
45.1,-0.08337630612690286,0.052000213903791476,1.021125710353695,1.6487841509550893,washing,front_load
45.2,-0.14365688043589597,0.12669916268811285,1.058226008175456,1.5640260720032138,washing,front_load
45.3,-0.1289003442419702,0.08178874320958675,1.0216367611839938,1.4327905898786628,washing,front_load
45.4,-0.2790835987393989,0.22364189573211285,1.043853975026419,1.5218239570552965,washing,front_load
45.5,-0.205839563005296,0.1872781138808983,0.9746169359146801,1.4874266217747054,washing,front_load
45.6,-0.23326885665417024,0.25210565508586535,1.007089728460846,1.369861359410509,washing,front_load
45.7,-0.18991909105325816,0.2572771345797552,0.9717052022689183,1.5105744343531746,washing,front_load
45.8,-0.14339587567147208,0.27810940442608784,0.9931670336325598,1.406848236778894,washing,front_load
45.9,-0.06391244404788274,0.24596638784780248,1.0231663443205752,1.358259924656985,washing,front_load
46.0,-0.004610553130859552,0.13093553384183726,1.003054618393099,1.2565849004600214,washing,front_load
46.1,0.12087575403746195,0.14178458891623355,0.9576207693219634,1.4462088969692053,washing,front_load
46.2,0.13325217874637524,0.12458457240602981,0.9605491268338674,1.5850455989375585,washing,front_load
46.3,0.23622128575911355,0.06389837992621557,0.9585650820552768,1.3958010969931711,washing,front_load
46.4,0.21843311546739744,0.030025951775032374,1.0147435776981877,1.8781063038236954,washing,front_load
46.5,0.2481924446079614,-0.0154276195899649,1.0619168360697,1.6328528480479099,washing,front_load
46.6,0.2056052525050818,-0.07377758607827851,1.0408737473200065,1.6956495198990718,washing,front_load
46.7,0.21590496020416425,-0.14694909273966397,0.9431204440256181,1.619286451811064,washing,front_load
46.8,0.1903000917809135,-0.23763226718896702,1.0426322781420936,1.777929746240786,washing,front_load
46.9,0.07493356319911328,-0.22884994421662894,1.0280920125104394,1.3819497024791187,washing,front_load
47.0,-0.0059065709611155716,-0.22527308462961915,0.9536410016341372,1.1158893921512067,washing,front_load
47.1,-0.11069275748577345,-0.2816039087272841,0.990903951498685,1.4330811587470675,washing,front_load
47.2,-0.15382509267968686,-0.22909043342497237,1.0328656723448744,1.5837327863321307,washing,front_load
47.3,-0.25003807638538245,-0.20796839332053746,1.0165130053280436,1.5227275457621967,washing,front_load
47.4,-0.26515046867535214,-0.20727597208663018,0.9607271484283604,1.5413208916451675,washing,front_load
47.5,-0.24319641861672595,-0.268690091286009,1.0183222646738859,1.698136500400481,washing,front_load
47.6,-0.19819373314154623,-0.17229934962610421,0.9358749821175824,1.5573086361693749,washing,front_load
47.7,-0.11797792275685305,-0.02809880530464217,0.9933153347272836,1.6198369391386531,washing,front_load
47.8,-0.16454386562524673,-0.047729442181930024,1.0341387030820015,1.3590655887220862,washing,front_load
47.9,-0.03419524389437489,-0.03599721836424291,1.0005518264671396,1.3356909466175946,washing,front_load
48.0,0.00731257441204858,0.11431167024304277,0.9850318735011416,1.7421170884536732,washing,front_load
48.1,0.07271681919134518,0.12766102168390184,1.0266803876131705,1.5151352302720602,washing,front_load
48.2,0.15992414662490287,0.20428499115090365,1.0292425544525974,1.4065156224830797,washing,front_load
48.3,0.2041117431041359,0.2150789038252208,1.0393011907860086,1.4067908259679323,washing,front_load
48.4,0.24107600084215414,0.24620089555842656,1.0262302728533916,1.4026315317542615,washing,front_load
48.5,0.23775000511519992,0.2578123625802195,1.0324412438181143,1.3936561468431237,washing,front_load
48.6,0.1958208392798223,0.2704313314646979,1.021987256723126,1.307527829609451,washing,front_load
48.7,0.15594549251807518,0.3083963348759194,1.0079658594734942,1.2749369396669237,washing,front_load
48.8,0.1665436595715558,0.2482068600897422,1.0026852699929145,1.470749343351837,washing,front_load
48.9,0.06895324589116587,0.1401175878722502,0.992882208427078,1.41106111945194,washing,front_load
49.0,-0.017882666989685,0.16034615853148626,0.9636289512082082,1.6660738928164942,washing,front_load
49.1,-0.07699907979204267,0.13353139570179173,0.9713406547354058,1.5439614979900376,washing,front_load
49.2,-0.1230983454856473,0.08292635284251981,0.9915395655419437,1.5397976520116974,washing,front_load
49.3,-0.1968433303029457,-0.0206508392613035,1.0072435647880729,1.3885319388668325,washing,front_load
49.4,-0.25744577717301687,-0.02722413843556762,1.0432243779401278,1.4818457376330036,washing,front_load
49.5,-0.2132112113305315,-0.0856653529483478,0.9987460831637346,1.554150165544716,washing,front_load
49.6,-0.1903885639843397,-0.08218047432808032,1.0301042887263299,1.6074293609569013,washing,front_load
49.7,-0.18741754893405152,-0.2200388051813773,1.0323794696929636,1.4859162260222452,washing,front_load
49.8,-0.11773640773279562,-0.24142878040851687,0.9930565960693363,1.6618685668986313,washing,front_load
49.9,-0.0399954486893255,-0.2531627619384849,1.0178407063411055,1.5011983963361915,washing,front_load
50.0,0.033902979492132716,-0.26470666450116326,0.9926941587482542,1.618927067777652,washing,front_load
50.1,0.0956772239071168,-0.2706798129775951,1.0396640768223544,1.4265221687116274,washing,front_load
50.2,0.1648967244853633,-0.3090870282867177,1.019075300147978,1.2281117450147039,washing,front_load
50.3,0.21784406579413113,-0.21057973730561785,0.9642854873593494,1.5402538482027783,washing,front_load
50.4,0.2048439988373768,-0.14827525564617744,1.0048457395646153,1.608798609471994,washing,front_load
50.5,0.2710216947057876,-0.128294280300064,1.0494433648547163,1.5863020997711355,washing,front_load
50.6,0.1970897099399918,-0.004111036285341131,0.9945630689635989,1.563327999215616,washing,front_load
50.7,0.17841626493998708,-0.007451415388061249,1.0134314509028521,1.4477119551067519,washing,front_load
50.8,0.18605326510736026,0.08557620030195301,1.0163763651321744,1.3789880622831612,washing,front_load
50.9,0.10246085347456495,0.10712958504059143,0.968901313025062,1.5827592403565671,washing,front_load
51.0,0.044621948690577715,0.17173853236991296,1.0153212384764054,1.5639671124297412,washing,front_load
51.1,-0.0854044801043543,0.1959050140256211,0.9581849454389613,1.415865136373426,washing,front_load
51.2,-0.18151377831142051,0.26014020896807194,0.9812312768079581,1.6664136283788085,washing,front_load
51.3,-0.20946736450584685,0.2417516019232071,1.0322716890248258,1.36757017281786,washing,front_load
51.4,-0.23470319015657004,0.2643903033497313,1.0107026887092507,1.412471493181344,washing,front_load
51.5,-0.2476303385097997,0.2579120731582858,0.9908656657676042,1.7454637818512497,washing,front_load
51.6,-0.20375371471108708,0.22379555772824375,1.0133938306373556,1.630287290660087,washing,front_load
51.7,-0.21309236134384157,0.21891961313638186,0.998197232567346,1.4462986041163466,washing,front_load
51.8,-0.13638527891903204,0.2381683638681046,1.000377355070555,1.5431071064465325,washing,front_load
51.9,-0.1069130630767764,0.11914844567473257,1.0197045558016042,1.5232188366785757,washing,front_load
52.0,0.01350951834131341,0.08983819537933495,0.9781789677802261,1.0881579202533933,washing,front_load
52.1,0.07734750509930545,0.0612604468557133,1.0012100921666407,1.3640289075789926,washing,front_load
52.2,0.12445191292458269,0.0028742900372545274,0.9906319541618004,1.4923730074336077,washing,front_load
52.3,0.1951793677284894,-0.08433298752973911,0.9524318987619923,1.446508278516104,washing,front_load
52.4,0.2322388566783309,-0.20545835983346689,0.9723863273125211,1.537065384724563,washing,front_load
52.5,0.2418953461198871,-0.16127561073717975,1.0470461934119148,1.669422346942188,washing,front_load
52.6,0.2909043663418184,-0.2776662091341945,1.011541699437557,1.451769632301911,washing,front_load
52.7,0.19930086852449921,-0.19112207531031983,0.9602923509579583,1.3413517805815702,washing,front_load
52.8,0.13962942976780185,-0.24294445919282123,0.9537893687245477,1.5487277487766569,washing,front_load
52.9,0.014330719865433147,-0.21890027055461037,0.9966350829966825,1.4510064999648296,washing,front_load
53.0,-0.026826220559384197,-0.2648274632192203,1.0468355959952944,1.4765904748767147,washing,front_load
53.1,-0.08514645132742774,-0.26176073094998853,0.9943972559558695,1.4562339421270383,washing,front_load
53.2,-0.1675218933584182,-0.17441952533111726,1.0392099866021205,1.8362756700016478,washing,front_load
53.3,-0.16080302079240155,-0.14152894766171972,1.0105579231245598,1.1638943608503083,washing,front_load
53.4,-0.24271226233567436,-0.10677736295588836,1.0141375137353767,1.4417499145301031,washing,front_load
53.5,-0.21134667252045242,-0.036568777838076175,0.959928384720863,1.4994466461527411,washing,front_load
53.6,-0.23591299005227767,0.09872070664329399,1.0281256876524927,1.3828286261575833,washing,front_load
53.7,-0.20113741350108783,0.09478354293087968,0.9899520388817917,1.6349738748192424,washing,front_load
53.8,-0.1496102065044963,0.15192337670132516,1.0258927736083272,1.6219886518079458,washing,front_load
53.9,-0.07714036104509618,0.19064607307751033,0.9755749005404166,1.4928368072267189,washing,front_load
54.0,0.05156385009149651,0.2466381129093017,1.0053114804252974,1.459398936698446,washing,front_load
54.1,0.007665926791201427,0.2237365062339734,1.010560088618129,1.483206474865253,washing,front_load
54.2,0.08689994073995923,0.18392897345191345,0.995379000502724,1.4842820019528284,washing,front_load
54.3,0.18595912366205047,0.24421905610125272,1.0121363557925847,1.4882440457811357,washing,front_load
54.4,0.23819996553191514,0.2664978615820531,0.9920080877442248,1.47180013477248,washing,front_load
54.5,0.27070313274292035,0.1936576191936406,0.9805282074087616,1.537867397188859,washing,front_load
54.6,0.2519567450146127,0.18733733217926907,1.048164501483819,1.6129818097241797,washing,front_load
54.7,0.1907268712073196,0.1324736711231746,1.0314685859908432,1.3154609778602135,washing,front_load
54.8,0.17751762387037345,0.1515057004465658,0.9771740576485547,1.3424004151150277,washing,front_load
54.9,0.10816011068832107,0.07701952081133384,1.0170533291678383,1.2377222955774716,washing,front_load
55.0,0.005521734938148925,0.019546218619320852,0.9777196343589654,1.62995961005364,washing,front_load
55.1,-0.048374521419130165,-0.03588777095550373,0.9644594606901302,1.5375484939785695,washing,front_load
55.2,-0.13876695517015641,-0.10756230046783193,1.0310142832419693,1.5757901273899155,washing,front_load
55.3,-0.2190987393972209,-0.14730007493741556,0.9488770112305779,1.2855752642454799,washing,front_load
55.4,-0.2168296239037871,-0.22818384810991357,1.0278056774072963,1.7677422184320206,washing,front_load
55.5,-0.24668160632263966,-0.288344890409608,0.9924183306228083,1.4086723637781964,washing,front_load
55.6,-0.23772393367115358,-0.2376433563718072,0.9936536019075841,1.5252308710666884,washing,front_load
55.7,-0.15806564142804896,-0.24015693240326855,1.0122925365886988,1.628157699101756,washing,front_load
55.8,-0.22047247692932248,-0.20929387562941104,1.0174359643598276,1.3519530366305892,washing,front_load
55.9,-0.11978477369852542,-0.182298581938525,0.9752097046951328,1.4180513462231,washing,front_load
56.0,-0.035612112791232206,-0.15515429404376996,1.0215317682625018,1.526875766190131,washing,front_load
56.1,0.06635642916667206,-0.19526867412973178,1.0034011161407568,1.9286209613197058,washing,front_load
56.2,0.1393080679801372,-0.13100636957392234,0.9623183562139589,1.5451687114278037,washing,front_load
56.3,0.15703447916054347,-0.05533774763337056,0.9949037654926078,1.7409541725946078,washing,front_load
56.4,0.2082093881044627,0.06025951044993495,1.0414383704667678,1.6808509717787934,washing,front_load
56.5,0.2241747496442929,0.08351159237147245,1.050297843947371,1.555201505474178,washing,front_load
56.6,0.31148685183606467,0.1256130530311209,1.0215204537282603,1.3516206342553982,washing,front_load
56.7,0.2563065070261501,0.12888720579655333,0.9642896953549489,1.6589630416227352,washing,front_load
56.8,0.1345938305425826,0.15574616792069568,1.0147182070736767,1.2752834487527929,washing,front_load
56.9,0.06634674988453354,0.23885274325248196,1.025525827115776,1.7401312685515637,washing,front_load
57.0,-0.03447611991564858,0.20474429114675666,1.0217712394995617,1.5300007962327382,washing,front_load
57.1,-0.13449816099049505,0.2417374006213609,1.0235486286606374,1.1024664679052736,washing,front_load
57.2,-0.15045271866537452,0.2445853368585619,1.0108978923774259,1.4489240857452241,washing,front_load
57.3,-0.23218980809105616,0.28300755491224117,0.9978276298350837,1.598092173138441,washing,front_load
57.4,-0.24030964502364807,0.20044106228671477,0.9817489751228794,1.464446419044035,washing,front_load
57.5,-0.2980061754713043,0.1035992061394607,0.9430619344449551,1.607250871649036,washing,front_load
57.6,-0.2606233628230965,0.14909003817462357,1.0101892530014005,1.3724963748431556,washing,front_load
57.7,-0.19779543573465028,0.06371382446820284,1.0055815853095658,1.3041026440818588,washing,front_load
57.8,-0.13596002513960326,0.03261223912421394,1.0167272752847445,1.489283189542859,washing,front_load
57.9,-0.06473008983147963,-0.026128219354889577,0.9598736892012132,1.5047348500934872,washing,front_load
58.0,-0.03961466952471406,-0.08546536846826659,1.0193505006794519,1.4477423473406519,washing,front_load
58.1,0.10289482049780471,-0.10355013648405113,1.0616363528386232,1.6840936719963289,washing,front_load
58.2,0.122939962175064,-0.21712272283275236,1.0023535039233373,1.3724688937291414,washing,front_load
58.3,0.221239986031953,-0.22228057031726806,0.9981500404238037,1.5469748410998525,washing,front_load
58.4,0.23744496877524224,-0.21192298407854032,1.009270070682571,1.5101954956745438,washing,front_load
58.5,0.20870837502766157,-0.26534462840911544,1.06097011074131,1.2664926071795874,washing,front_load
58.6,0.22827819793635284,-0.2977708833851671,0.9692905671490033,1.3021454724497232,washing,front_load
58.7,0.21321516085564982,-0.22001676112153418,1.0060962080018172,1.5017866524372947,washing,front_load
58.8,0.16533527448735863,-0.18538383109772089,0.9760102773310707,1.7971799998030447,washing,front_load
58.9,0.07302461167040669,-0.1888776236369072,0.9835898583746502,1.5868904717848216,washing,front_load
59.0,0.04595336671803366,-0.20577168102720744,0.9985122907635419,1.241154776228305,washing,front_load
59.1,-0.04702892546413853,-0.07810788025773173,1.0404196972484068,1.0334267902320993,washing,front_load
59.2,-0.15464593656511275,-0.09664196508902018,1.0540297180206621,1.609958038950657,washing,front_load
59.3,-0.179750594229626,0.017116668074974382,1.013444264338801,1.4855679775607702,washing,front_load
59.4,-0.1797503245181416,0.03554855704894559,0.9887021583092954,1.6711898954265554,washing,front_load
59.5,-0.1911854619765092,0.07870244636187719,1.0747821659991557,1.3678923118932838,washing,front_load
59.6,-0.27460412549846314,0.14609869692478064,0.9871733655601144,1.5525318746787788,washing,front_load
59.7,-0.23005024192845078,0.19203982640110348,0.9828659225692079,1.6269260194541795,washing,front_load
59.8,-0.10239874947110444,0.2068805156049102,0.9467517086626382,1.4328804542690277,washing,front_load
59.9,-0.10900268011886756,0.26164028883114054,1.0418827470773424,1.4360871644653401,washing,front_load
60.0,-0.03967623399875159,0.236617918646235,1.029047367771139,1.5037894246647585,washing,front_load
60.1,0.0626684246727647,0.2733849166348418,1.0725341660834933,1.5814014519840494,washing,front_load
60.2,0.15955311435735559,0.2346419580858103,0.9583142994334563,1.4978498993232134,washing,front_load
60.3,0.19918234739540194,0.17661203689603527,1.0437451242243734,1.646099450663923,washing,front_load
60.4,0.2182472204616197,0.13337780092220686,1.0021040655509839,1.4307097216099456,washing,front_load
60.5,0.22977362614826474,0.06407273596346769,1.024183006504004,1.3007407191805336,washing,front_load
60.6,0.2163940171414067,0.07089446712722017,0.9505666857668659,1.796546305216977,washing,front_load
60.7,0.1758689597339675,-0.0027849366480096165,1.044042454679959,1.409304939518633,washing,front_load
60.8,0.215395299391404,-0.11801119448833328,1.023595502539955,1.414733687442338,washing,front_load
60.9,0.08617958072930428,-0.11535841884177664,0.9988326989564135,1.4901295018391723,washing,front_load
61.0,0.026602771632146076,-0.1739773339507629,1.0193533806298336,1.5100771664480972,washing,front_load
61.1,-0.09192657263730464,-0.1402574396424937,0.9770351409687326,1.4419974536267577,washing,front_load
61.2,-0.15252501338870303,-0.27016002836776554,0.982616797432549,1.4973849154576486,washing,front_load
61.3,-0.22366086803484392,-0.2833139454112554,0.9860966615912381,1.4940356652857738,washing,front_load
61.4,-0.31731537912136376,-0.21620759281389662,0.9444181641492917,1.526222899053121,washing,front_load
61.5,-0.29134027830543596,-0.20621919042486578,1.025852754826101,1.1463768811519026,washing,front_load
61.6,-0.29208268947320065,-0.25479360963383296,1.035747808425477,1.7821314460511775,washing,front_load
61.7,-0.26974776193228345,-0.2257327182529075,0.9789596755070847,1.4779067529698164,washing,front_load
61.8,-0.18280708230206166,-0.15264971458557297,1.0104460904783445,1.5870933929170479,washing,front_load
61.9,-0.03750557821229127,-0.1970733478459561,0.9920337857611229,1.2932847987698963,washing,front_load
62.0,-0.001333085031130142,-0.13309005912890523,1.009848218862431,1.4293499608126126,washing,front_load
62.1,0.11597116146336958,-0.03194908035515247,0.9811726827636691,1.3991526200519377,washing,front_load
62.2,0.15927579038014567,0.0778300253749501,0.9734972453173709,1.7204585646762818,washing,front_load
62.3,0.2257310133651906,0.07161257741631684,1.0315622465807124,1.4121279589746176,washing,front_load
62.4,0.21073721921464963,0.13698480249679973,0.9980838824462652,1.6137119980410137,washing,front_load
62.5,0.2657185286257801,0.2107903734735558,1.0606632685256043,1.4024369320990206,washing,front_load
62.6,0.2596255560960178,0.27428852337384857,1.0013892989438242,1.4321071590519083,washing,front_load
62.7,0.18495482982672604,0.217914738044107,0.9722176587894852,1.463167475219897,washing,front_load
62.8,0.16373252419160578,0.24752357361661614,1.0368082262930782,1.6925767690243951,washing,front_load
62.9,0.09423988135098098,0.30355214779105544,1.0189240049243806,1.216522101145482,washing,front_load
63.0,-0.01648657863390028,0.1920981508180462,1.0218061859108927,1.302650466708835,washing,front_load
63.1,-0.1109373015618684,0.24601293886760028,1.0357180203660377,1.2079042251465275,washing,front_load
63.2,-0.18247016303006536,0.15169269088451773,0.9804161111846261,1.3368746820357824,washing,front_load
63.3,-0.1996590823360904,0.1435950154761311,0.9961824007304414,1.378259992321184,washing,front_load
63.4,-0.2279538330101088,0.08475256674916287,0.9948565050553662,1.2578278118864417,washing,front_load
63.5,-0.27377577491373745,0.010368268239023298,0.9612776038925315,1.3898778380077996,washing,front_load
63.6,-0.2369665688340053,-0.045190687712076905,0.9920922954952527,1.1977928278599879,washing,front_load
63.7,-0.1851381375095797,-0.06145534558219765,1.0400913837363048,1.347301691434848,washing,front_load
63.8,-0.12840059163316392,-0.09057223868054419,1.0071201431138155,1.68006305998653,washing,front_load
63.9,-0.0306978449900639,-0.16922005242656657,0.9596181601646504,1.5605382105421655,washing,front_load
64.0,0.0383094249659364,-0.20015085383173667,0.953324817650052,1.5281201508258793,washing,front_load
64.1,0.04721550561103967,-0.2123034344322625,1.049943281762448,1.3495832165581327,washing,front_load
64.2,0.19745389935926144,-0.2747203758725608,0.997290429692346,1.2695872561432915,washing,front_load
64.3,0.18632495345706124,-0.22768586483904535,0.9805776938289514,1.329126588669858,washing,front_load
64.4,0.26911031344742026,-0.2175654973703659,0.9917802470530899,1.4935185259655976,washing,front_load
64.5,0.25203959878153265,-0.1446428420845794,0.95568076737048,1.6302265169590002,washing,front_load
64.6,0.22539964772008006,-0.20391143641073714,1.0426928544853487,1.635355112570298,washing,front_load
64.7,0.14802334280048784,-0.16696921746328866,0.9882084118724191,1.5945918543725,washing,front_load
64.8,0.14179937776662896,-0.08337584674405732,1.0410220458321526,1.3893664703898083,washing,front_load
64.9,0.030472751534572858,-0.029962685281777326,1.0015495514334194,1.5036824748605981,washing,front_load
65.0,0.02901897707528366,-0.016052614601304544,1.0428859592370532,1.451798620494413,washing,front_load
65.1,-0.031750468879555994,0.042440930041230326,1.0077008349712926,1.4698215354757875,washing,front_load
65.2,-0.1708536427520193,0.12267874803780834,1.0255969798860722,1.8055691845439719,washing,front_load
65.3,-0.1931951263181571,0.12839923619120278,1.02157279138265,1.2356999644494582,washing,front_load
65.4,-0.25952587473402583,0.1803122910534929,1.0186987319875591,1.464798477611661,washing,front_load
65.5,-0.2688545419041037,0.22543941406814347,1.0104380343154813,1.6817623360794234,washing,front_load
65.6,-0.21452928795782658,0.2720239508268254,0.9930144785165325,1.2801162757449693,washing,front_load
65.7,-0.2034103964490398,0.23173868160604663,1.057463040747186,1.4034378862100625,washing,front_load
65.8,-0.09475687181519121,0.19030027882125308,0.972791890447123,1.4206442253648541,washing,front_load
65.9,-0.09172122295482456,0.1719407323954501,1.0001292292702948,1.4665065416919023,washing,front_load
66.0,0.02998008997423149,0.164471856592555,1.0004465762562278,1.2606064260590675,washing,front_load
66.1,0.08017665098247108,0.12593293478491552,1.0120732226003057,1.589292909050706,washing,front_load
66.2,0.1708196533654434,0.11580009576683296,0.9871158206231649,1.5999430923769715,washing,front_load
66.3,0.18883951887383527,0.034081371901884844,1.0094423891676876,1.5762562987526922,washing,front_load
66.4,0.2362773639472405,-0.005385018912304657,0.994934722443911,1.369443948856338,washing,front_load
66.5,0.24653503362103196,-0.06233119280951537,0.9525414244768631,1.5129766186180942,washing,front_load
66.6,0.21268241562841494,-0.10524637399660829,1.0002865685877054,1.3650839640646368,washing,front_load
66.7,0.2221166946311874,-0.1008457145173404,0.9669830400090954,1.4501105008842732,washing,front_load
66.8,0.16645378324047466,-0.16238372917243316,0.947968427126533,1.8230201890756317,washing,front_load
66.9,0.09506088944090649,-0.21470162429270406,1.0041061996206815,1.5143543066394385,washing,front_load
67.0,0.04610896961752811,-0.2515949174912134,1.014636500260587,1.321871013601924,washing,front_load
67.1,-0.03377390455664596,-0.2618874708494605,1.0158009412631372,1.527050301099587,washing,front_load
67.2,-0.15819465376859404,-0.23819628123006079,1.017015121210591,1.2972306110905036,washing,front_load
67.3,-0.1910626790407109,-0.21769512003798863,0.9420223293717817,1.3201484411227482,washing,front_load
67.4,-0.25647214975153354,-0.2383105065585237,0.9591694921627759,1.3438315296076815,washing,front_load
67.5,-0.24929934051656333,-0.1756822726282105,1.0592056431044101,1.4333535821706476,washing,front_load
67.6,-0.2557566125473553,-0.19490528580464428,0.9685837371976889,1.6405453493383801,washing,front_load
67.7,-0.15365213931965488,-0.07833306653620711,1.0183252309341007,1.5867597297025258,washing,front_load
67.8,-0.1360353685628313,-0.008468831132318524,0.9793918713500246,1.5784492992370993,washing,front_load
67.9,-0.08379512243687472,0.015125019523198509,1.002390182178027,1.3351613151614186,washing,front_load
68.0,0.035808557155689834,0.13175005847793902,0.9810023739317921,1.4188028466846527,washing,front_load
68.1,0.01213578629987691,0.10082320051451285,1.0168462346385894,1.5408001660324782,washing,front_load
68.2,0.08652323522715913,0.17765998894126817,1.0041032235195009,1.405752002191738,washing,front_load
68.3,0.2261294082503279,0.20569540116865995,0.986551306790673,1.4582450339548352,washing,front_load
68.4,0.23957818251730953,0.22943519144876043,0.9684948364095787,1.5662038038794925,washing,front_load
68.5,0.25751338900782283,0.24349242010864125,1.0080332259247753,1.4476840978198047,washing,front_load
68.6,0.19797224597423158,0.2527198330073522,0.9636184360287223,1.5339089383653037,washing,front_load
68.7,0.20155723726822702,0.26551218372314755,1.0128244312636252,1.7389092684029352,washing,front_load
68.8,0.20705159538516263,0.2604087570992099,1.078794547271107,1.4742211801519505,washing,front_load
68.9,0.10198023718761375,0.18746026007249064,1.0405051015378604,1.676900671457881,washing,front_load
69.0,0.005091196354288528,0.17140579523827135,1.0215504366068249,1.5839055100961037,washing,front_load
69.1,-0.09042586589688482,0.07823396427069375,0.9974317810677655,1.279913700976985,washing,front_load
69.2,-0.15878349862920318,0.06982399222821761,0.9418374211898942,1.3346794456104714,washing,front_load
69.3,-0.26613018526973364,-0.030712435484334468,0.9603314081229944,1.3749606175395155,washing,front_load
69.4,-0.23003491644615284,-0.02945267370856535,1.0384837856830813,1.3717747624600825,washing,front_load
69.5,-0.2246355067455444,-0.04717839861308798,0.9763073175962567,1.4864565380839778,washing,front_load
69.6,-0.2850327088889073,-0.16301851407631227,0.9790224370550786,1.5921966072122733,washing,front_load
69.7,-0.22209675536293988,-0.26331505781814507,0.9950304857294794,1.6882737625057085,washing,front_load
69.8,-0.18167025204012144,-0.24264895111384938,0.9681386122346034,1.5462262633087622,washing,front_load
69.9,-0.10621478443800332,-0.20702293645600672,0.963196937963451,1.4331480665920184,washing,front_load
70.0,0.001604448804657252,-0.23340769638924266,0.9984857778165573,1.1876638134555189,washing,front_load
70.1,0.014722183944079897,-0.23651178252443655,0.9732541163598389,1.5105884363126008,washing,front_load
70.2,0.1653744262238311,-0.19594671243785966,0.9777694426066331,1.5038655290542486,washing,front_load
70.3,0.22486990069174617,-0.18300514991647251,0.9765642692155898,1.5274393130308437,washing,front_load
70.4,0.23023105143267947,-0.12282424181364218,1.0156708064150342,1.8159360446555,washing,front_load
70.5,0.17557874470046375,-0.0859149146354791,0.9930362292851392,1.686089481928961,washing,front_load
70.6,0.2078715702937158,-0.016521458209104355,0.9946428409631843,1.6177591377374978,washing,front_load
70.7,0.23924130661681786,0.002911192747655403,1.0179083769192665,1.35568843048926,washing,front_load
70.8,0.06360648465126381,0.0740031106912454,0.9957388117530118,1.4230507876204885,washing,front_load
70.9,0.06682854622793065,0.09007316046612007,0.9916523869462848,1.4857733089607246,washing,front_load
71.0,-0.03540002335401532,0.12890248872634613,1.014113510667105,1.383688931398447,washing,front_load
71.1,-0.05311713954619322,0.23873079662018432,1.0200459353067288,1.5750696787477678,washing,front_load
71.2,-0.16719973163742086,0.22556281030064465,0.9955877950147419,1.5535363273823557,washing,front_load
71.3,-0.19013562797166578,0.2642198383951058,1.0024182332686156,1.3367538310417961,washing,front_load
71.4,-0.2208003164987154,0.2532188825394095,0.9765462931080001,1.6795225063644186,washing,front_load
71.5,-0.19491322480809942,0.22932661562118647,0.9741795087050642,1.515346550071329,washing,front_load
71.6,-0.24385238738404943,0.23277360824953616,1.0230744250590043,1.2406393279886623,washing,front_load
71.7,-0.19097291750505604,0.24984996410167223,1.0133482618763388,1.4922985712482546,washing,front_load
71.8,-0.19149797744694624,0.18779397871055847,1.0136589531524973,1.5421809683884358,washing,front_load
71.9,-0.041541841694926473,0.0759161591456809,1.0084256304617656,1.645918854215361,washing,front_load
72.0,-0.02281526544213898,0.07079691489645158,1.0013860982744487,1.4493785395310075,washing,front_load
72.1,0.0604316236711034,0.07699589211077357,1.020892356724683,1.624190740117081,washing,front_load
72.2,0.14627887922764427,-0.0377472142465739,1.0280532628306835,1.5280712980155324,washing,front_load
72.3,0.15536771823353704,-0.13869884081334005,1.0273368401557195,1.3027418086443632,washing,front_load
72.4,0.2446272299416555,-0.07716523218206786,0.9969766625216204,1.287724983977623,washing,front_load
72.5,0.2790239881877503,-0.15630492000225088,1.0416097818972652,1.6683839805224023,washing,front_load
72.6,0.2465521437787079,-0.2131823671398857,1.0068538204519697,1.6793976267572654,washing,front_load
72.7,0.15458732166837422,-0.24636272432101805,1.018971285776974,1.5484363845607085,washing,front_load
72.8,0.1432320342432298,-0.21555811743486716,1.0084626367250464,1.7243560081770042,washing,front_load
72.9,0.09951511568312607,-0.2651499931575564,1.0074102012245252,1.658491477356241,washing,front_load
73.0,-0.056339662978976496,-0.2033164363383098,0.9779274402924905,1.6025443094219582,washing,front_load
73.1,-0.10949722900826461,-0.1989196481792603,1.0210405251503447,1.3633032766899493,washing,front_load
73.2,-0.1206500049506728,-0.17490169909073328,1.0853588318472291,1.7597143126548516,washing,front_load
73.3,-0.19415138556781653,-0.13615540030296944,0.9887561477562975,1.580445214831241,washing,front_load
73.4,-0.2254049816099839,-0.09728017927260077,1.0021298414627484,1.4421241838082568,washing,front_load
73.5,-0.19421515577130066,-0.0077394126537832925,0.9866138420695821,1.3997594992042053,washing,front_load
73.6,-0.2237075457186017,-0.010262655080727472,0.985359402953142,1.5385175672270786,washing,front_load
73.7,-0.18251760828074218,0.02109002270489954,1.04633348434356,1.2493411372742318,washing,front_load
73.8,-0.065623947256572,0.13887162221219793,0.9798108694681761,1.6049509913029294,washing,front_load
73.9,-0.08366838533645188,0.18426511617292513,0.9857775857990092,1.356964377795896,washing,front_load
74.0,-0.023936482908558283,0.21666148316908762,0.9523752152880609,1.555591216323643,washing,front_load
74.1,0.09008814054115137,0.24167050750953603,0.9772716482637326,1.421756949396276,washing,front_load
74.2,0.16011604395478307,0.23595560133204474,0.9487480032113995,1.4603371930912945,washing,front_load
74.3,0.18645278683534727,0.27350112122299886,1.0189541409763578,1.3864635190852403,washing,front_load
74.4,0.20679221848714247,0.24077904647952236,1.0839909166551194,1.4758155853228798,washing,front_load
74.5,0.3192953326627023,0.20813822422263847,0.9889996361904844,1.7834069319026031,washing,front_load
74.6,0.24756943318542932,0.18327157132628613,0.9499972620102929,1.707758944057296,washing,front_load
74.7,0.1802856871516727,0.21384595437651785,1.026999989932892,1.5531718432493185,washing,front_load
74.8,0.1744242221415119,0.054395540429910905,0.9781922512320953,1.4962058601652573,washing,front_load
74.9,0.07397989404689968,0.06952945347801305,1.0389804079166063,1.6266301786039328,washing,front_load
75.0,-0.007586443389535919,-0.05037331282871078,0.9915391285663017,1.6694955591161336,washing,front_load
75.1,-0.06038606243630003,-0.05778281049881991,0.9810455293275165,1.3755272426688707,washing,front_load
75.2,-0.1857027811200705,-0.11945364744589175,0.9946612733276294,1.4883841698551696,washing,front_load
75.3,-0.19167543247622093,-0.2157776123136381,1.0227333028280856,1.226706265564788,washing,front_load
75.4,-0.1803754848418345,-0.180957182980932,0.9931773810773303,1.6684653165391343,washing,front_load
75.5,-0.23601467013408067,-0.2341527729128574,0.9850982589161889,1.8097536386551283,washing,front_load
75.6,-0.2490504921872934,-0.30512198055899376,0.9940350519106338,1.5120123936934629,washing,front_load
75.7,-0.21746740700658382,-0.22468959736820526,0.9618443444649735,1.1812484812645476,washing,front_load
75.8,-0.15925651227347368,-0.20252162734250473,1.0119109480688193,1.5913335774865547,washing,front_load
75.9,-0.08487312893517572,-0.18473492615210113,0.9463982021846526,1.364386625077638,washing,front_load
76.0,-0.011334195982749873,-0.1914855553741955,0.9866763563690345,1.400497583750331,washing,front_load
76.1,0.10474359182597603,-0.16394622217360097,1.0227815562649223,1.5939864584686505,washing,front_load
76.2,0.09495003997684812,-0.08059371989855729,1.0090914484879816,1.5381831188269086,washing,front_load
76.3,0.22811425010609854,-0.019276268949607704,1.0177096171895916,1.4267836836992098,washing,front_load
76.4,0.22637353331951157,0.018309431203939727,0.9980486298184357,1.4025591551097503,washing,front_load
76.5,0.26130843357086114,0.01086248819315876,1.0350923854295655,1.5188754082831248,washing,front_load
76.6,0.2039544917677622,0.09807148376761511,1.0277409759030938,1.4385801671231448,washing,front_load
76.7,0.2421131805992212,0.15370632879177307,1.0133842301274303,1.333614429959549,washing,front_load
76.8,0.18431536187827874,0.12795364778783105,1.0278263733194062,1.450115522778246,washing,front_load
76.9,0.10604196436624029,0.22926632653960685,1.0225127066321074,1.5509388934882775,washing,front_load
77.0,-0.04544264327380177,0.30595388385316846,0.9868160945995933,1.473284479977055,washing,front_load
77.1,-0.052380616461754875,0.26808857612479353,0.95968303264926,1.2879737102627722,washing,front_load
77.2,-0.1348006604440499,0.2922310677718721,1.0126108637752786,1.648359693206331,washing,front_load
77.3,-0.25041238600771,0.24070763414242008,1.0163826769249429,1.0891782844584998,washing,front_load
77.4,-0.23849305058691203,0.20888543165599166,1.032714159734157,1.4330452267457348,washing,front_load
77.5,-0.23906396532900212,0.1882148369990675,0.9719103617486412,1.4069702318169126,washing,front_load
77.6,-0.22108187085909442,0.1094818993052184,0.9728070682216851,1.5222268316807122,washing,front_load
77.7,-0.1969364075852699,0.055771224444291057,1.0137970079892331,1.5842492711704104,washing,front_load
77.8,-0.1382093705676976,0.06932244510616117,0.9978649903344075,1.6690147212391553,washing,front_load
77.9,-0.03304590682614779,0.017643191956371873,0.9434271516828662,1.393139268997176,washing,front_load
78.0,0.0367810172973204,-0.10698743806135533,1.0112532449126257,1.5879873506000222,washing,front_load
78.1,-0.00875740001974841,-0.0982203898009744,0.9444273125503314,1.5293727581822192,washing,front_load
78.2,0.13742315642798855,-0.17374557575035274,0.9716423034437988,1.2432690937225166,washing,front_load
78.3,0.19731471776741702,-0.19657588633392706,1.0405504411858033,1.7850810383151163,washing,front_load
78.4,0.1852011718919776,-0.21863756228900774,1.0547463705342135,1.28418373091397,washing,front_load
78.5,0.2528254917469694,-0.2170915711050545,0.9635303089458411,1.5629245908464573,washing,front_load
78.6,0.27522686224610277,-0.2470251360511724,0.9901182538776192,1.558493991629662,washing,front_load
78.7,0.16965721280601942,-0.19776856156017877,1.0012786756923613,1.5413455173493615,washing,front_load
78.8,0.15703834123381735,-0.20979428481817036,1.053436807827447,1.4258134676757588,washing,front_load
78.9,0.049779544274843324,-0.16880223923352777,0.9852139315652679,1.6240878976710753,washing,front_load
79.0,-0.02015736071038761,-0.17194419081924064,0.9856934793090016,1.2659448789085357,washing,front_load
79.1,-0.03293243956863705,-0.03452720233754995,1.0464617667538858,1.4901256816989115,washing,front_load
79.2,-0.16322304767647156,-0.032750580950282715,0.9887563254184523,1.4154187985171311,washing,front_load
79.3,-0.18838787392341522,0.029242612529876633,1.0216660512689937,1.3984053086899453,washing,front_load
79.4,-0.2939006725556177,0.013926897454865445,0.9556857110466271,1.5643121681180319,washing,front_load
79.5,-0.1941304731581536,0.08881656424251115,0.9948630176772302,1.6616217814079524,washing,front_load
79.6,-0.21968455568459344,0.19649250807473156,0.9502120948502079,1.44851163572447,washing,front_load
79.7,-0.20772924387324238,0.20614548664270244,0.9683369865713288,1.6171021634888667,washing,front_load
79.8,-0.1296799177731265,0.16879337107163492,1.0251760406545678,1.5074610998166897,washing,front_load
79.9,-0.11954883146217334,0.27512788835420016,0.9985028382673986,1.3660901686142988,washing,front_load
80.0,0.03547592225257432,0.2336865158694183,0.9904268277834107,1.4613071860138405,washing,front_load
80.1,0.06753470532884262,0.28631870006098825,0.9775375112805724,1.4550771163812577,washing,front_load
80.2,0.14082422762166735,0.2235716927583943,0.9933803178027615,1.395501013124183,washing,front_load
80.3,0.18750458014476787,0.20367995367454395,1.0090333950130208,1.5642724392983751,washing,front_load
80.4,0.22034458699141973,0.19472463479492383,1.0294874861938528,1.5351969281557138,washing,front_load
80.5,0.27084011834885224,0.08657283580924977,0.9212455994770959,1.2614025452595874,washing,front_load
80.6,0.24544133457691591,0.03238706755619943,0.9750471647721157,1.2522711007140963,washing,front_load
80.7,0.22180669283582732,0.0019577371575865586,1.0047728872656703,1.5637026679808632,washing,front_load
80.8,0.14668247238855264,-0.022030144657789026,0.9970341065211314,1.3777070356808199,washing,front_load
80.9,0.09265024292605702,-0.13921329023709406,1.0121012872758017,1.5453061732650486,washing,front_load
81.0,-0.01256546231775017,-0.1969873510697912,1.0080262085837965,1.6171397367163782,washing,front_load
81.1,-0.01036229335144652,-0.16281613959629593,0.9908539641101978,1.309357074389166,washing,front_load
81.2,-0.19398422556603315,-0.2371660193879753,0.9841944041203847,1.2882694118135722,washing,front_load
81.3,-0.16442612888684544,-0.25184020180684363,0.992634955307935,1.7511647523592941,washing,front_load
81.4,-0.19672690555215733,-0.3052109941652722,1.0344622704946822,1.552735617444369,washing,front_load
81.5,-0.2755647641789678,-0.2672914645793445,0.9780397620128286,1.4371139014990093,washing,front_load
81.6,-0.17088592075710868,-0.232671140370999,0.9981157983056813,1.3599089321030604,washing,front_load
81.7,-0.17238954010537816,-0.17885880783995667,1.0055002664199526,1.423433872663908,washing,front_load
81.8,-0.11781214286843464,-0.19427368146921573,1.0468105278962336,1.3214141495830034,washing,front_load
81.9,-0.0764135829829611,-0.07753907033061766,0.9909907522529106,1.6325118261135885,washing,front_load
82.0,-0.006516784746563967,-0.09779092931913806,1.0287641996803287,1.383487326959052,washing,front_load
82.1,0.07097198378254892,-0.044019832377185014,1.0369593820979506,1.66403018823244,washing,front_load
82.2,0.15866223096270152,0.07745403494800818,0.9980873720502805,1.4399056620344983,washing,front_load
82.3,0.24428983684475028,0.09102828463223113,0.9936784306276971,1.3434974724574027,washing,front_load
82.4,0.2432035556096304,0.11739595687439892,0.9901283898385536,1.4360547617979298,washing,front_load
82.5,0.22265669130588128,0.1721227013612161,0.9923253059727225,1.1063749833747876,washing,front_load
82.6,0.2624969409453381,0.2516741887017629,1.0256271958173049,1.481884713498899,washing,front_load
82.7,0.2298887709855789,0.2792062768273273,1.0069302993176654,1.4744821213304762,washing,front_load
82.8,0.16658609892655774,0.22352487995051096,1.007058691275096,1.6237114119821952,washing,front_load
82.9,0.09961921578948943,0.24761747684839744,0.9662432946886049,1.217054260802493,washing,front_load
83.0,-0.008127843904734977,0.24046883390381585,0.9709752976787429,1.6742799541295321,washing,front_load
83.1,-0.10512392360765199,0.18559830343548883,1.0643034047433093,1.6230898942496483,washing,front_load
83.2,-0.172992115992343,0.1805716052758547,0.9946652282413393,1.6878065345547995,washing,front_load
83.3,-0.2513181460474717,0.1406805302765863,0.9767568401326492,1.4920917935993794,washing,front_load
83.4,-0.23065567072740847,0.12623742253927522,1.042932974967679,1.6520845251154133,washing,front_load
83.5,-0.2525034634967978,0.07533136710939838,1.0084542564605066,1.2793133947639643,washing,front_load
83.6,-0.2509637602096808,-0.025573911833093148,1.0173446475059356,1.60695713478068,washing,front_load
83.7,-0.29092281332408876,-0.07616637082563253,0.995858587741554,1.3843255856850083,washing,front_load
83.8,-0.18436583716394567,-0.10050964946375364,0.9904398072826959,1.2522897251365595,washing,front_load
83.9,-0.043629029051647505,-0.18288361979871753,0.9949124088250813,1.3313789222753458,washing,front_load
84.0,-0.01993878000189589,-0.18459504404161398,0.9585178548910412,1.5008296707943907,washing,front_load
84.1,0.08807199892343727,-0.23207585104206807,0.9973621777174031,1.3763551187673595,washing,front_load
84.2,0.10522575017385971,-0.2746537700143302,1.0088809923112785,1.55641102975437,washing,front_load
84.3,0.2454154130645113,-0.2785817414778224,1.0555138970153126,1.2287643667493975,washing,front_load
84.4,0.23344329927214805,-0.1987340294012258,1.0025799719501565,1.1809353684576207,washing,front_load
84.5,0.25870121189450607,-0.22744427542139325,0.9299746887336908,1.7058581151215364,washing,front_load
84.6,0.30753752283024094,-0.14341768787700176,0.9971804370164613,1.6355700194102152,washing,front_load
84.7,0.2477474516114204,-0.1686358512346967,1.0821851239932492,1.3426054746129288,washing,front_load
84.8,0.13774934443451103,-0.09770866685733008,1.0259909870495512,1.499550053479419,washing,front_load
84.9,0.05945764304762079,0.01724449134141056,0.9756733316857423,1.6529260590301986,washing,front_load
85.0,-0.0097663503455813,-0.03172160233990732,1.0177331954329167,1.5628800912435907,washing,front_load
85.1,-0.061957301139433395,-0.002398624647867123,0.9777395972533078,1.5222334644275217,washing,front_load
85.2,-0.1501030371006471,0.1450425268298821,0.9593857744135943,1.6642731121968897,washing,front_load
85.3,-0.21411157294383695,0.12842249025144867,0.9895489191029778,1.390393128719817,washing,front_load
85.4,-0.19374869155251842,0.1920071197707617,1.002745793177166,1.5046767672996944,washing,front_load
85.5,-0.2534262967533351,0.2051740847335451,0.9438353349269981,1.4973227042561412,washing,front_load
85.6,-0.16877645628267163,0.25019067371081566,0.9655252212838409,1.4590856928493436,washing,front_load
85.7,-0.1995319716811705,0.22136055387586062,1.0003100668954708,1.4415291732868871,washing,front_load
85.8,-0.09338676124637738,0.24017361004567314,0.9877548047203314,1.5109302356742735,washing,front_load
85.9,-0.06653466591241533,0.24293311621769192,1.0118443381343827,1.5051611243978291,washing,front_load
86.0,0.02888881719748319,0.17200498200551034,0.9635599501807431,1.342735853619821,washing,front_load
86.1,0.05551591704820194,0.14432544544153858,1.021423412456599,1.620269386485067,washing,front_load
86.2,0.12133353639549643,0.11001693351747621,0.9644872270881941,1.3535422188350612,washing,front_load
86.3,0.21604542724418502,0.026883313483023356,1.0492820290581288,1.4672649833179239,washing,front_load
86.4,0.2674207263477483,0.0030208003983641825,0.9485272514686505,1.4557079290919923,washing,front_load
86.5,0.2512076950600139,-0.03554472006296465,0.9672233718884976,1.5537155418988824,washing,front_load
86.6,0.19917232902127893,-0.10401760641881598,1.0125211240909548,1.1821344089674,washing,front_load
86.7,0.16144649760505747,-0.14866213925098395,1.0499269975449292,1.6336364722394188,washing,front_load
86.8,0.10413222100753414,-0.18283920698254474,1.0094512910834852,1.3984514478581753,washing,front_load
86.9,0.024225585205555268,-0.2348578106239543,1.0168857376054716,1.6829944942165582,washing,front_load
87.0,0.003284560783415565,-0.21703225209778124,1.0005261070501918,1.4282752613225769,washing,front_load
87.1,-0.043502930942490345,-0.2058111474067164,0.9692080463765442,1.4926734621398985,washing,front_load
87.2,-0.14734878668086088,-0.26196008709448343,0.9852958495528186,1.7870679060102637,washing,front_load
87.3,-0.2700666913138694,-0.22066424529422687,0.9636427084005617,1.4583992686809497,washing,front_load
87.4,-0.24348694288382666,-0.21827049603854248,0.9616387009666939,1.685827482701019,washing,front_load
87.5,-0.2548839698989782,-0.1658120749454864,1.0120524675795923,1.505856762834684,washing,front_load
87.6,-0.1748841665670275,-0.0869833128086577,0.9663046605373612,1.5623128245440234,washing,front_load
87.7,-0.24596838598132137,-0.06942469377078078,1.0095866202017008,1.5104937884117062,washing,front_load
87.8,-0.15866664115109944,-0.08453574455537524,0.9609453174333671,1.6271777439450186,washing,front_load
87.9,-0.02607866817739557,0.037146947273034886,1.0088914906035027,1.3971702580720422,washing,front_load
88.0,0.013499350240397912,0.11424016089300407,0.9853395229311112,1.352392721547122,washing,front_load
88.1,0.09415364079922128,0.12061246883764021,1.0421984660095194,1.4042135714434467,washing,front_load
88.2,0.15038384618383652,0.20100582066570885,1.009711566867372,1.5149565564486136,washing,front_load
88.3,0.21215255475345016,0.18606667733407897,1.0370734867898241,1.4668771821674507,washing,front_load
88.4,0.26109241498214547,0.18787794668639496,0.9773305985072442,1.6065412314706764,washing,front_load
88.5,0.22571541043321702,0.2511571557137636,1.001684300207325,1.695709754973228,washing,front_load
88.6,0.2641058864410375,0.19681238048467897,0.9705673852565116,1.3536242494147488,washing,front_load
88.7,0.16106415808717006,0.2328802910324284,0.9875918427176674,1.38990768125791,washing,front_load
88.8,0.15679735225806612,0.25768193789033206,0.9921368733176611,1.284564087253072,washing,front_load
88.9,0.08261647749232487,0.13023488023522842,0.9782242533793858,1.8045559486138656,washing,front_load
89.0,-0.018488792645762014,0.10856140919570434,0.9635349142346291,1.545700424868274,washing,front_load
89.1,-0.07793480685350213,0.06832600530385192,0.9575944802904204,1.5719703480077367,washing,front_load
89.2,-0.1656225176530846,0.04494573285510748,0.9298075565287781,1.2989687422453429,washing,front_load
89.3,-0.23440528839958716,-0.01882419333891238,0.9683096060948962,1.4998245016489689,washing,front_load
89.4,-0.24837257132219787,-0.02019838034033144,1.0188248169001553,1.5763871976619628,washing,front_load
89.5,-0.28311965906114983,-0.0848671750621291,0.9520450440396016,1.4620863464198361,washing,front_load
89.6,-0.22808020515099273,-0.14449780905510815,0.9589563146124008,1.661355843723959,washing,front_load
89.7,-0.23675681341830876,-0.1931698436636049,1.0537269571369874,1.8467746688464244,washing,front_load
89.8,-0.12558700238339063,-0.21440986980695895,0.9809051185045524,1.3579405759359071,washing,front_load
89.9,-0.11269862063160223,-0.26983866114408733,1.009631380274945,1.3466869131034955,washing,front_load
90.0,-0.01698884746743411,-0.22428368939330162,1.0192695143950148,1.3683365901707134,washing,front_load
90.1,0.058516146347274804,-0.27734051811546395,1.0198757838934385,1.7409298740024737,washing,front_load
90.2,0.18670071493936097,-0.2011454532994404,0.9543305730817582,1.6563532975544526,washing,front_load
90.3,0.212162946962231,-0.16195447803036161,0.9930682096030153,1.4796708273309527,washing,front_load
90.4,0.2314121149974581,-0.15303005937452988,0.9514531819144483,1.505483949660131,washing,front_load
90.5,0.2649615832320917,-0.11878401670375305,1.0733895357673098,1.3775184560704918,washing,front_load
90.6,0.17454835865390034,-0.050163174541931935,0.952153742079532,1.6335040736614777,washing,front_load
90.7,0.20096024090450804,-0.09369824087255461,0.9685647934339054,1.443014726383717,washing,front_load
90.8,0.20687173840726722,0.05591307520098496,0.9687819743547549,1.4609885190817502,washing,front_load
90.9,0.08122464378581361,0.09588635272350392,0.9551001856983136,1.5913184657293886,washing,front_load
91.0,0.002037395075079574,0.1454274696814048,1.0405778172926963,1.4718007592875169,washing,front_load
91.1,-0.06081039720446173,0.20872374279454145,1.0726734370325048,1.464755100975323,washing,front_load
91.2,-0.12007815577368902,0.21683360236402455,0.9857275264206214,1.5015862808293612,washing,front_load
91.3,-0.2621782493804316,0.20586721571969913,0.9603873055946677,1.6193033120689615,washing,front_load
91.4,-0.28823392352751986,0.2452646019823065,0.9328922350382194,1.746973961322575,washing,front_load
91.5,-0.2436912612674156,0.24894874967120936,0.9926767384443369,1.5878229348369124,washing,front_load
91.6,-0.2592104259307149,0.235892138819494,0.9905090373051567,1.62049713354364,washing,front_load
91.7,-0.1628934907271394,0.2116277245871941,0.9804611162091956,1.4700218906848312,washing,front_load
91.8,-0.1564015447696775,0.2023178478297314,1.006641257619287,1.3938303205246925,washing,front_load
91.9,-0.13529017066512952,0.09467931734657212,1.0118551942844647,1.5980979348352673,washing,front_load
92.0,-0.03804041750532212,0.0825252622786872,1.009692497738137,1.5256861236900856,washing,front_load
92.1,1.1554578335959758,1.2229188348793427,0.9905162538409454,1.2866057026875377,washing,front_load
92.2,1.300616412545791,1.077322212291976,0.9669513451127721,1.4507895564861604,washing,front_load
92.3,1.357296590366964,1.0813987859532468,1.0199749929342015,1.487565446477767,washing,front_load
92.4,1.3857241133714924,1.0091758117872216,1.0003754127826459,1.4234313199457282,washing,front_load
92.5,0.28236637117089214,-0.1878980068308288,1.0266507257450395,1.7222603391813192,washing,front_load
92.6,0.27371972416929125,-0.23822620647193127,1.0237022664841668,1.5719758555353325,washing,front_load
92.7,0.19714259589305508,-0.24030671370956858,0.9573471379285865,1.7059762376832972,washing,front_load
92.8,0.08290550304881728,-0.1927910068958118,0.9569733337762719,1.539513789247824,washing,front_load
92.9,0.09577269600849955,-0.2868234019860862,0.9773337784377841,1.5122081754637617,washing,front_load
93.0,0.016660806855262163,-0.27285242914815494,0.9683120377512799,1.3595103273584626,washing,front_load
93.1,-0.06797250148902088,-0.25424354385589426,1.022657553279283,1.501789429979485,washing,front_load
93.2,-0.11750192059387732,-0.13041960825650983,1.0105392902796375,1.501958088851316,washing,front_load
93.3,-0.23719909148756388,-0.15439103562867776,1.0329755198135593,1.294932917394865,washing,front_load
93.4,-0.17750146748823548,-0.09280030998160109,1.0118946045223276,1.4190708795344407,washing,front_load
93.5,-0.278782832594256,-0.05119210449324712,1.006259487456201,1.4515076102225457,washing,front_load
93.6,-0.21528744125776567,-0.012635056469774482,1.0359918934103252,1.5620219316083581,washing,front_load
93.7,-0.2528746794261364,0.06269325711137065,1.0140918201920515,1.5692025167978558,washing,front_load
93.8,-0.17485425369122093,0.19418572669752165,1.0020430289031315,1.4128022277052192,washing,front_load
93.9,-0.03176318919197428,0.207090093960142,1.0444135910179206,1.5703304403812828,washing,front_load
94.0,-0.007826994690025986,0.17666611405996513,1.0034554264945836,1.4726881605977225,washing,front_load
94.1,0.10245192674771737,0.24886587951284317,0.9908697818524623,1.0695569962717566,washing,front_load
94.2,0.15405497473469598,0.2206261295021808,0.9748653022366706,1.4272946952072687,washing,front_load
94.3,0.19910550391373008,0.19658561092604632,1.0210907637713624,1.6618482960213568,washing,front_load
94.4,0.2786796388217695,0.27273111781209713,1.037111516255274,1.247729136505848,washing,front_load
94.5,0.242900235260443,0.2575544164463997,0.9984823779569971,1.516903680062331,washing,front_load
94.6,0.1843419858468858,0.22400987822538648,1.0392374687133952,1.737789182127793,washing,front_load
94.7,0.17815704583518627,0.13913080593666027,0.9408995490408527,1.385908057048428,washing,front_load
94.8,0.1634820649341724,0.10144155087121308,0.9983363987557625,1.5003223620641528,washing,front_load
94.9,0.08911952178461216,0.07702877695888494,0.998797152636867,1.3043975614158119,washing,front_load
95.0,-0.04701174750705996,0.011744881120449708,0.9781901688277795,1.744084671249536,washing,front_load
95.1,-0.09898452417597689,-0.0663449344880399,1.0715158311394561,1.487500105950508,washing,front_load
95.2,-0.16439795354918382,-0.15501697749481227,0.9980142210193371,1.5069940264191026,washing,front_load
95.3,-0.21321833641716043,-0.14981050758897685,0.987768076851867,1.7031450698258435,washing,front_load
95.4,-0.2790415367318367,-0.16025802151686688,1.0007788634030053,1.599221759196822,washing,front_load
95.5,-0.26885113324358434,-0.2586792797181152,0.9399155878442251,1.3686556901254892,washing,front_load
95.6,-0.25962244363157655,-0.22298300883187575,0.9772039622396526,1.4029083113869025,washing,front_load
95.7,-0.17910825080087725,-0.2399303892374222,1.0294971990833621,1.5742396956784948,washing,front_load
95.8,-0.12267267374341644,-0.22306736478520317,0.9811316393520167,1.406381841740559,washing,front_load
95.9,-0.0816285623363972,-0.2032793914294247,0.9751337451159918,1.182413503181921,washing,front_load
96.0,-0.011761193876127824,-0.22308820585150152,1.039285769095432,1.4920138802041383,washing,front_load
96.1,0.08145197795490171,-0.21383674833586713,1.040207632028555,1.2779681008312787,washing,front_load
96.2,0.12244905984945273,-0.13644400429591638,1.0155097141648342,1.7424422630345588,washing,front_load
96.3,0.16784928612870886,-0.04307395698400596,0.98634647997884,1.526518145664473,washing,front_load
96.4,0.20955749280601782,-0.03195774698811035,0.9928158680465103,1.3642237414884637,washing,front_load
96.5,0.2309556050808563,0.018287316544324868,0.9758755011527512,1.395205137800632,washing,front_load
96.6,0.20285991508002343,0.03739062791341964,0.9701568064291407,1.216590361818912,washing,front_load
96.7,0.20711603536562267,0.19310027109955658,0.968667505350747,1.3350807169829244,washing,front_load
96.8,0.16883778328663143,0.20701356609810814,0.9814583677964438,1.6524484803811048,washing,front_load
96.9,0.029641299569788046,0.23828238618922906,0.9689583702794576,1.8347679218238588,washing,front_load
97.0,0.0007538613364824698,0.2667958906771725,0.9530888464437055,1.6089594769798439,washing,front_load
97.1,-0.08385232245172257,0.2661917419970713,1.006582080092617,1.4861936192068457,washing,front_load
97.2,-0.13670105250701373,0.24069880967323382,1.007037867426803,1.4352060936519124,washing,front_load
97.3,-0.20264241163684232,0.2303072691148912,1.0510237827528495,1.3565256279635456,washing,front_load
97.4,-0.2813721074717374,0.19825505043774183,0.9799498489493589,1.808964884900961,washing,front_load
97.5,-0.28787167896571497,0.2558189179290898,1.008883017688698,1.4716876947203437,washing,front_load
97.6,-0.23688142180624103,0.15063405968373653,1.009381377378244,1.8173444745093756,washing,front_load
97.7,-0.1713908210013727,0.0707704668207851,0.992384873166234,1.7090279264415091,washing,front_load
97.8,-0.21337193420441244,0.04529821161607078,1.0223300076624904,1.238880535298059,washing,front_load
97.9,-0.06688245119969047,-0.05385314586531807,1.0232568756055214,1.4001071406361063,washing,front_load
98.0,0.03568866015862513,-0.03211904703605255,1.0098223328559262,1.3996432313739267,washing,front_load
98.1,0.07266347230754354,-0.1470924268117996,0.9923308088485662,1.488023045384139,washing,front_load
98.2,0.16345238795390885,-0.15610421350349651,0.989274096743364,1.490952862032937,washing,front_load
98.3,0.18116217616679903,-0.17479081467634072,0.9589673830360882,1.9494358643097214,washing,front_load
98.4,0.23418314309548355,-0.2209010651459143,0.9758224666414692,1.3384158188287862,washing,front_load
98.5,0.20137259445075545,-0.24408798539419457,0.9813397742829494,1.5343454903496585,washing,front_load
98.6,0.16743382982122484,-0.24918261956138776,0.9662808471271169,1.5924761613701706,washing,front_load
98.7,0.23053722263049364,-0.2417666543258487,1.0131977190006298,1.4997641993296205,washing,front_load
98.8,0.1173964652413913,-0.23637762467879425,1.0358988360696102,1.5165270866672036,washing,front_load
98.9,0.06358841324363074,-0.20101227030070634,0.9727581270301255,1.343278665854012,washing,front_load
99.0,-0.04159326759810604,-0.10255860186359123,1.008503243072339,1.5159729291904023,washing,front_load
99.1,-0.11955333968624364,-0.10254307163925822,0.9689766658141087,1.5767098494261558,washing,front_load
99.2,-0.1521614440759577,-0.07041921672791707,0.9908523348718251,1.5491400876406693,washing,front_load
99.3,-0.22414156441780508,-0.007636238136316701,0.9792901126246667,1.5855301355868137,washing,front_load
99.4,-0.22642499913394806,0.09518359221212624,1.0180568694581933,1.7118911850954348,washing,front_load
99.5,-0.23642384743061223,0.13376582392981656,0.9796363547847347,1.6405449812871513,washing,front_load
99.6,-0.22813863968405146,0.17616587278413567,1.0303498124111994,1.5106941920246155,washing,front_load
99.7,-0.19509622486588366,0.18981311712662918,0.992628376790134,1.3242362472175082,washing,front_load
99.8,-0.0996132669251644,0.24340763722169012,0.9805118887121551,1.4099992087933322,washing,front_load
99.9,-0.10928206166508281,0.2246723567361672,0.9624008421296452,1.4670553272123876,washing,front_load
100.0,-0.0016480459860899817,0.24221157905962676,1.0075961353088605,1.537851874701217,washing,front_load
100.1,0.11123494320931923,0.2730733251064413,1.0268565520667854,1.4282500857750908,washing,front_load
100.2,0.1848825073532581,0.25243509348407817,1.0081996376961062,1.3596400201223473,washing,front_load
100.3,0.15960133911339694,0.16808145771540095,1.0671649499924327,1.3217701966319495,washing,front_load
100.4,0.2283934658241121,0.1336902038499188,1.0428936235741126,1.2523233361416704,washing,front_load
100.5,0.2907436328760178,0.11675868951929388,0.9907741670584895,1.4647573944338146,washing,front_load
100.6,0.25300650222976245,0.11395644303130506,0.9904591769857879,1.2795501836894543,washing,front_load
100.7,0.20811213953813176,-0.04961426516453074,1.0140909015845605,1.3499211473763912,washing,front_load
100.8,0.14041577227008348,-0.0384953404593084,0.9748594245872294,1.4409147190733547,washing,front_load
100.9,0.06574022082249967,-0.14056827260588828,1.0349886491959746,1.299612403591285,washing,front_load
101.0,0.008646571892714871,-0.16597624287887713,1.0108480156553075,1.5569628282748045,washing,front_load
101.1,-0.08482547234326351,-0.19846061994953548,1.007693767325756,1.611033459540853,washing,front_load
101.2,-0.1482236717044539,-0.23169192031407085,1.0206086100331244,1.4175859470336902,washing,front_load
101.3,-0.19989628741028143,-0.2560872996090108,1.0516848965010717,1.4344459038584998,washing,front_load
101.4,-0.2581062749285945,-0.2492904702957769,1.005128660565625,1.5806144655208616,washing,front_load
101.5,-0.23403611878355685,-0.2629797521477027,0.9966087888738585,1.3929007354147982,washing,front_load
101.6,0.5563255008333742,0.43034444743701306,1.0452615886996774,1.3825899132604058,washing,front_load
101.7,0.45109844268118476,0.5232882352617456,1.029026512479734,1.6794747717279435,washing,front_load
101.8,0.5694363531072828,0.5581116789869964,0.9903706047884884,1.632628160806918,washing,front_load
101.9,0.6066023392023945,0.6046971658177824,1.0001555934597706,1.590232500351588,washing,front_load
102.0,0.017322077325569656,-0.12347628348166859,1.0058614274781639,1.638846693209114,washing,front_load
102.1,0.07865097279356227,-0.014559533752114518,1.0108543883381496,1.2034081911948955,washing,front_load
102.2,0.1698019562943923,0.05161267406527964,0.9593020044718266,1.7030753320189662,washing,front_load
102.3,0.2375194458889985,0.05374841800813067,0.9537254617659532,1.5588093174875612,washing,front_load
102.4,0.24353676260683635,0.13423189619021422,0.9733782993399264,1.6516172076008602,washing,front_load
102.5,0.28396156865242533,0.17328869593732138,0.9710578467096598,1.5580742668674543,washing,front_load
102.6,0.16743519226013187,0.266346501132544,0.980685279580825,1.5073387237020235,washing,front_load
102.7,0.24996781753121824,0.2929550733489333,1.0190413192627001,1.4587036181456918,washing,front_load
102.8,0.158198177629892,0.19809798352871233,0.9949321253102579,1.5550716565329308,washing,front_load
102.9,0.10958954926608586,0.32370830132260925,1.0058918381503057,1.4532378136643171,washing,front_load
103.0,-0.03659627234524932,0.21030735743918963,0.9632708976987322,1.6301814150097669,washing,front_load
103.1,-0.10217734504188394,0.24460570558081426,0.9861507339123716,1.26203150331717,washing,front_load
103.2,-0.142568164248773,0.21135709628126798,1.0176177298523452,1.4187636207308583,washing,front_load
103.3,-0.20276538527385743,0.1106501376577829,1.017848573745304,1.806723487271497,washing,front_load
103.4,-0.22927207143349038,0.10682917198634156,0.9782627851543627,1.4060879304641412,washing,front_load
103.5,-0.217464545172101,0.03588260393207559,1.0048498715913865,1.4641974415404784,washing,front_load
103.6,-0.2907207385328741,0.0009322702566439238,1.0659654356044699,1.3676128599974886,washing,front_load
103.7,-0.17303967644221988,-0.06282760743838048,0.9994720621223309,1.5503768509328735,washing,front_load
103.8,-0.14669785577438613,-0.08454823396431338,0.9792043916157266,1.3895602664786708,washing,front_load
103.9,-0.0833677044274694,-0.16306598003652897,0.9947871283191352,1.4721583597789425,washing,front_load
104.0,-0.04413345703154573,-0.2072904706765241,1.002765313225805,1.6273299804052606,washing,front_load
104.1,0.09234570864504077,-0.19655672942927815,0.9954649485792835,1.3951854871777776,washing,front_load
104.2,0.07452307754218293,-0.2281599337364131,0.999059358979705,1.6182916678897832,washing,front_load
104.3,0.22170606893089334,-0.22792223826180644,0.9566965960918948,1.6233343973340535,washing,front_load
104.4,0.1930009540095995,-0.2620833904499156,0.9711210857474215,1.6582434142078941,washing,front_load
104.5,0.2516037373785242,-0.2541095144890463,0.9955199428878551,1.521081149237706,washing,front_load
104.6,0.23418906395395186,-0.20965997499153352,0.995041960899327,1.986188861546518,washing,front_load
104.7,0.23734039301255722,-0.1718514049836688,0.9830143217542,1.6581800544813123,washing,front_load
104.8,0.14158665800270942,-0.08285884483168945,0.9946895924177069,1.548731643661024,washing,front_load
104.9,0.05643009175936556,-0.025256288840317293,1.001830445662426,1.3686113378877398,washing,front_load
105.0,-0.015198080879134376,-0.004653908685976053,1.0266824036957358,1.4854411311188789,washing,front_load
105.1,-0.03906776553109236,0.09746338091386153,0.9970236479432185,1.7139490465350051,washing,front_load
105.2,-0.13085740399769655,0.14749890470422344,1.0119730961589477,1.7564301923439403,washing,front_load
105.3,-0.2138231480394252,0.1605287309052497,0.9837519909569824,1.7217493650660343,washing,front_load
105.4,-0.24485752167272382,0.16797155754765614,1.0171628717079544,1.6177788460094429,washing,front_load
105.5,-0.29701531271756343,0.2700129305301546,1.0112719089283706,1.3116509690556641,washing,front_load
105.6,-0.22610990304824408,0.24031526975130338,1.0259745100953945,1.5730742726738505,washing,front_load
105.7,-0.2550487198245979,0.25366159598436205,1.0214038138733346,1.3137896432920504,washing,front_load
105.8,-0.12439241909805313,0.23538366191397567,1.0176620686864344,1.2768793209928861,washing,front_load
105.9,-0.07339560081900011,0.20274494663208087,0.9970474777402666,1.5358738026865857,washing,front_load
106.0,0.07160855398721326,0.15819506568428074,1.0073481768113342,1.5784799170904626,washing,front_load
106.1,0.04425018198200053,0.18431401603763556,1.0319052678535459,1.6355065647721208,washing,front_load
106.2,0.14386645034190218,0.09693638690852927,0.9804377629179162,1.574570436057914,washing,front_load
106.3,0.256202879621429,0.1615337133797117,0.981147766639094,1.5797378978614123,washing,front_load
106.4,0.27350581828253,-0.016884577596038505,1.005442941938511,1.3523021122511436,washing,front_load
106.5,0.22911363845260302,-0.07683009050949063,1.0124583907079636,1.4842534972973,washing,front_load
106.6,0.24448315192499456,-0.07672697670275784,0.9752768050220799,1.2739324821548268,washing,front_load
106.7,0.20231422928618817,-0.09464144009401157,0.9977571230976008,1.1994946305899707,washing,front_load
106.8,0.1554049890949437,-0.1803044671470539,0.9971800367731365,1.611096406476461,washing,front_load
106.9,0.056293835514195756,-0.19801823414536554,0.9335415965318958,1.3870313409313562,washing,front_load
107.0,-0.002679612081014931,-0.29307055159754813,0.9934121803222372,1.630874775321458,washing,front_load
107.1,-0.12519581985202854,-0.2692158375215218,0.995280465014546,1.6662521366820058,washing,front_load
107.2,-0.14289260951707655,-0.2802371472027464,0.9951912117153094,1.4071024013065203,washing,front_load
107.3,-0.1887536283910806,-0.2920715677369953,1.0424774282373181,1.5885466641832948,washing,front_load
107.4,-0.24458671145310765,-0.20757257435478382,0.9635260510447338,1.4008264907079537,washing,front_load
107.5,-0.2984515267175436,-0.2440615239449561,0.9752613228638616,1.2231181688059765,washing,front_load
107.6,-0.2081081731882481,-0.17362257772738066,0.9216341260504199,1.5184964106663688,washing,front_load
107.7,-0.19131849745395305,-0.10080029388172837,0.9855725000147758,1.4293689180426359,washing,front_load
107.8,-0.16872676600415049,-0.05627188346961225,0.98813069337622,1.4339866484119304,washing,front_load
107.9,-0.08567226199887162,0.03541933339584302,0.9847006847099723,1.7963014676768287,washing,front_load
108.0,-0.04502008208346496,0.08642165435079932,1.0332303201845128,1.2711214525900991,washing,front_load
108.1,0.046491944760387455,0.15407431631564508,1.025818525670109,1.5574306703057206,washing,front_load
108.2,0.13081197268240263,0.19370828846354746,1.0023357017280192,1.3507789144282873,washing,front_load
108.3,0.23910687296213848,0.24099452724947756,0.9888816083938041,1.6362392113900985,washing,front_load
108.4,0.21857902734716603,0.2323865694717907,1.030785690043206,1.5447646854262598,washing,front_load
108.5,0.26920640977986277,0.2560260921732842,0.9994072642049244,1.556901652377092,washing,front_load
108.6,0.2216146429879454,0.26485209316464425,0.9754518988324463,1.358266557359661,washing,front_load
108.7,0.20969267541929495,0.24432312234096756,0.9485125396754635,1.3851618130067516,washing,front_load
108.8,0.1427044480088093,0.20716084071345578,0.9867605651831295,1.6390875761018828,washing,front_load
108.9,0.10344594659651457,0.1775544913774205,1.0226393085151781,1.7656196582591344,washing,front_load
109.0,-0.016044340146558454,0.12241956112321835,1.0682961606862926,1.572046172583628,washing,front_load
109.1,-0.12443009609380876,0.11193547755599614,1.0018483103856843,1.365386891884285,washing,front_load
109.2,-0.1884047840140236,0.044024873423883774,0.9770393345463909,1.5508407783693103,washing,front_load
109.3,-0.2182105734120151,-0.02774790228862685,0.9644510437514736,1.8641208066506414,washing,front_load
109.4,-0.27523592819413106,-0.0820398163709497,1.0165586468891679,1.5153634216078367,washing,front_load
109.5,-0.23769363952961348,-0.14980958676836806,0.947061518428472,1.71927612890904,washing,front_load
109.6,-0.25173717401953155,-0.12999075720005387,1.0165103530421467,1.3889505951241932,washing,front_load
109.7,-0.13101605209294737,-0.19518022300796645,1.0245313481878873,1.493687092254542,washing,front_load
109.8,-0.19907775092723948,-0.2520907637036979,1.013088383596986,1.5929347809188314,washing,front_load
109.9,-0.07114525323244078,-0.2197227579966266,0.9934101498418433,1.5595992462394297,washing,front_load
110.0,-0.03383859070517105,-0.2668134642938312,1.0169482196064044,1.385041697983326,washing,front_load
110.1,0.06245220838225261,-0.2861742092950554,1.005128151133849,1.37857238143041,washing,front_load
110.2,0.1511888972733288,-0.19557009443993423,0.9766562847441822,1.6482426604653988,washing,front_load
110.3,0.1324931073475022,-0.21365166278091127,1.0555123696712507,1.6787326218975218,washing,front_load
110.4,0.24486891257742946,-0.17162297014343786,0.9894496186116846,1.726821533718288,washing,front_load
110.5,0.307087223868225,-0.1122622243244141,1.0232725690134972,1.7705895724879301,washing,front_load
110.6,0.22416098012273228,-0.027894795107513935,0.9274415715191285,1.5201929154483895,washing,front_load
110.7,0.21004848429789882,-0.007251571043540183,1.0382941264834278,1.453320113365261,washing,front_load
110.8,0.1776939638668897,0.010871814862062047,1.0440629123396374,1.7026486408167703,washing,front_load
110.9,0.07233564359292749,0.11560328278205498,1.000895013613799,1.606960392277738,washing,front_load
111.0,-0.01742880565594082,0.13239662134526103,1.0167631310421328,1.3526317111998614,washing,front_load
111.1,-0.14552634070538295,0.24416548655349382,1.016755455448227,1.3449546501721632,washing,front_load
111.2,-0.12771659149127257,0.21904307835102857,0.9807164929107782,1.5737895302034464,washing,front_load
111.3,-0.20564930088560449,0.1730223564822752,1.0164136691631802,1.4734088007774,washing,front_load
111.4,-0.26814464461543264,0.2602276312717379,0.9757410859038234,1.4960355067888953,washing,front_load
111.5,-0.2462020986916692,0.3052600189165918,0.9817372922906402,1.660880004706529,washing,front_load
111.6,-0.2552745397779764,0.2797217301284287,1.033808294296369,1.6138555717477554,washing,front_load
111.7,-0.21810703252720087,0.26169877223133625,1.0292397307210062,1.6994809872627648,washing,front_load
111.8,-0.12875757838985716,0.14054397092073245,0.9788087349365262,1.210269584043995,washing,front_load
111.9,-0.11740572093345529,0.15462492581690182,0.9779927096949688,1.5380096875831801,washing,front_load
112.0,0.031419458582206385,0.05559441240164245,0.9806321019262698,1.604203278359581,washing,front_load
112.1,0.035323663700175735,0.030255760312144338,1.0219791869939647,1.2710121214968475,washing,front_load
112.2,0.12706527082246166,-0.06952188125326633,0.9700004565756881,1.4017656538035042,washing,front_load
112.3,0.2599426344157333,-0.10401815300780201,1.0107013791710786,1.3739272256506623,washing,front_load
112.4,0.27158477192305963,-0.1542440996656549,1.022405404319029,1.5032547256589874,washing,front_load
112.5,0.2529281197748632,-0.14982003689235054,0.997352636491207,1.7441780953041095,washing,front_load
112.6,0.20954822260875525,-0.18706040772540775,1.030301910905948,1.803388410699735,washing,front_load
112.7,0.1863760793927399,-0.22691560035862987,0.9908706949153062,1.3778568670390077,washing,front_load
112.8,0.1491445725106915,-0.28854131787028026,0.9935843319701826,1.5789835875740361,washing,front_load
112.9,0.07837994556391696,-0.2582396741692616,0.9706826130660443,1.5838196778213474,washing,front_load
113.0,-0.0027261278887698213,-0.26014762356207255,1.0305153204286062,1.5581438657272122,washing,front_load
113.1,-0.0781792240162508,-0.18909523405015552,0.9770043865906339,1.5598469452108852,washing,front_load
113.2,-0.15337756636427083,-0.14689661127083886,1.0104931545314517,1.545561375367699,washing,front_load
113.3,-0.24551361066293478,-0.10882927688210857,0.997860517986222,1.753135518120963,washing,front_load
113.4,-0.2532594513386155,-0.11468772075367693,0.9684165081066501,1.6653699771552086,washing,front_load
113.5,-0.2225612783803946,-0.12129460992873946,0.9817269056853004,1.34097691536026,washing,front_load
113.6,-0.2788141580003261,-0.03731122706158557,1.041486167171222,1.6193581621320825,washing,front_load
113.7,-0.20794091393991662,0.11239658585226783,1.0060497262790344,1.6338560061767178,washing,front_load
113.8,-0.17153893093624806,0.10840077034582822,0.9697254897589948,1.5472450930727684,washing,front_load
113.9,-0.07391373571178822,0.14280622778295932,1.0091598486204607,1.6697136555754093,washing,front_load
114.0,-0.011658995432002094,0.2515340573968232,0.9956165790521636,1.5282111051448555,washing,front_load
114.1,0.12157605854297629,0.26739345478564436,1.1036213920673255,1.5300701581614375,washing,front_load
114.2,0.16214380769882283,0.2463052743397653,1.0085537152402682,1.5181860817015564,washing,front_load
114.3,0.1629001536204165,0.241074547359514,0.988581254588009,1.1972633871300498,washing,front_load
114.4,0.25790096942220064,0.23818275389776328,1.042600837533613,1.487940240914119,washing,front_load
114.5,0.2267604443121381,0.22956651499871816,0.9447689149812146,1.3997624138318143,washing,front_load
114.6,0.22045423793246302,0.24062972913353917,1.002829604691433,1.3220328032711164,washing,front_load
114.7,0.21166881919695352,0.165900786140366,1.059832854840432,1.7151027427109284,washing,front_load
114.8,0.1321938904812209,0.1282256938824489,0.9965140214692074,1.5756311277801687,washing,front_load
114.9,0.10403992308342279,0.08961391362124159,0.9480009686605576,1.4955253378583178,washing,front_load
115.0,-0.02323530184540162,-0.035090280030730975,0.9881224610676821,1.415279497334636,washing,front_load
115.1,-0.09582264517147457,-0.03188995357491206,1.043635541228771,1.544425437694311,washing,front_load
115.2,-0.16663743987955631,-0.11528188553110727,1.0112820878896231,1.648715413997627,washing,front_load
115.3,-0.2192234110443824,-0.22870961928641842,0.9748343167146245,1.3759551234679588,washing,front_load
115.4,-0.20478838240735447,-0.25647339695351873,0.9794427157846293,1.4992757441585085,washing,front_load
115.5,-0.23113611119169092,-0.2532951593926501,0.9832089918655056,1.630209974827676,washing,front_load
115.6,-0.18646581045342772,-0.2262090934243788,1.01083593652162,1.2095998306373805,washing,front_load
115.7,-0.13422492247675544,-0.246462653131224,1.0401458839881597,1.4913645356391894,washing,front_load
115.8,-0.1778678240310973,-0.24004081146690368,1.031572690383975,1.4356062944178691,washing,front_load
115.9,-0.07514167477391803,-0.17091035194039506,1.0136803654632738,1.4799255213367448,washing,front_load
116.0,-0.03528600949930593,-0.24032693703953242,0.9600506571982755,1.4247557165442146,washing,front_load
116.1,0.05392607076128309,-0.1661509669564321,0.9601620245801967,1.5206436907810943,washing,front_load
116.2,0.12804383776545228,-0.11130535284101126,1.0159975606364129,1.7885440830634076,washing,front_load
116.3,0.17053960236958143,-0.09183597000596835,0.9596358670620132,1.4514116289107173,washing,front_load
116.4,0.20620751088683562,-0.01484782752984519,0.9932329893679419,1.543756651364116,washing,front_load
116.5,0.24567146864439235,-0.008889863762478405,1.0091245133855853,1.799211962761367,washing,front_load
116.6,0.20126257652219848,0.1343283246894142,0.9658721801391194,1.4174976632441167,washing,front_load
116.7,0.22751805736786365,0.12007240788711944,0.9692721299692341,1.7722013023393455,washing,front_load
116.8,0.11941370695059239,0.24318416179870728,0.9971763680629654,1.5007984509940662,washing,front_load
116.9,0.161541317696631,0.21421127703346138,1.0151095086257216,1.7672844338797389,washing,front_load
117.0,-0.01354153352892622,0.2686057360357609,1.0318455631124126,1.6125301687419478,washing,front_load
117.1,-0.07509371933621697,0.2472914050810344,1.0182116030431165,1.5460662543873633,washing,front_load
117.2,-0.18580654860710122,0.24710636036080408,1.0022096978497659,1.490155397717012,washing,front_load
117.3,-0.15107149584990726,0.21769931224189776,0.9776141573932885,1.4063937840181184,washing,front_load
117.4,-0.2041791086496997,0.21465569925649508,0.9678727901246644,1.511368732494653,washing,front_load
117.5,-0.24109252387791663,0.18631665612906276,0.9846736873501256,1.6346042188530037,washing,front_load
117.6,-0.27816820553717847,0.11042894347729973,1.012298067549417,1.4980332853504994,washing,front_load
117.7,-0.19593424226199765,0.080933147585527,1.0100987111988202,1.4525065792407212,washing,front_load
117.8,-0.1805892444536376,0.013030342409364112,0.9370029404282463,1.462382619873334,washing,front_load
117.9,-0.033383590689541,0.04546284375882588,0.9764296891519749,1.648871492037458,washing,front_load
118.0,0.02427584195558685,-0.07994617169107582,1.0361352265481847,1.6837742182649784,washing,front_load
118.1,0.08011741974835805,-0.0809033893866867,1.0023764514341242,1.3999274229347445,washing,front_load
118.2,0.07385504317569834,-0.17700544640639954,0.9574897326069104,1.3997118213828765,washing,front_load
118.3,0.1727517692339639,-0.19899151432259024,1.0706746354479446,1.5569038379500668,washing,front_load
118.4,0.25839696302178694,-0.27208504362142133,0.999131748030557,1.729129809713588,washing,front_load
118.5,0.2863865107516947,-0.2603342629048193,1.0115300187794023,1.671898546246884,washing,front_load
118.6,0.2710392234185563,-0.2431906419833914,1.011985742681354,1.3122221681730133,washing,front_load
118.7,0.1544938585264942,-0.1924933064904401,0.9889721360151944,1.4603886045012207,washing,front_load
118.8,0.1559928822775093,-0.21241718668068213,0.9781727895453581,1.3604094667965732,washing,front_load
118.9,0.10771970508821875,-0.14601615657182201,1.0636502495519782,1.4598731217127112,washing,front_load
119.0,-0.04975006696747054,-0.1277244397670335,1.0300961760885325,1.7406614994053031,washing,front_load
119.1,-0.07749138405492051,-0.05046493247476496,1.0246581160332604,1.2866099026825475,washing,front_load
119.2,-0.13873104112386211,-0.048616595165587695,1.0172886757515462,1.2571702060079715,washing,front_load
119.3,-0.2112771861391353,0.07955937108908048,0.9699004782891495,1.3757168769849597,washing,front_load
119.4,-0.29332898473582597,0.04761058570379061,1.0383259057522083,1.543096590386399,washing,front_load
119.5,-0.25977094330221184,0.0905037699089565,0.9747060202596475,1.5931132230961136,washing,front_load
119.6,-0.24758329198143952,0.12305441194650071,1.0084986039445194,1.56561726522923,washing,front_load
119.7,-0.20669642073017208,0.26746949324065933,0.950818302836063,1.6763528104846523,washing,front_load
119.8,-0.16385045583587643,0.2507901902950378,0.9387742344805744,1.2355371608649106,washing,front_load
119.9,-0.09054461319097745,0.23395556848327692,1.0095487360795934,1.6782504807538405,washing,front_load
120.0,-0.001191188470408846,0.28747068090620487,0.9757270219841527,1.4531857019930563,washing,front_load
120.1,0.09052788674282569,0.2646099560382213,0.9403249728610819,1.6097241464707301,washing,front_load
120.2,0.13781351018741364,0.2851905872577749,1.0162182850884123,1.3014861859855194,washing,front_load
120.3,0.18996478074269157,0.15110376811172904,1.0636024231315238,1.5007435045513606,washing,front_load
120.4,0.24053475022142282,0.15139519418774466,1.0416868077574017,1.535440615588352,washing,front_load
120.5,0.19237252222314455,0.09962198341660247,0.9922804634420298,1.6733626556247627,washing,front_load
120.6,0.2520751828905834,0.0029619914989638535,1.0002653592009083,1.2622118066088353,washing,front_load
120.7,0.20223735568005227,0.03966250591293211,1.0266311877035175,1.5046128822802356,washing,front_load
120.8,0.14813711887105338,-0.054957225320522114,1.0336638405950471,1.3372147063286786,washing,front_load
120.9,0.1060762778215699,-0.07709803650909496,0.9896939284352291,1.5758244066312412,washing,front_load
121.0,-0.05858446590144523,-0.07615315504322638,1.0010253314717372,1.616582480468419,washing,front_load
121.1,-0.1364692646895007,-0.19812507816243974,1.0090184442029362,1.693075536376213,washing,front_load
121.2,-0.13873219771341735,-0.23171125949068114,1.016616289608365,1.4197455818537439,washing,front_load
121.3,-0.20246775424758554,-0.23651349632751206,0.996007706739662,1.6390839728533186,washing,front_load
121.4,-0.23265882077803027,-0.21988926151756558,0.9963974426479377,1.704135238121558,washing,front_load
121.5,-0.26386381225517336,-0.26392347590809023,1.0413949698926317,1.25351295452168,washing,front_load
121.6,-0.21783351884659252,-0.25137296938603004,1.0362856210732865,1.5918517380147676,washing,front_load
121.7,-0.17427508330400066,-0.1750544654614009,1.0143223172030826,1.643776688067016,washing,front_load
121.8,-0.13242684425457138,-0.15977759676703354,1.0515732721006879,1.4611910420418843,washing,front_load
121.9,-0.08507910234587605,-0.18860220182774096,0.9884066271332075,1.3183839633712338,washing,front_load
122.0,-0.06323068162843698,-0.11401600257781472,1.0486892034588815,1.6414433634164496,washing,front_load
122.1,0.10033133483484308,0.02150999758517507,1.0162754633060664,1.3200736758663365,washing,front_load
122.2,0.18359817305964857,0.04339115688344117,1.0981307836664378,1.4732472848233646,washing,front_load
122.3,0.22159100095325623,0.06181860213019867,0.9642255421965257,1.4939813913295006,washing,front_load
122.4,0.21137485625276223,0.12884440902769304,0.9793196424334798,1.6073307077555998,washing,front_load
122.5,0.2702138318100327,0.1771737954806809,1.0125639348460165,1.4060052660731202,washing,front_load
122.6,0.26358002031263467,0.23315398218390365,1.0119170215893698,1.3973124466758218,washing,front_load
122.7,0.2490187360277084,0.19447229039279165,1.0585041695252506,1.5148373218144666,washing,front_load
122.8,0.12066301534628067,0.22280020116850524,0.979948759501014,1.6509585716429624,washing,front_load
122.9,0.07046061105741697,0.2570791637966721,1.0271475555608165,1.843117500097972,washing,front_load
123.0,0.02241816153431125,0.23476909165892873,1.03487389014046,1.2738778200331837,washing,front_load
123.1,-0.07553194645058195,0.23234128223009393,1.0211394349666194,1.5473013026679867,washing,front_load
123.2,-0.18046614113465684,0.1453569349345696,0.9711701097422704,1.3370197460648563,washing,front_load
123.3,-0.18981576004293416,0.15123470475117856,1.042232764157626,1.6528216864810115,washing,front_load
123.4,-0.220404280059336,0.12477864675249481,1.0368797479394625,1.359218317903615,washing,front_load
123.5,-0.24736111311006995,0.053713172674545215,1.0179875355937114,1.3988027672726515,washing,front_load
123.6,-0.2311765812583938,-0.011524277689470747,1.0061304306162686,1.4116093711404005,washing,front_load
123.7,-0.21001542564430933,-0.07262428458678308,1.006783240301331,1.4885701591920295,washing,front_load
123.8,-0.10259794500163978,-0.14548395310857015,0.9976379262328187,1.548479639528806,washing,front_load
123.9,-0.10427501410511048,-0.1674879241041082,1.0192235540275794,1.572555209041277,washing,front_load
124.0,-0.017619622882909445,-0.16446307300732546,1.0009340455883493,1.4991348680725824,washing,front_load
124.1,0.07758381399954987,-0.23300951161899364,0.9745442507394207,1.3005163466339127,washing,front_load
124.2,0.1733149339041432,-0.2722659323626231,0.9685422506551722,1.6091679225465283,washing,front_load
124.3,0.15733305349089757,-0.26464405275439473,0.9774389123904312,1.4920562004505458,washing,front_load
124.4,0.19845522658082698,-0.2361202813638803,1.0066639672764837,1.6742602185022049,washing,front_load
124.5,0.18886814476795846,-0.23395705096251848,0.9991913249069437,1.3938391830780095,washing,front_load
124.6,0.2387449858313911,-0.1780692122020642,1.0064603137986625,1.2596587908973509,washing,front_load
124.7,0.16870507407754268,-0.13754145059077635,1.0150243940063832,1.4948960995975387,washing,front_load
124.8,0.13540980977258626,-0.07977532747913943,0.9811803722224937,1.6943929032426397,washing,front_load
124.9,0.09709559429048396,-0.011829026181183075,1.0439698050503605,1.5241413204924077,washing,front_load
125.0,-0.01924628162348662,0.029875761731164574,0.9919686751885758,1.4700495301240715,washing,front_load
125.1,-0.07031578791143413,0.026508638424690003,0.9869971904565548,1.369447947351385,washing,front_load
125.2,-0.1559264503056659,0.07933878949397298,1.0144715871199737,1.7636649700021234,washing,front_load
125.3,-0.182090819140839,0.15095361911944266,0.9449046939287478,1.3455596107672831,washing,front_load
125.4,-0.22351028705334908,0.17909304997676348,0.9762839665083124,1.391190861355764,washing,front_load
125.5,-0.2707580108852383,0.18860182923826235,1.029432183960755,1.5855051294126035,washing,front_load
125.6,-0.24282368167580295,0.22889503645696702,0.9478773421281367,1.2215968965169814,washing,front_load
125.7,-0.17094194666212575,0.23564125208286138,1.0335272259079946,1.691188599807201,washing,front_load
125.8,-0.13514500696550302,0.22541638048933832,1.045334096990774,1.5936289671326034,washing,front_load
125.9,-0.11916311032626924,0.21996497183634747,0.9889163398652876,1.6348846607716665,washing,front_load
126.0,0.01966854183514001,0.23760777410329073,1.0087543830227892,1.5837175517924482,washing,front_load
126.1,0.04471592992064536,0.17130510756839573,1.033572612545531,1.4758314723815444,washing,front_load
126.2,0.18932170517194225,0.19459269080710012,0.9859963243586944,1.3405276934766865,washing,front_load
126.3,0.23297721378896125,0.07486302209040542,1.0260332656157853,1.4789886838162558,washing,front_load
126.4,0.24646069335134052,0.0069956566642134215,0.9798655361460799,1.3537145532371049,washing,front_load
126.5,0.2547169853030858,-0.038984629780408384,0.9856719312000046,1.5729232965114575,washing,front_load
126.6,0.2314931613929676,-0.08433637881785283,0.9760199060702508,1.6210169745822152,washing,front_load
126.7,0.22260996713573467,-0.12746322574790256,1.0102794159758441,1.7215212946797311,washing,front_load
126.8,0.13582296798926627,-0.11994081707957344,1.0347390715769664,1.5557651460829294,washing,front_load
126.9,0.08432134471293468,-0.2405451207003097,0.9944766120364851,1.638686303489278,washing,front_load
127.0,0.026158030995587694,-0.2119927473284541,0.9618625252026279,1.4554282894154786,washing,front_load
127.1,-0.09410844489949763,-0.24265797322234553,0.9675187953313955,1.4282584292987708,washing,front_load
127.2,-0.1654320952728422,-0.2951616076057382,1.0118379826411161,1.5710507836225203,washing,front_load
127.3,-0.23808521301547106,-0.21209922877571427,1.055323492401828,1.4420290690924638,washing,front_load
127.4,-0.26969831145757284,-0.1730532745513883,1.011811749979432,1.5403778683241487,washing,front_load
127.5,-0.30485185934324505,-0.20249198740996754,0.9883931034804624,1.340821171599687,washing,front_load
127.6,-0.21586926540332516,-0.13422471478151818,1.0229855190055086,1.3677558476285547,washing,front_load
127.7,-0.14798681233125227,-0.136445107921559,0.9928150409323976,1.5953113951527436,washing,front_load
127.8,-0.10418644476900962,-0.06909750218161223,0.9886514434790739,1.6330035113109145,washing,front_load
127.9,-0.12603678325253592,0.0549679656581393,0.9712462268291421,1.352151574654998,washing,front_load
128.0,0.02174564014667914,0.06326175341350655,1.0422534653273907,1.6005921465759632,washing,front_load
128.1,0.11991743909143407,0.09399626468944441,0.9238237624751301,1.4200896490447088,washing,front_load
128.2,0.13324201365095928,0.17802058741592358,1.023935776008378,1.5024757764300465,washing,front_load
128.3,0.2052976715132372,0.19109777062570818,0.9860876518660739,1.712541662368597,washing,front_load
128.4,0.17752733754964672,0.21831947173879285,0.9876897780564516,1.6211230851034424,washing,front_load
128.5,0.2580020850392992,0.26910186591902974,1.0507694546835344,1.6193807982033288,washing,front_load
128.6,0.20585733719075036,0.21465468133903826,0.9785760672339985,1.7863185537685449,washing,front_load
128.7,0.20824329913108242,0.21291246503878244,0.9795979253791477,1.3944180988425303,washing,front_load
128.8,0.10011022540745457,0.22369906977543513,0.9960881728324141,1.3521187537511181,washing,front_load
128.9,0.09353999532805735,0.2166100611300612,1.0124154215743673,1.3916816594657113,washing,front_load
129.0,0.030735380262810245,0.18409112211782033,0.9867443265312139,1.4618248419890076,washing,front_load
129.1,-0.10074964444517984,0.07933512104786111,0.9527842320839235,1.1468174078562159,washing,front_load
129.2,-0.18105399051543003,0.07496663765402307,0.974029054573547,1.4688857644954785,washing,front_load
129.3,-0.26693493987023353,-0.03137695857363396,1.0384400156939355,1.4183143902157633,washing,front_load
129.4,-0.2457565350960457,-0.007386191384012683,1.0022433036740654,1.6175639651096698,washing,front_load
129.5,-0.26744781802844814,-0.1475107556974743,1.0135326185111146,1.552862906851506,washing,front_load
129.6,-0.28429471144423435,-0.11950163311341075,0.9921573637848089,1.4098955058345994,washing,front_load
129.7,-0.18866368590437343,-0.21723333629848043,0.9802150691148019,1.5884941268044357,washing,front_load
129.8,-0.16044542452906263,-0.16580936947266386,1.0503270834962624,1.6084894589735654,washing,front_load
129.9,-0.10952632735308901,-0.22623956861911215,0.9943542442884675,1.3847181315312884,washing,front_load
130.0,-0.016637172169211453,-0.28048049588224666,0.9866989036141862,1.4260463616926373,washing,front_load
130.1,0.10939338476162423,-0.25964634487096255,1.0328842709906603,1.1661955219353026,washing,front_load
130.2,0.1650344213857715,-0.2027713269597969,0.9783291892339785,1.3364010038446072,washing,front_load
130.3,0.19835346674877785,-0.1659594205654624,0.9821581796867801,1.3886295659364634,washing,front_load
130.4,0.2563372796277351,-0.1614774651889098,1.000307400520507,1.5111249264909032,washing,front_load
130.5,0.21517264130839783,-0.11215787650598738,1.0000081031226453,1.3581925980960277,washing,front_load
130.6,0.23873523209560008,-0.039421880811897556,1.0077883404370964,1.4229822019426337,washing,front_load
130.7,0.20667391850833425,-0.00389873695921424,1.0627500726818646,1.3162003977626102,washing,front_load
130.8,0.13285121781816353,0.008040182866272498,1.0100874473905712,1.5256670847796905,washing,front_load
130.9,0.09031799867245713,0.07489775191948865,0.928658381117476,1.5638571891877362,washing,front_load
131.0,-0.0234130036393328,0.1539999113676667,1.0097889683029468,1.5603548022629734,washing,front_load
131.1,-0.06195962736044966,0.22399223990253922,1.001136399834688,1.501854169785789,washing,front_load
131.2,-0.1303905499271739,0.26755614273582223,1.0013035007305437,1.2688390505247908,washing,front_load
131.3,-0.2897690450146429,0.2634593040423761,1.007378419281885,1.4070069504160723,washing,front_load
131.4,-0.2020549579684852,0.2581254049381585,0.999139651369756,1.4389039991522274,washing,front_load
131.5,-0.3414289769605826,0.2693865017282596,0.9984216372083383,1.4395057030619063,washing,front_load
131.6,-0.25624559984047374,0.21244159596585954,1.0183913262931237,1.5112471826984755,washing,front_load
131.7,-0.17149380756600074,0.20217321476089412,0.983737576084165,1.7138312058556529,washing,front_load
131.8,-0.15646491483070074,0.14641285484199887,0.9715694099308247,1.62181443190269,washing,front_load
131.9,-0.12123982806782341,0.08979807561636291,1.0907134435786716,1.3518723330226958,washing,front_load
132.0,-0.032812111851503546,0.08726071894283205,0.9785242766865629,1.601760431294495,washing,front_load
132.1,0.10806142098334923,0.029092477527181103,1.0030042873738023,1.5960453551498603,washing,front_load
132.2,0.08930117715666283,-0.010703733855801794,0.955130192473739,1.3790898790572652,washing,front_load
132.3,0.23612398162258988,-0.06830112513453836,1.0034940524515426,1.6273298883953158,washing,front_load
132.4,0.2361110661025192,-0.1266773706050287,0.9720032334793199,1.4759435046082106,washing,front_load
132.5,0.214228140086727,-0.16007819532630588,0.9867258117144997,1.2885069764978332,washing,front_load
132.6,0.22027067690471008,-0.21236247426232435,1.0313519399731337,1.5682804086955713,washing,front_load
132.7,0.17173751836068574,-0.22283345038188415,1.0141602870513422,1.5325442735421786,washing,front_load
132.8,0.17293306909887407,-0.26981300740921005,1.0170522857372446,1.4658483556221258,washing,front_load
132.9,0.09922708288662486,-0.23779931338159696,0.9468638548482441,1.4943820372525052,washing,front_load
133.0,-0.05157483401627527,-0.21771159851521119,1.0551068550948703,1.3921371781667307,washing,front_load
133.1,-0.0893620121493081,-0.23527594959315748,0.9642435606717438,1.5915195755695664,washing,front_load
133.2,-0.1728418829434481,-0.18068719388557047,1.045856824428816,1.493482404823661,washing,front_load
133.3,-0.163448949539955,-0.1592289197519177,1.0306463159794446,1.524967326592234,washing,front_load
133.4,-0.2782671026175797,-0.10782633906665842,1.0173199822535404,1.553571288664331,washing,front_load
133.5,-0.20187312685944958,-0.07285649691312893,0.9743504565727485,1.3268121578360512,washing,front_load
133.6,-0.2387629712592998,0.05367087763731052,1.0045476953445858,1.365857546717692,washing,front_load
133.7,-0.23711228078513918,0.10171833175140772,0.9858723576806542,1.1685083310575686,washing,front_load
133.8,-0.16726453859339874,0.13656143415224112,1.0008711871451588,1.584711338773561,washing,front_load
133.9,-0.1013028138167958,0.22449384488922014,0.9925038322274332,1.318168496437985,washing,front_load
134.0,-0.038238552060473996,0.19657687769667898,0.9388416848028277,1.5198854564843478,washing,front_load
134.1,0.08009905438563678,0.3203915288743099,1.0336535245295377,1.555648233740933,washing,front_load
134.2,0.11010884655236232,0.23874593022127466,0.9975667853035192,1.590352925833878,washing,front_load
134.3,0.1368432623315889,0.25753244064411357,0.9854559880149328,1.319397462924591,washing,front_load
134.4,0.2263738349483454,0.23021245286395137,0.983190183015107,1.4902257572788964,washing,front_load
134.5,0.19591431410746352,0.23392139784890756,1.010753787291003,1.7505420631181623,washing,front_load
134.6,0.21519930303176688,0.2176967585305442,0.9731873098511659,1.7571472019976475,washing,front_load
134.7,0.17498116193563745,0.14980927162165844,0.9323447332457787,1.6480984641040426,washing,front_load
134.8,0.12080983091234813,0.15974641830480527,1.0122138940962482,1.550623970822826,washing,front_load
134.9,0.13728314164143593,0.06171028888814242,1.0155730899387045,1.3492340416731934,washing,front_load
135.0,0.0016923470150844264,0.008114561583309771,0.994011045259671,1.607793243808658,washing,front_load
135.1,-0.06989311832386298,-0.08180574118453579,0.9655629137442997,1.4762968156879739,washing,front_load
135.2,-0.20023826196338426,-0.09388985065475183,1.0026680662266785,1.5840792412909266,washing,front_load
135.3,-0.2218731426028406,-0.1572475800375203,0.9560640289505924,1.4050734817721824,washing,front_load
135.4,-0.23130505017554442,-0.2108755025740661,0.9691830820993702,1.4740600330740106,washing,front_load
135.5,-0.2807358673873902,-0.24604586329154265,0.9774790619048752,1.5246221040114638,washing,front_load
135.6,-0.21052224376824938,-0.16199288888945518,1.0253181721267466,1.5369417137240788,washing,front_load
135.7,-0.23833514617077062,-0.25778095759680364,0.9891216714868925,1.574058407169037,washing,front_load
135.8,-0.15553729714908002,-0.28928137530561204,0.9865640076467062,1.413120752321265,washing,front_load
135.9,-0.09483579779300065,-0.25038530021297384,1.0586407754623375,1.2985073321834695,washing,front_load
136.0,0.00492961978145748,-0.20380128377802575,1.0105738749156614,1.7437177559849693,washing,front_load
136.1,0.05803954643807112,-0.14892795535242218,1.0101698353142448,1.8733881253535036,washing,front_load
136.2,0.13881950426098513,-0.10379452287367448,0.9889089776437368,1.5671131066803567,washing,front_load
136.3,0.1951703458403918,-0.049449339956524646,0.9821088499708966,1.3014011857904835,washing,front_load
136.4,0.2157324963520499,-0.03504343908144841,0.9344078067994854,1.3840207324735685,washing,front_load
136.5,0.2645528160549134,0.04932182956509613,1.0290622159577067,1.5763676353576455,washing,front_load
136.6,0.24491578031891253,0.06574935424785056,1.0134492911726913,1.7011673417521929,washing,front_load
136.7,0.19959583023614627,0.12193155497260438,0.9946250202035976,1.3180664048187216,washing,front_load
136.8,0.13403256306926817,0.15471088762033317,0.9958831989449123,1.4813500768726648,washing,front_load
136.9,0.10115056950933637,0.1795338411130394,1.0220843278678315,1.5293898096665954,washing,front_load
137.0,-0.007075027314422747,0.2696904137395272,0.9533586978076044,1.6296867676928812,washing,front_load
137.1,-0.08645516722850946,0.2695488421801354,0.9823035600533858,1.4484598358399432,washing,front_load
137.2,-0.14380561217647878,0.2773286364279641,0.965910914113224,1.2654277963017113,washing,front_load
137.3,-0.15135664810460425,0.23639958421929003,1.0531452784746025,1.5931796339179354,washing,front_load
137.4,-0.27797481531442425,0.23438621234146234,1.026269665955599,1.6687193947756858,washing,front_load
137.5,-0.22690429320833935,0.12393801315736153,0.933919220765939,1.4876112807382258,washing,front_load
137.6,-0.29455926391093373,0.15984932428611764,0.9545871512008007,1.5607860136959646,washing,front_load
137.7,-0.1957360538468758,0.08999807496147649,0.9960296297992755,1.4288263155859393,washing,front_load
137.8,-0.0996938282448557,0.05014659639554763,0.9858267936378272,1.3731340807911159,washing,front_load
137.9,-0.06259419285971982,-0.012126379358165771,0.9602685337576934,1.6539638520820827,washing,front_load
138.0,0.0051187523561883955,-0.10686590322983176,1.0583428671295148,1.5581243771721691,washing,front_load
138.1,0.06044076452963651,-0.1722015471993191,1.0093761974194775,1.5735552899102823,washing,front_load
138.2,0.14787772908777702,-0.19249840146766137,1.0142444896858926,1.725317272199192,washing,front_load
138.3,0.19469236413163588,-0.1898226251304489,0.9792395515230335,1.3417736498522141,washing,front_load
138.4,0.2141848308358466,-0.2117413790168006,1.02166822441534,1.4171960597760866,washing,front_load
138.5,0.2413037315357539,-0.2879603534702389,0.9885870171705397,1.5236900023252042,washing,front_load
138.6,0.2437155638925846,-0.2789396631311154,0.991499704788775,1.4153530143358137,washing,front_load
138.7,0.1792377365378169,-0.26177049199745994,1.0183300587947577,1.6174704802908675,washing,front_load
138.8,0.12275785845257926,-0.22979582181897237,0.951130073048191,1.4718901168644023,washing,front_load
138.9,0.03644694546597635,-0.2283892923332024,1.0479108357955296,1.3511200788754216,washing,front_load
139.0,0.011721750782674966,-0.18960786605732682,1.0054716764417162,1.5098657512781493,washing,front_load
139.1,-0.06089455073471439,-0.12394203155093418,1.0384283262634126,1.5255508156210182,washing,front_load
139.2,-0.13999649974602268,-0.044257713559688036,0.9677374073014354,1.6402023094344496,washing,front_load
139.3,-0.173299133811875,-0.027565140423073467,0.9723050462791543,1.5589711354721136,washing,front_load
139.4,-0.235128099961369,0.05869836649206606,0.9651429933520056,1.5691719587039754,washing,front_load
139.5,-0.2382396718790273,0.14525420941912642,1.0075089301799451,1.5480437526010837,washing,front_load
139.6,-0.2286490063046654,0.12030260531475925,1.0019794990575475,1.4717666218062104,washing,front_load
139.7,-0.20500044917628393,0.19134538034160406,0.9860676454230646,1.3925671327333102,washing,front_load
139.8,-0.1628709679170114,0.25694946512902306,0.9695779242134416,1.5433257527489064,washing,front_load
139.9,-0.010829670119973295,0.2314311387737714,0.9620021119080747,1.450031285117454,washing,front_load
140.0,0.10138935722646092,1.953504668780484,0.985683801131654,4.546036743227893,spinning,front_load
140.1,-1.0950395668985535,1.0322118897401078,0.678844858121711,4.886781569885692,spinning,front_load
140.2,-1.864142684649211,-0.10450356645529002,0.4256706813501406,4.129667484812466,spinning,front_load
140.3,-1.8794050162327276,-1.2768668818376903,0.44771347117353216,4.272224363732238,spinning,front_load
140.4,-1.1808480476438157,-1.937828309158976,0.6674592214408466,5.20111562318402,spinning,front_load
140.5,-0.0756674238808259,-1.9619176292694156,0.9864267898146192,4.431725679011007,spinning,front_load
140.6,1.1626001711856306,-0.9974480604092164,1.3854283444483402,4.027251547524181,spinning,front_load
140.7,1.9081970345946258,0.06675245922582199,1.5478643638573002,4.354362464162959,spinning,front_load
140.8,1.9158804210569857,1.326841559430581,1.5939719363779181,3.8077816946339094,spinning,front_load
140.9,1.2037426866058982,1.8967654117259156,1.3409649925504885,4.560230178114038,spinning,front_load
141.0,0.055279811872656695,1.8265478928207077,1.0104867384589604,4.702446190069555,spinning,front_load
141.1,-1.2170997488865165,1.154881226695881,0.6334690585538888,4.272084405957812,spinning,front_load
141.2,-1.9430975690228496,-0.05358049707043263,0.43086536946410525,4.382319019437123,spinning,front_load
141.3,-1.815061631805718,-1.2527572872835262,0.39712527917215473,4.730913538842228,spinning,front_load
141.4,-1.1293116092333408,-1.8883789752203932,0.6547555581651848,4.062446133788482,spinning,front_load
141.5,-0.023446256527985553,-1.8813913387498338,1.0013256350487918,4.169607196950114,spinning,front_load
141.6,1.1691378344478178,-1.0825958893310783,1.3364665447533115,4.44297120457109,spinning,front_load
141.7,1.8959501957898133,0.07351610973127404,1.5689830707853833,4.311916290633295,spinning,front_load
141.8,1.904007479927192,1.319521138179377,1.57465404406213,4.426533275631603,spinning,front_load
141.9,1.2039314901192506,1.8924432083387301,1.3341804397775268,4.184062420148369,spinning,front_load
142.0,0.15209956476598105,1.9531875526307227,0.9961372427281072,4.553578371480377,spinning,front_load
142.1,-1.1641851109151888,1.0631437815687597,0.617162290397668,4.4626917287050025,spinning,front_load
142.2,-1.8623571435647908,-0.11198305943811823,0.4997380813917385,4.637297623558259,spinning,front_load
142.3,-2.0033016349617103,-1.2197535599821414,0.461139650029155,4.550099875120073,spinning,front_load
142.4,-1.2046645041516677,-1.9326161429374022,0.6555216717934653,4.551672518124006,spinning,front_load
142.5,0.07372890016300022,-1.8819526707915617,1.035163387824302,4.138423161367472,spinning,front_load
142.6,1.199709428066341,-1.0838952385364378,1.2932935770749698,4.623147887911218,spinning,front_load
142.7,1.638766157498414,0.1668426744925768,1.4939035176420712,4.417283399548889,spinning,front_load
142.8,1.9425544247292663,1.2255061078932175,1.5586551779245912,4.458350423087595,spinning,front_load
142.9,1.290660368262645,1.9264737877723872,1.3113142270674123,4.762066094097703,spinning,front_load
143.0,-0.11975445516721503,1.8646953755746831,0.9929018342665419,4.320141110870776,spinning,front_load
143.1,-1.0844072440462325,1.133968943399569,0.653498547842358,4.8377960821147505,spinning,front_load
143.2,-2.0684303704278673,-0.11920429571143146,0.4569785251731249,4.861118824843273,spinning,front_load
143.3,-1.8458330958871,-1.1567792955517706,0.3952181706946522,4.688196109341093,spinning,front_load
143.4,-1.1760894221456801,-1.9434403228716803,0.6593177692093185,4.254844797308144,spinning,front_load
143.5,-0.14099827291468287,-1.8783391902387634,1.0004316907945652,3.953426688593267,spinning,front_load
143.6,1.2023387742193232,-1.0923557589650015,1.3630964306734734,4.769708728564985,spinning,front_load
143.7,1.9711634175394248,0.03421508755963139,1.5550407512544826,4.52784626533277,spinning,front_load
143.8,1.9239462528195919,1.203073630415891,1.6121279639729527,4.313700632294634,spinning,front_load
143.9,1.2106601628085032,1.902207994824435,1.3495658919225861,4.7933905859389005,spinning,front_load
144.0,-0.024700566740361335,1.932227962865446,1.0532254667051077,4.284610279780548,spinning,front_load
144.1,-1.2872538898982624,1.0801062681061495,0.623617189014033,4.393961185442264,spinning,front_load
144.2,-1.8606011912500846,-0.14229222465607788,0.4516509104215741,4.631222591079249,spinning,front_load
144.3,-1.7971277974235127,-1.1916851564850346,0.4275760358060971,4.221599292096281,spinning,front_load
144.4,-1.107795653331306,-1.8409773802352365,0.6374965761245109,4.472629772598233,spinning,front_load
144.5,-0.1192725497760396,-1.7887552242799638,1.018969460214039,4.7722842959783405,spinning,front_load
144.6,1.0846768401523181,-1.1332792315020075,1.3436959469998047,4.552777685905283,spinning,front_load
144.7,1.8513549680824752,0.08349865606753962,1.4907749496623748,4.81185658420592,spinning,front_load
144.8,1.806534505513492,1.3741014054402878,1.478747866081861,4.7834005895014995,spinning,front_load
144.9,1.178221899758297,1.9485163897287794,1.3908438161840018,4.501934583605405,spinning,front_load
145.0,0.023604948310823534,1.848020548040677,1.0369077537363884,3.915814655910653,spinning,front_load
145.1,-1.261385701579581,1.1251947093476806,0.7039490770121668,4.223556926196173,spinning,front_load
145.2,-1.8554853250337737,-0.052775629237638955,0.42884024277444305,4.690833528096122,spinning,front_load
145.3,-1.86604679594911,-1.2995642154770748,0.39058704616297,4.112437144928678,spinning,front_load
145.4,-1.2084600520755835,-1.9208816106915738,0.6347413333449816,4.418326852853262,spinning,front_load
145.5,-0.010351319159064537,-1.80848456778143,1.0003427354608316,4.584620153422258,spinning,front_load
145.6,1.0585824340458303,-1.1517110604254497,1.3224600046469503,4.867392673940378,spinning,front_load
145.7,1.8821773032130706,0.1139543007246608,1.6200911514663046,4.356245075886396,spinning,front_load
145.8,1.9025561310381056,1.1984138620383982,1.6378189961663978,4.339128072729218,spinning,front_load
145.9,1.18569536029868,1.8750331783931526,1.367019572397402,4.486888558376124,spinning,front_load
146.0,0.02273261472115556,1.8302921672856063,0.9996740875990376,4.587728242452526,spinning,front_load
146.1,-1.160915999991151,1.1107210039406548,0.6084798392702714,4.461438293150977,spinning,front_load
146.2,-1.9179736544262602,-0.13253493099746072,0.4757591071075856,4.762317087221453,spinning,front_load
146.3,-1.8849413360370375,-1.3041823287195196,0.4316552945483825,4.300214041742882,spinning,front_load
146.4,-1.1154485849863085,-1.9309547344092841,0.6386539166722046,4.530040233344761,spinning,front_load
146.5,-0.00572988439855711,-1.9328959356304223,1.0144352226602427,4.611303177561755,spinning,front_load
146.6,1.194626198034859,-1.05636563859788,1.3350998055058119,4.399941797523536,spinning,front_load
146.7,1.8909427688304625,0.181096778996638,1.5750401649707475,4.709927484139992,spinning,front_load
146.8,1.8633074976015322,1.2605249987621086,1.527359904251722,4.537239635310588,spinning,front_load
146.9,1.2069432846000065,1.9218890686107608,1.385283767053058,4.697211428288068,spinning,front_load
147.0,-0.03331355665020054,1.886484593127383,0.9968676687659334,4.548526027012208,spinning,front_load
147.1,-1.152401690525492,0.9603856665379543,0.6820928744435134,4.594101142871807,spinning,front_load
147.2,-1.9004177102996966,-0.08100452588323406,0.4233320048876617,4.341902060787661,spinning,front_load
147.3,-1.9203491131814903,-1.0791640929967599,0.42528009895939617,4.3423070737021945,spinning,front_load
147.4,-1.195259074513777,-1.9414085814756479,0.6109593257757481,4.8060991199821945,spinning,front_load
147.5,-0.03048725954487262,-1.8712256739573996,1.0227927091905649,4.658877611130083,spinning,front_load
147.6,1.0768224342596557,-1.037477411661894,1.3263959527548062,4.2442587084443995,spinning,front_load
147.7,1.9250867383000256,0.21193353337106408,1.5560412385811202,4.545215856163708,spinning,front_load
147.8,1.9160058421069914,1.323775311887474,1.5706653253595637,3.9065559866161434,spinning,front_load
147.9,1.226550719731822,1.8047115954937722,1.3563078768861543,4.356514959075146,spinning,front_load
148.0,-0.03188741413844296,1.8978821021941965,0.9488170917934566,4.740256919154977,spinning,front_load
148.1,-1.0618474870563692,1.2364096403824034,0.6404046726598688,4.46871360282221,spinning,front_load
148.2,-1.924897189461327,-0.07586711047369868,0.4532229967822067,4.529478167416507,spinning,front_load
148.3,-1.9546196111220193,-1.334553356017617,0.41801594918718166,3.745904688369947,spinning,front_load
148.4,-1.2351915997754992,-1.9171382307436597,0.6405868959981185,4.401936595465962,spinning,front_load
148.5,-0.10403534419377779,-1.9409194070149076,1.0048721815252826,4.584568055956803,spinning,front_load
148.6,1.267528178128622,-1.008125610311704,1.3488923383991003,4.616322468849585,spinning,front_load
148.7,1.9843770760364585,0.05586061799755779,1.5397184447054735,4.740588927833591,spinning,front_load
148.8,1.938157742363398,1.2697318593028957,1.5695435260670865,4.447435562056643,spinning,front_load
148.9,1.1218051761184196,1.8825812080892572,1.3824933464756668,4.458586046843963,spinning,front_load
149.0,0.10867606089346488,1.831291288481535,0.9684647215819626,4.166970642647534,spinning,front_load
149.1,-1.196673654276307,1.1712628704195887,0.6360943919399231,4.448869615206701,spinning,front_load
149.2,-1.9182545824639274,-0.1070061433854647,0.3879171505048492,4.18460623440055,spinning,front_load
149.3,-1.8158774877641235,-1.2988293896448917,0.45760754873762394,4.038032470048646,spinning,front_load
149.4,-1.1360358695160488,-2.002761686461963,0.6445581024193933,4.228705157472356,spinning,front_load
149.5,0.1320661883253246,-1.976380261118434,0.9744940109918387,4.877171226950993,spinning,front_load
149.6,1.1904938402041216,-1.1571706696793482,1.3554391193797894,4.4323596996216805,spinning,front_load
149.7,1.8782911846155947,0.11993112776571595,1.5345259033302319,4.554969340755841,spinning,front_load
149.8,1.8654047395827105,1.3240912673446825,1.5396290438332771,4.371625937200486,spinning,front_load
149.9,1.0647507339534905,1.900426918663419,1.308867145479925,4.052362245137026,spinning,front_load
150.0,-0.01671574636838793,1.9583107879776207,0.9679966228732734,4.734028281232427,spinning,front_load
150.1,-1.1068949042553107,1.0390438063343215,0.6880489761445081,3.956950465036103,spinning,front_load
150.2,-1.8661829822310139,-0.12749427665203977,0.4073725402844088,4.361301830802085,spinning,front_load
150.3,-1.900894552196684,-1.330051844441532,0.4433528439024519,4.486346279787485,spinning,front_load
150.4,-1.235266571213935,-1.874602304134671,0.6222398060258358,4.557622410857464,spinning,front_load
150.5,0.013612381080746576,-1.7382275350918182,1.0227860123728914,4.318382598867783,spinning,front_load
150.6,1.236339326896649,-1.187802849324215,1.3218886913475385,4.040509629236256,spinning,front_load
150.7,1.927956187978567,0.09244384916113185,1.5718107476099632,4.299726676916141,spinning,front_load
150.8,1.9121171427683203,1.341164032044273,1.572219449073164,4.3128105030950845,spinning,front_load
150.9,1.1277530453881097,1.847231276923198,1.4225053114682922,4.30672662621123,spinning,front_load
151.0,0.05203090884677174,1.8980792063527692,1.0189127586394202,4.742514647551901,spinning,front_load
151.1,-1.3634847937097343,1.155382163680334,0.6295417281945969,4.196599305465215,spinning,front_load
151.2,-1.8791422900584487,-0.10851984441777025,0.44991755913240816,4.57524481860954,spinning,front_load
151.3,-1.7478937137336532,-1.2322614569648371,0.49351132433745754,4.539574259304479,spinning,front_load
151.4,-1.26607290782492,-1.8283938650410692,0.5984397659099684,4.740113769367918,spinning,front_load
151.5,-0.014482167281938888,-1.747172578688365,0.9747255387229811,4.466717032065767,spinning,front_load
151.6,1.175095845177573,-1.0858118644499768,1.3455642246021182,4.69778274179939,spinning,front_load
151.7,1.8743580637469526,0.08127090232119322,1.5581212629628458,4.456944965476476,spinning,front_load
151.8,1.9642954871438782,1.2100784345567976,1.5606512088272055,4.6085981316462,spinning,front_load
151.9,1.2039175654461702,1.992665857234498,1.3135441834076584,4.12426472818819,spinning,front_load
152.0,0.009138022352729407,1.7817716384669877,1.0421186816064674,3.840430480927223,spinning,front_load
152.1,-1.127734150914873,1.066939389388464,0.6046505906701924,4.594386713391463,spinning,front_load
152.2,-1.9011079900460326,-0.10705218702184598,0.423359705934224,4.607795781509807,spinning,front_load
152.3,-1.7113211632609389,-1.2954573919843186,0.460741007975716,4.618875583287971,spinning,front_load
152.4,-1.1664896885654745,-1.9172587923076192,0.6464233029101607,4.368766871311331,spinning,front_load
152.5,0.011716925909458685,-1.7102073728368925,0.9706181749929398,4.8724305630525935,spinning,front_load
152.6,1.0729424216106063,-1.0893897470887566,1.3122108816842821,4.385030546065744,spinning,front_load
152.7,1.8695060129521213,0.08708923563343729,1.5637339338962646,4.605219754918092,spinning,front_load
152.8,1.9709556934982784,1.326197150684255,1.547923022801573,4.648659056251019,spinning,front_load
152.9,1.0954430935633137,1.9484230268574894,1.3588280841265612,4.929685039937278,spinning,front_load
153.0,-0.12945343045816038,1.9504383182071527,0.9579564655682618,4.420742595052541,spinning,front_load
153.1,-1.1736315763137213,1.091975088857175,0.6717199207311358,4.336701773442712,spinning,front_load
153.2,-1.8198683621418177,-0.12811896575730938,0.432832575917839,4.125463653896169,spinning,front_load
153.3,-1.8995701588685323,-1.3723007345069913,0.4350611820534844,4.888091751665618,spinning,front_load
153.4,-1.1957379807425135,-2.031232089837454,0.6905611519717206,4.605352726762135,spinning,front_load
153.5,-0.11150927626444901,-1.9742200933601082,0.9868661350488469,4.613265276473576,spinning,front_load
153.6,1.2027057519470803,-1.0593334816909656,1.3308966505334878,5.27917606033098,spinning,front_load
153.7,1.941789539123359,0.03147860448719357,1.5542010009267067,4.581261185296575,spinning,front_load
153.8,1.7952090826442444,1.3406118831764553,1.5648581126913954,4.174419648724992,spinning,front_load
153.9,1.243642451506793,1.9358628021000985,1.349942204531748,4.451024106251756,spinning,front_load
154.0,0.04594173155355009,1.8494269567883939,0.9750790679019539,4.2563043977878365,spinning,front_load
154.1,-1.107631548032265,1.0314625271555964,0.5866362910334766,4.401032901354307,spinning,front_load
154.2,-1.8671015270803655,-0.0758780483829955,0.41253822019651915,4.3993525993113485,spinning,front_load
154.3,-1.8628920700616416,-1.3135471103938112,0.4401608602115105,4.353243902233237,spinning,front_load
154.4,-1.1443272506628825,-1.9931706884529254,0.6514165978121087,4.151679373661151,spinning,front_load
154.5,0.05210833929024225,-1.792777176698103,1.0359866340948258,4.898125408418074,spinning,front_load
154.6,1.0664450384376438,-1.0608165620213834,1.4113357476944373,4.5747120111095985,spinning,front_load
154.7,1.8120494665730649,0.09911780758427827,1.5934139229208608,4.44363199132494,spinning,front_load
154.8,1.8579525585789445,1.3037632203052636,1.6121095290493461,4.689409457378936,spinning,front_load
154.9,1.1677812942846606,1.934583920595366,1.3756743801433977,4.617766818712348,spinning,front_load
155.0,0.023288215398353577,1.887058960961537,1.0512969776777803,4.568922683185512,spinning,front_load
155.1,-1.1560896053913208,1.0330829575253857,0.7028544576532225,4.671249518191707,spinning,front_load
155.2,-1.8350866839029836,0.011010343255496005,0.4579010453462642,4.5334836859396646,spinning,front_load
155.3,-1.8332033146755202,-1.3000544392817883,0.45055749461563516,4.667555364247898,spinning,front_load
155.4,-1.2279136110824844,-1.8406870285917751,0.641171883466422,4.6882780752194435,spinning,front_load
155.5,0.014314566603132137,-1.8754103028927167,0.9987598815711138,4.540679683758201,spinning,front_load
155.6,1.1247006117217146,-1.0336680047286433,1.3425360314349997,4.444901376625971,spinning,front_load
155.7,1.8908182102891211,0.15726698322067623,1.5892714581039522,4.882599450363477,spinning,front_load
155.8,1.921420514733191,1.334088346530368,1.5490234686563038,4.3805246150566415,spinning,front_load
155.9,0.9710477799965824,1.8836105857789165,1.3469379650820679,4.597828400106836,spinning,front_load
156.0,0.14467464237831054,1.9286162960111919,0.9293449034446298,4.603477102684766,spinning,front_load
156.1,-1.1415859839409654,1.1928802227228466,0.6990215454677311,4.347610536934091,spinning,front_load
156.2,-1.9378552291151292,-0.1287351520335862,0.4227518527453131,4.298044403672127,spinning,front_load
156.3,-1.7864708472764779,-1.263194877192812,0.4430335033430099,4.411536994782537,spinning,front_load
156.4,-1.1964163748138985,-1.9654548067576239,0.691062449465924,4.376945786706098,spinning,front_load
156.5,0.007951163149720681,-1.8848643470655781,1.0090088031232465,4.135467359590284,spinning,front_load
156.6,1.1463435559609294,-0.9794084637322387,1.396001462438239,4.337126229370181,spinning,front_load
156.7,2.001232542836985,0.05295950171145629,1.5333817754125743,4.566555746158641,spinning,front_load
156.8,1.8958139502119489,1.2087501119102673,1.6425552074650216,4.8164858960371495,spinning,front_load
156.9,1.1845395506291243,2.030702064393669,1.385284457330089,4.638597833793408,spinning,front_load
157.0,0.07222692918152288,1.901551077487786,1.006276074774598,3.8501163754074406,spinning,front_load
157.1,-1.1404621371372794,1.2093160466105766,0.6900812286032801,4.660325928689332,spinning,front_load
157.2,-1.905373916498419,-0.14023989154878647,0.39430704364320646,4.360462053526071,spinning,front_load
157.3,-1.8354895742488644,-1.2577003729870335,0.42070764385982157,4.61327001867194,spinning,front_load
157.4,-1.0232615108191034,-1.973688624835106,0.6906563605166373,4.496466185197343,spinning,front_load
157.5,0.01904462692793585,-1.8554801018156346,0.9439881945731422,4.4518280934782934,spinning,front_load
157.6,1.182576109857271,-1.1885396335051113,1.3694848846242391,4.474441068009464,spinning,front_load
157.7,1.912350657607509,0.15431084667850248,1.5865991945724638,4.494393922932555,spinning,front_load
157.8,1.9807388026402135,1.284685686230802,1.6297106842817617,4.836101243022561,spinning,front_load
157.9,1.1396186404828323,1.9305947284608338,1.3051824887837753,4.495084953228728,spinning,front_load
158.0,-0.01669905358286428,1.840656312458446,1.0482889317108997,4.7713840332953,spinning,front_load
158.1,-1.2678170815324885,1.028408592425804,0.6305447263300659,4.734976466461414,spinning,front_load
158.2,-1.9731451043487522,-0.06955079855720306,0.4159558064255382,4.666761386895914,spinning,front_load
158.3,-1.9331810327521406,-1.3355426403636166,0.3927059586141275,4.05334529496758,spinning,front_load
158.4,-1.17892672422846,-1.903334253485826,0.6146932875005419,4.7791581640404015,spinning,front_load
158.5,0.10614499954633846,-1.7396110882458706,1.012105670423657,4.385524676466103,spinning,front_load
158.6,1.2077300728805604,-0.99296254234926,1.3193011939320733,4.678931820268693,spinning,front_load
158.7,1.847388321978956,0.022905896718896257,1.5928424397866905,4.256866791689896,spinning,front_load
158.8,1.8584342034684258,1.2330729576007882,1.550744928367989,4.203731489174186,spinning,front_load
158.9,1.2580554255787009,1.9593350526420923,1.3162801371999993,4.9940971842078,spinning,front_load
159.0,0.06759662091765356,1.859861256613589,0.9841657256091737,4.260754233290472,spinning,front_load
159.1,-1.173881509971568,0.9981294885710006,0.6574300643771831,4.786526659762937,spinning,front_load
159.2,-1.9286646205226632,-0.09009461619069271,0.42104549236496946,4.52960508035913,spinning,front_load
159.3,-1.8346170624480045,-1.2658782549283385,0.430392393772899,4.394969985409957,spinning,front_load
159.4,-1.2351701321883697,-1.8191884836925367,0.668215072479616,4.488792778917448,spinning,front_load
159.5,0.023521823883516035,-1.879271894091509,1.0324726435485279,4.174726375867172,spinning,front_load
159.6,1.311930044038593,-1.0120136285483783,1.343368292117815,4.496561405097692,spinning,front_load
159.7,1.9144343735254106,0.03718826909127039,1.539307249309812,4.22931492152601,spinning,front_load
159.8,1.855576463834597,1.2035966833475442,1.5729167441447633,4.401139051421503,spinning,front_load
159.9,1.2001926267452077,1.9773477257973247,1.3667906389585966,4.731324890992394,spinning,front_load
160.0,-0.028200523140952186,1.9291020187709167,0.956178240820832,4.563547669139414,spinning,front_load
160.1,-1.2592174552101711,1.0246502681035385,0.6206105997142826,4.12945737527987,spinning,front_load
160.2,-1.8600508709779862,-0.11176892889000094,0.4077904833440181,4.712872031728468,spinning,front_load
160.3,-1.8350429685573204,-1.3481719916330537,0.42313142456129765,4.4982250595227145,spinning,front_load
160.4,-1.1942249049089289,-1.9449211977871912,0.624497831515824,4.364453682897666,spinning,front_load
160.5,-0.02263414044577839,-1.8138628047970389,1.0212112217529064,4.686669075977233,spinning,front_load
160.6,1.1178765811176294,-1.1081913416161986,1.3045171553317292,4.45819829075575,spinning,front_load
160.7,1.8931168965622485,0.09827149092237421,1.523242348861258,4.208584665023571,spinning,front_load
160.8,1.8683709296149225,1.19748951732352,1.5606172454317502,4.961952427862401,spinning,front_load
160.9,1.1149085433824062,1.8951465033913586,1.3474015672511848,4.495678139277253,spinning,front_load
161.0,0.11353012982401167,1.969564826907359,0.9563606838142675,4.479653698879446,spinning,front_load
161.1,-1.1475809355799418,1.086469325171086,0.6291263833450994,4.398723707067353,spinning,front_load
161.2,-1.867769326108531,-0.173352039278005,0.4173347757003397,4.794991434864397,spinning,front_load
161.3,-1.8491090584543786,-1.2841635582163369,0.41756715181223836,4.36878037296449,spinning,front_load
161.4,-1.1293083315790402,-2.0298936654788395,0.6518852931232901,4.113755035297099,spinning,front_load
161.5,-0.024786597167871523,-1.9249277534629232,0.9801526334672725,4.330330584526005,spinning,front_load
161.6,1.1919236619631735,-1.0004734473252987,1.397006240375714,4.8316936501136984,spinning,front_load
161.7,1.8859712035347826,0.10466462781619355,1.5852800489691339,4.708033040364279,spinning,front_load
161.8,1.9284208500769342,1.3787210517873039,1.5464205041578607,4.436246086835035,spinning,front_load
161.9,1.1960719577421453,1.9283271378990736,1.3555064961764238,4.8433137854101185,spinning,front_load
162.0,-0.022959615651750153,1.8619194501630327,1.0037204595581988,4.686985557205471,spinning,front_load
162.1,-1.2553284279601662,1.1205474811806413,0.683770492859476,4.433352659091348,spinning,front_load
162.2,-1.8933388091724817,-0.27356882821252065,0.41135461735538587,4.45852253622473,spinning,front_load
162.3,-1.9143692018587828,-1.2529808818019912,0.4523862511545138,4.582329432986358,spinning,front_load
162.4,-1.2889928394472079,-1.9369871974924855,0.6485844828980696,4.292028262584046,spinning,front_load
162.5,0.030459706133642513,-1.7749158383234611,1.0447469954935589,4.501126266377338,spinning,front_load
162.6,1.233491031319398,-1.024213068018325,1.3913978949546317,4.577128341153323,spinning,front_load
162.7,2.0538144211029388,0.04519207214651527,1.5765432889148985,4.078258440347865,spinning,front_load
162.8,1.8786411823911153,1.3398055583388346,1.5627654311466246,4.4526699193580255,spinning,front_load
162.9,1.1432477907917653,1.9183091366739604,1.3678693286657966,4.424235953658578,spinning,front_load
163.0,-0.06656526182664062,1.8098109783566192,0.9945864991860992,4.757017004990081,spinning,front_load
163.1,-1.163051990195584,1.0939200267204423,0.6977380618039088,4.038875751547241,spinning,front_load
163.2,-1.8899739417568902,-0.12537973461911914,0.431720192568193,4.404623495074072,spinning,front_load
163.3,-1.9507908126775704,-1.1729693223794426,0.4171968112475053,4.379561338158854,spinning,front_load
163.4,-1.1860662975049667,-1.913610686499339,0.6335403960423615,4.7400177409804005,spinning,front_load
163.5,-0.11871994001310858,-1.8517386366812336,0.9636089324441147,4.489113357658777,spinning,front_load
163.6,1.2311531094547723,-1.0280550066968717,1.369367925218233,4.949023661413093,spinning,front_load
163.7,1.8558722770100513,0.17878587036481952,1.5460335736979294,4.665553345476597,spinning,front_load
163.8,1.9000336515054563,1.3122935468793182,1.603578357342703,4.397444251452621,spinning,front_load
163.9,1.0899688993068966,2.0192158165777,1.3138830997553819,4.55991467413974,spinning,front_load
164.0,-0.0349412159679139,1.9005991167092335,1.0038172434691317,4.411482797657635,spinning,front_load
164.1,-1.192345973795802,1.0921529195518282,0.6818355613794985,4.714849022622605,spinning,front_load
164.2,-1.9027904834080207,-0.03886324955394174,0.36479867828417967,4.166950571677247,spinning,front_load
164.3,-1.8733290816588948,-1.2707310096263829,0.48991405653669196,4.294076005857167,spinning,front_load
164.4,-1.089225999575617,-1.9320532172281148,0.6345702927086196,4.61392247963873,spinning,front_load
164.5,0.04396265656634754,-1.7607835568966033,1.00423286146492,4.806439112180906,spinning,front_load
164.6,1.2333003771734983,-0.9847783839909401,1.3698146281409074,3.9495078509652,spinning,front_load
164.7,1.988879279186949,0.11272302486379086,1.5924177814605749,4.843617803997604,spinning,front_load
164.8,1.9362955054816176,1.2380641465830917,1.5788504279248672,4.464966217892998,spinning,front_load
164.9,1.1733680728476776,2.021838418221296,1.3825926888866362,4.029031259515709,spinning,front_load
165.0,0.06054671437515047,1.9121032734093433,1.0155721213876086,3.7495680395276656,spinning,front_load
165.1,-1.111189947427365,1.1010287069197413,0.7001552828254498,4.11765348354793,spinning,front_load
165.2,-1.8631990823123883,-0.13252593589055364,0.44503591650853286,4.49507378603865,spinning,front_load
165.3,-1.9893906884124322,-1.2453754464985274,0.48830515581941286,4.483525490547779,spinning,front_load
165.4,-1.2260581137705229,-1.9353505158020399,0.6743612138316765,4.658300108677327,spinning,front_load
165.5,-0.01649124624170951,-1.903938462708822,0.9458274962269879,4.362628205609759,spinning,front_load
165.6,1.2223477658291915,-1.0743512919526936,1.4310042317271465,4.222989863388458,spinning,front_load
165.7,1.9008322474461063,0.12913901601750014,1.5534035865227855,4.396728403084777,spinning,front_load
165.8,1.9703251505973103,1.2427535372061635,1.615500230233135,4.508402571727895,spinning,front_load
165.9,1.254484702309528,1.9882775495253402,1.3534749546690445,4.55769319873882,spinning,front_load
166.0,0.07195022812054616,1.9414081154731138,1.0318327077280516,4.302708825181899,spinning,front_load
166.1,-1.1032380707161935,1.1402876932872805,0.626674481298523,4.72536167508384,spinning,front_load
166.2,-1.9643326668698529,-0.1297884763919301,0.4481384265155887,4.344650807068992,spinning,front_load
166.3,-1.8731549026229402,-1.219927950970049,0.4217703738610819,4.2825706594187745,spinning,front_load
166.4,-1.212022247042223,-1.9293703243611582,0.6946989419722273,4.364402122632928,spinning,front_load
166.5,-0.09894397988149901,-1.9382229306484238,1.013160045022526,4.768710043925652,spinning,front_load
166.6,1.1583222366616335,-1.041730068958119,1.380749430614542,4.466800886764835,spinning,front_load
166.7,1.9815972505279544,0.12198147173647406,1.5057116036329037,4.326371624232557,spinning,front_load
166.8,1.929757553197405,1.420890121345484,1.5680667293834305,4.731526937612136,spinning,front_load
166.9,1.2966390668809105,2.0214842600055816,1.364987700427116,5.035687134987187,spinning,front_load
167.0,0.010633808716067132,1.90674718135055,1.0067084471931853,4.552420658577237,spinning,front_load
167.1,-1.0287023393693824,1.0970440617453026,0.6761635650360486,4.808460615216358,spinning,front_load
167.2,-1.891461759059286,-0.10339023797554281,0.41838896286878363,4.759019487643697,spinning,front_load
167.3,-1.900764214821083,-1.3254986054392863,0.43082970337394677,4.3485900620854165,spinning,front_load
167.4,-1.2523339098598738,-2.038387241840854,0.6827656515570745,4.506658545119058,spinning,front_load
167.5,0.0666337644175523,-1.9164317184793844,0.9316393298966352,4.179363842574003,spinning,front_load
167.6,1.1454429968485011,-1.0849568527582656,1.3703516664246291,4.4487644334095915,spinning,front_load
167.7,1.8632901742259158,-0.013118783413094387,1.5606173649973252,4.343452407718569,spinning,front_load
167.8,1.978986866416072,1.232617933684909,1.5432643660404868,4.399278510706091,spinning,front_load
167.9,1.2450638647123684,1.9191912262213853,1.3627674781036627,4.312526242154916,spinning,front_load
168.0,0.06792308203268782,1.8511525787253753,1.036823538904274,4.428225797951108,spinning,front_load
168.1,-1.1973019726282017,1.0423904157767792,0.6785031635690546,4.633058171566229,spinning,front_load
168.2,-1.905171584508744,-0.1337044021422954,0.42531269929567245,4.470127022390001,spinning,front_load
168.3,-1.905704296452079,-1.1618436115338167,0.45563831913573005,4.033906700561154,spinning,front_load
168.4,-1.1286194137442942,-1.8943192913194062,0.673370885577984,4.313469858775378,spinning,front_load
168.5,0.09321388010957338,-1.8976962185484036,0.9973788618851809,4.120150161860437,spinning,front_load
168.6,1.1976592978967804,-1.0861946989698137,1.3318787348158165,4.561015056495442,spinning,front_load
168.7,2.02060649771186,0.1115147731402421,1.5515768888434558,4.625829341013547,spinning,front_load
168.8,1.9559446976723218,1.2191999151968131,1.5957695102431455,4.564137055463541,spinning,front_load
168.9,1.1614825409377998,1.8879001951442027,1.3514067469640187,4.303148901675153,spinning,front_load
169.0,0.04972268436739747,1.924709613153965,0.9686145334079801,4.561713482282804,spinning,front_load
169.1,-1.0732140878623224,1.056906769017115,0.5967829635592716,4.382471436057782,spinning,front_load
169.2,-1.7822156935899283,-0.17889535650119712,0.45432103378576894,4.215443637562437,spinning,front_load
169.3,-1.8308995519144036,-1.2678656618653632,0.4129627375549688,4.6854824799272325,spinning,front_load
169.4,-1.174030037365212,-1.9269674230210783,0.6572404812942719,4.704506938430943,spinning,front_load
169.5,-0.013001595243047535,-1.9824404253860044,1.037191207212166,4.737223870270877,spinning,front_load
169.6,1.2101346747985053,-1.0845386131371835,1.313403417069842,4.347912849991886,spinning,front_load
169.7,2.0025515023066607,0.1652923693402072,1.569279788361734,4.79484057817327,spinning,front_load
169.8,1.928139179923226,1.2923510043524808,1.5655130853905415,4.376604437167983,spinning,front_load
169.9,1.2028424168968475,2.0678357151205153,1.3640634376442546,4.663375330384628,spinning,front_load
170.0,0.0030838712587511682,1.9391447408731168,1.0371747999525307,4.372271834558331,spinning,front_load
170.1,-1.1952439683426677,1.1690298731532311,0.6074452941846894,4.4440044590635575,spinning,front_load
170.2,-1.911841102989023,0.05479158287558129,0.44646002868405665,3.8947055356527027,spinning,front_load
170.3,-1.8939874734754967,-1.2197878655150214,0.46031180347274253,4.424521696395771,spinning,front_load
170.4,-1.0724845048103564,-1.9242637957328466,0.6417375367058729,4.522772491696257,spinning,front_load
170.5,-0.01438282671160706,-1.8056537543285185,0.9958765902132787,4.39748759565904,spinning,front_load
170.6,1.1787272291394508,-1.1156480176719077,1.365224632444978,4.939047017021285,spinning,front_load
170.7,1.850190372965987,0.11967475244894318,1.5809784221138068,4.209383478668681,spinning,front_load
170.8,1.9451108965786281,1.2264135826367726,1.5881044879980852,4.359104690724019,spinning,front_load
170.9,1.2575712553078697,1.957927081662573,1.3695095671674684,4.273781847503536,spinning,front_load
171.0,0.09746987075719762,1.8249636266532212,0.9705408308314681,4.359055755251132,spinning,front_load
171.1,-1.1633686331033661,1.0408781216761507,0.6770368435556157,4.757853265735176,spinning,front_load
171.2,-1.867651775593613,-0.0884051756928815,0.464369585088597,4.869507948581741,spinning,front_load
171.3,-1.9113260519204514,-1.2735399276682795,0.4349485770336342,4.3248018472702645,spinning,front_load
171.4,-1.1438893838031283,-2.0496992763517965,0.60250418942807,4.319248114319199,spinning,front_load
171.5,0.018837909150127268,-1.9514115872131477,0.9965576288200497,4.210717837851521,spinning,front_load
171.6,1.1790663678201712,-1.1509298211555694,1.3585033276837415,4.826571346629826,spinning,front_load
171.7,1.9103782541269847,0.06023525891234002,1.5362959026435024,4.780251101729076,spinning,front_load
171.8,1.9292283695938783,1.290142640990138,1.5598297678697672,4.4735045500028034,spinning,front_load
171.9,1.157921358494093,1.9471843390330812,1.3103900697486919,4.15097520092328,spinning,front_load
172.0,-0.014549807524823077,1.9279949342363865,1.018218766749551,4.173334358635937,spinning,front_load
172.1,-1.0731287837647618,1.1272619410444158,0.652307508071545,4.542657362596148,spinning,front_load
172.2,-1.7394802264594231,-0.04889939590773172,0.3799925952785109,4.637334479611624,spinning,front_load
172.3,-1.974375049502172,-1.2287734697341988,0.4399100360704207,3.983463798744713,spinning,front_load
172.4,-1.2511387768474171,-1.9214672496632852,0.6456335802028351,4.419672522365529,spinning,front_load
172.5,-0.057429169668381234,-1.7981170673971874,1.0154924284826645,4.904573972389346,spinning,front_load
172.6,1.1693731996827146,-1.0269290641635316,1.3409251783628455,4.4456226983424285,spinning,front_load
172.7,1.9558598632524313,0.1357792953318974,1.546589527754768,4.872409522697656,spinning,front_load
172.8,1.9375882091130356,1.3415415534733288,1.5475085709833074,4.6622615322389205,spinning,front_load
172.9,1.1858923727917086,1.7933007136585624,1.336526044879012,4.22893009979116,spinning,front_load
173.0,0.0317361328173995,1.8466503814860318,1.000564752897409,4.426832176662036,spinning,front_load
173.1,-1.2170956739827032,1.0637464037288618,0.6517676025872434,4.467826440363824,spinning,front_load
173.2,-1.9167603988953428,-0.044052600629730446,0.4236444938887013,4.2618721079766235,spinning,front_load
173.3,-1.9033187054926977,-1.1709935414046482,0.41666650375305947,4.257532994297264,spinning,front_load
173.4,-1.270623484916851,-2.0210587704214893,0.6367867505844735,4.87669214802964,spinning,front_load
173.5,-0.06967861228331465,-1.7794081414855143,1.0752317435652203,4.255659845076762,spinning,front_load
173.6,1.1082765409083144,-1.15238054282957,1.3295493968305458,4.76960901910217,spinning,front_load
173.7,1.9479595260113423,0.04474065854539605,1.553894749520709,4.390878880408746,spinning,front_load
173.8,1.916834329504505,1.2512200990820268,1.6694495330280923,4.493590167529207,spinning,front_load
173.9,1.2122341765890032,1.91495561988091,1.3653015504491866,4.640461104559643,spinning,front_load
174.0,-0.11037929938815565,1.7705731351514702,0.9586005800228868,4.35036033177383,spinning,front_load
174.1,-1.2645845057480434,1.1210865100775758,0.6726094647438338,4.6419760783736335,spinning,front_load
174.2,-1.8623201061749157,-0.07244942779541602,0.40206492354687395,3.9883925751129046,spinning,front_load
174.3,-2.0688332110901335,-1.2020347454518225,0.45663793545710185,4.609926847103659,spinning,front_load
174.4,-1.1020927431286054,-1.9600553279955284,0.6409999802435015,3.882867468857091,spinning,front_load
174.5,-0.10939902861139293,-1.866453134832842,0.9868061245153101,4.4432883183253855,spinning,front_load
174.6,1.226171198100419,-1.0839194615622083,1.4009461004403037,4.713560746329623,spinning,front_load
174.7,1.8487979551048772,0.21449329976708673,1.587625950356866,4.655573826514594,spinning,front_load
174.8,1.9650472555004757,1.095222554263624,1.5998235929005302,4.175397380259515,spinning,front_load
174.9,1.3680601594196102,1.8766313472695018,1.3657187417609846,4.207583900976621,spinning,front_load
175.0,-0.13639065780720866,1.864410622502015,0.9866666642862248,4.327831989919341,spinning,front_load
175.1,-1.1338478757132544,1.0169596175731475,0.6656694812322783,4.546553965589534,spinning,front_load
175.2,-2.010602795405909,-0.12871279471521263,0.46564255200344845,3.992016702489074,spinning,front_load
175.3,-1.8765068972571406,-1.272841773403786,0.4334082315284693,4.49669410603786,spinning,front_load
175.4,-1.1879768343977612,-1.9735091747363878,0.7013781267550009,4.577857343450016,spinning,front_load
175.5,0.007786939348073165,-1.860210036368194,1.0255146160961661,4.429240704782254,spinning,front_load
175.6,1.120869328005172,-1.044404875002637,1.3590306278686082,4.631330242013263,spinning,front_load
175.7,1.9489454991600648,0.09903758657705222,1.578178505707617,4.555931039581551,spinning,front_load
175.8,1.8152115623119784,1.2380855571834413,1.574751023646089,4.364586435150276,spinning,front_load
175.9,1.2500687403585988,1.9241021132095986,1.3151339878075528,4.015952659935127,spinning,front_load
176.0,-0.0245550183969402,1.8636319911356312,0.997297834125643,4.5333532703927055,spinning,front_load
176.1,-1.2597319452290245,0.9776746577480686,0.6539644431847833,4.2617311586925055,spinning,front_load
176.2,-1.8064168231898223,-0.08552033820120233,0.41688353658492483,4.355414343784614,spinning,front_load
176.3,-1.9061535917586203,-1.2923373149890516,0.4394964007841195,4.619781054490772,spinning,front_load
176.4,-1.0611123463581797,-1.8583559037202753,0.647968073335243,4.854333345858588,spinning,front_load
176.5,0.07328136775864169,-1.82861496339583,1.0232107567329154,4.490484969139498,spinning,front_load
176.6,1.1276817622979942,-1.0118898474142175,1.372564522807526,4.638516209111468,spinning,front_load
176.7,1.897013644534049,0.05255334565640532,1.5756485084046215,4.138880164711777,spinning,front_load
176.8,1.9093753089700363,1.2429940427506205,1.5296175230380065,4.5613808952487584,spinning,front_load
176.9,1.2671486965835468,1.859500498961601,1.4063928335357434,4.48502351558071,spinning,front_load
177.0,0.0262510628017643,1.821766699398466,0.9957432700427868,4.807306895156546,spinning,front_load
177.1,-1.164992947318998,1.157220157138323,0.6449022550137103,4.364885380992811,spinning,front_load
177.2,-1.9141058078162825,-0.023964138604370855,0.4190904647619031,4.439590595709407,spinning,front_load
177.3,-1.9051464547413701,-1.33416523891046,0.41471374054100646,4.764703616783199,spinning,front_load
177.4,-1.0972949794440559,-1.9615446683079583,0.6936505900645891,4.476991551901338,spinning,front_load
177.5,0.00022232104762298971,-1.8686499122558395,1.0415813296115148,4.2227896546781825,spinning,front_load
177.6,1.151870668307236,-1.0469574931588663,1.366002953482868,5.1379083183225305,spinning,front_load
177.7,1.868242602653412,0.007624957467043725,1.5674089051441482,4.230351809165817,spinning,front_load
177.8,1.8688871233600728,1.169097236330108,1.5892074493274853,4.483824979612619,spinning,front_load
177.9,1.0914447448218485,1.9634255768413729,1.3548850608284053,4.5866720390064035,spinning,front_load
178.0,-0.0450225184997847,1.7471358577991745,0.9942933124502483,4.566904377257779,spinning,front_load
178.1,-1.0856652880457123,1.0552859872995313,0.6574720262697704,4.4525640739984,spinning,front_load
178.2,-1.9145089882244135,-0.10348806476612357,0.4161313578145276,4.453809907368423,spinning,front_load
178.3,-1.8598483324767465,-1.2403372830261536,0.4369340181430693,4.441267033428011,spinning,front_load
178.4,-1.3242958956588593,-1.9425510939415342,0.6534554763932062,4.221016535352157,spinning,front_load
178.5,0.034098678538570126,-1.886023575076949,1.0180880806379229,5.0375548036056825,spinning,front_load
178.6,1.1658893423229255,-1.0314195800845203,1.3340970426512533,4.445002270571655,spinning,front_load
178.7,1.8732266312167822,0.1303259288611122,1.59193800036336,4.649232748205774,spinning,front_load
178.8,1.912970630035531,1.2264562439046751,1.5434445649885637,4.416336785579599,spinning,front_load
178.9,1.1458209893557467,1.936311382009946,1.3354941518267034,4.411309081911129,spinning,front_load
179.0,-0.12743249519343067,1.8870683132936457,0.984132248225589,4.386139084332587,spinning,front_load
179.1,-1.1202356281143613,1.1851880661550023,0.6151672954533863,4.112538553002687,spinning,front_load
179.2,-1.8875319789094513,-0.06603415318209274,0.459835958724467,4.459844714969807,spinning,front_load
179.3,-1.9209495798750038,-1.1924038298648525,0.40029451593726634,4.398248086420143,spinning,front_load
179.4,-1.2335416269092094,-1.9706844519868651,0.6263613585023409,4.792881127296194,spinning,front_load
179.5,-0.08819145096587737,-1.8955291463094215,1.0376622313147645,4.200824970603871,spinning,front_load
179.6,1.189004067009102,-1.0962166312363444,1.3355536703198958,4.355713205611286,spinning,front_load
179.7,1.9989194902037137,0.10459921448081036,1.5649896292229148,4.27538988331148,spinning,front_load
179.8,1.914303021194746,1.204795743753538,1.5402730397495892,4.860632598502952,spinning,front_load
179.9,1.0926048082189526,2.010004025802404,1.3776596876040372,4.282647888786332,spinning,front_load
180.0,0.013507003622241491,1.9170792701998258,1.0254020873257133,4.640574961181534,spinning,front_load
180.1,-1.1787710823194273,1.063753159989885,0.6694972257483164,4.742540368351495,spinning,front_load
180.2,-1.8502704150258686,-0.07471093433868974,0.4454919850687216,4.463469272146148,spinning,front_load
180.3,-1.8657090419454498,-1.2519032914418071,0.4315737635535383,4.155797249764883,spinning,front_load
180.4,-1.3547198566315126,-1.890858329352988,0.6315975486163853,4.158961535309078,spinning,front_load
180.5,0.0327145322661915,-1.9447365993456833,0.9755509208001646,4.7149410161990195,spinning,front_load
180.6,1.1153617400147195,-1.0908334960594672,1.3913683171783395,4.184851495300036,spinning,front_load
180.7,1.8168093081032497,0.10973126160468594,1.5935780379288491,4.598006652764978,spinning,front_load
180.8,1.8908046279676094,1.3026957671990629,1.5498347829609942,4.528587277455149,spinning,front_load
180.9,1.2002287711263768,1.8963417521380497,1.3538661044220668,4.594283121077757,spinning,front_load
181.0,-0.09844407661720547,1.7140823284893785,0.9909965472104507,4.6178962019614715,spinning,front_load
181.1,-1.1332959195618524,1.0171918486062916,0.613482527453236,4.266582303895524,spinning,front_load
181.2,-1.8563127017384058,-0.11687645242210884,0.43469563152154855,4.256117955246315,spinning,front_load
181.3,-1.8992944608122042,-1.2614441876917861,0.41690131029577193,4.678731783525101,spinning,front_load
181.4,-1.227627922398594,-1.8330231208513543,0.6187527486356381,4.342663847358901,spinning,front_load
181.5,-0.05876268025094007,-1.8291133854946837,0.9556260233758724,3.812462876998713,spinning,front_load
181.6,1.2371264324797244,-1.0772020149137878,1.3057570463693031,4.662188824470967,spinning,front_load
181.7,1.8114396714003966,0.11127009667208086,1.559491125946206,4.240934677982808,spinning,front_load
181.8,1.9659812602391944,1.3315282441524938,1.5680810606642657,4.616783969476313,spinning,front_load
181.9,1.165658555036804,1.8986413810795146,1.3264121270705196,4.8482054623292425,spinning,front_load
182.0,-0.005750069978500799,1.8556611446699105,1.0195221828297378,4.504190614315487,spinning,front_load
182.1,-1.2780557669100512,1.0167383444590246,0.6453624523709357,4.748941457915882,spinning,front_load
182.2,-1.9109160303979964,-0.028079210357669637,0.4466726495408751,4.53844942013405,spinning,front_load
182.3,-1.8652979016295121,-1.2417273050018376,0.4238787665173104,4.896857332035287,spinning,front_load
182.4,-1.2557551098561437,-1.9764994059690733,0.6237153195682794,4.234473222810723,spinning,front_load
182.5,0.029918152035461526,-1.8709454725532921,1.0034235271342637,4.4979462548958775,spinning,front_load
182.6,1.180911239805598,-1.0515147858753564,1.3147909160149074,4.668290401260367,spinning,front_load
182.7,1.8634876957601918,0.09817043851556406,1.5868170653961384,4.452397060747488,spinning,front_load
182.8,1.9533934177795427,1.2332090039195045,1.5425194335816255,4.788054749163168,spinning,front_load
182.9,1.0434350984459706,1.894791587049884,1.3802181271714087,4.391990115122305,spinning,front_load
183.0,0.020800844924759816,1.8844158858888376,0.9898463276127837,5.017342787907222,spinning,front_load
183.1,-1.0784043951008,1.0606105749147376,0.6792048541137382,5.030549376068061,spinning,front_load
183.2,-1.815716444244221,-0.1404390373650861,0.39568739456527235,4.5705179990568245,spinning,front_load
183.3,-1.8787246293579039,-1.345440946525207,0.4090329992010709,4.638150295088654,spinning,front_load
183.4,-1.193671351152194,-1.9293895736174211,0.6587568970301542,4.7979178589061595,spinning,front_load
183.5,-0.0381481533925737,-1.8749515782617323,1.0351149128028878,4.203200650258158,spinning,front_load
183.6,1.1573949569504642,-1.101392732586307,1.4026694186248885,4.171999996355552,spinning,front_load
183.7,1.934741467465465,0.12513981392906517,1.5718748946875434,4.814104728464408,spinning,front_load
183.8,1.85367840426252,1.310157376986363,1.6257662787006282,4.56849711821825,spinning,front_load
183.9,1.2210159336677608,1.976141936525355,1.3439812148806585,4.443373688505052,spinning,front_load
184.0,0.12798963108040334,1.8972418819883805,1.0329630286709504,4.50278082572029,spinning,front_load
184.1,-1.1792834986927876,1.0676536149492917,0.6190634187156777,3.9034896319089825,spinning,front_load
184.2,-1.9827767207872382,-0.1472334734357293,0.44197210542882565,4.45235942138575,spinning,front_load
184.3,-1.9827977173692206,-1.3279121797011775,0.35911529899723593,4.311738315201694,spinning,front_load
184.4,-1.1289765714817024,-1.969637398649319,0.6136811182750872,4.72951790840377,spinning,front_load
184.5,0.7345521088516886,-1.1247622866369502,1.0140003039424883,4.7487576945960015,spinning,front_load
184.6,1.9663172379376896,-0.39113411937789644,1.313297985809409,4.644170058532477,spinning,front_load
184.7,2.608231857229907,0.8571138812158199,1.5834423981007866,4.5988646621997855,spinning,front_load
184.8,2.6900873250315933,1.9454867201365436,1.5978276534014026,4.125663312819933,spinning,front_load
184.9,1.1660725541778085,1.8343884948684888,1.3376315455938892,4.647660769999218,spinning,front_load
185.0,-0.043950243320075875,1.913242539185977,0.9709314113295824,4.657349486380846,spinning,front_load
185.1,-1.199630413313233,1.05362895594554,0.6331032501488308,4.811298163442182,spinning,front_load
185.2,-1.9739362939156135,-0.1634355924726217,0.4003917206474087,5.0295524531075495,spinning,front_load
185.3,-1.7827514590753597,-1.3309080696996258,0.42632968348244554,4.076859831607098,spinning,front_load
185.4,-1.1813534133979602,-1.9086658497251932,0.6503915673713071,4.402880793595447,spinning,front_load
185.5,0.038670845321082614,-1.7815837092461884,0.9908196963071411,4.314433340710589,spinning,front_load
185.6,1.143358356612447,-1.1062782633282702,1.402901928581013,4.543126797096269,spinning,front_load
185.7,1.8389973632715604,0.10027977079985409,1.5490517951864957,4.50335046455451,spinning,front_load
185.8,1.88808020193505,1.3295751516154501,1.612376905154697,4.441479481729964,spinning,front_load
185.9,1.2416420565875976,1.825421265947394,1.3214339742860903,4.7569010903502935,spinning,front_load
186.0,-0.031243907484469303,1.9820902905088735,1.002183327098075,4.224646447204804,spinning,front_load
186.1,-1.227802422948801,1.2287398498071291,0.6828220108809313,4.239719633151848,spinning,front_load
186.2,-1.8927851779280502,-0.27559382504432667,0.4633068047905399,4.243943682225489,spinning,front_load
186.3,-1.8721716765472125,-1.2711274349567334,0.4167583532919099,4.409918103143503,spinning,front_load
186.4,-1.0769996144533138,-1.9771848301211739,0.6639809402267889,4.192852446022038,spinning,front_load
186.5,0.021225028702433903,-1.8799644781885743,1.0126353725099522,4.487857127800182,spinning,front_load
186.6,1.2142100652965153,-1.1071969358449127,1.3364729760176102,4.458627451342283,spinning,front_load
186.7,1.9452695468055483,0.16191911918830396,1.5891124078915408,4.30337122150023,spinning,front_load
186.8,1.8329321096741888,1.258523046803975,1.626508674938615,4.718441563514049,spinning,front_load
186.9,1.117770580356727,1.8793935753568787,1.3668221713273487,4.485124867928316,spinning,front_load
187.0,-0.06503377737684465,1.8537470622564303,1.0169906913719684,4.765661841007951,spinning,front_load
187.1,-1.2554992499264808,1.1129808858853476,0.6674934979705267,4.451237537198892,spinning,front_load
187.2,-1.854385440097954,-0.1842368529449721,0.38553679200229235,4.493951277942162,spinning,front_load
187.3,-1.8847100270901913,-1.3640512625605794,0.44317283041918365,4.359304398829572,spinning,front_load
187.4,-1.170800740799072,-1.814483440158864,0.6168260613794765,4.498238364866129,spinning,front_load
187.5,-0.15556299092411854,-1.9026237727168207,0.9823033917790713,4.678057826533012,spinning,front_load
187.6,1.29889911610244,-1.09033501088242,1.417529404811252,4.397166441932425,spinning,front_load
187.7,1.848456712341095,0.08934584892994157,1.5630360614873282,4.629602990633666,spinning,front_load
187.8,2.025221797946505,1.298162503466931,1.5484286866482233,4.296813259738565,spinning,front_load
187.9,1.0886160157458746,2.0404154035943214,1.3872486287425279,4.689762641380552,spinning,front_load
188.0,-0.04874406951383121,1.8988742024379188,0.971569689914597,4.355023543172019,spinning,front_load
188.1,-1.307741467535506,0.9909919228152597,0.6339062742988314,4.712919968307262,spinning,front_load
188.2,-1.8803855340335958,-0.19626097889950042,0.4668376552625377,4.515244135608416,spinning,front_load
188.3,-1.968188441838711,-1.289215127741944,0.43064911718222765,4.880238433347766,spinning,front_load
188.4,-1.239950513830514,-1.9501420001809624,0.6004809372708204,4.211483068436448,spinning,front_load
188.5,-0.08235085303051291,-1.9673952481071346,1.0163196884296637,4.130955806672033,spinning,front_load
188.6,1.2222118083495408,-1.032933376456838,1.3407771749141855,4.3459456885061085,spinning,front_load
188.7,1.9448008516843407,0.04803433980652068,1.6168294543729937,4.153847262991421,spinning,front_load
188.8,2.010835066054915,1.3548753349494964,1.5524483013480324,4.15431627639293,spinning,front_load
188.9,1.1344281073206293,2.043285964041185,1.38420793058728,4.655387690114969,spinning,front_load
189.0,0.013129162262435674,1.8491829599762553,1.0532709409708598,4.498955301646835,spinning,front_load
189.1,-1.2529306164289913,1.1084321900928062,0.6218005519101907,4.380079755823935,spinning,front_load
189.2,-1.922215373954256,-0.18713040660397418,0.4235696996002131,4.403259350673642,spinning,front_load
189.3,-1.9332437513869283,-1.2278566616335307,0.44102484844731615,4.350690583918415,spinning,front_load
189.4,-1.1477035071349413,-1.9639395536150115,0.6216084760479749,4.912592291954761,spinning,front_load
189.5,0.06102130838497574,-1.929312291229664,1.0081088484012002,4.316123573089241,spinning,front_load
189.6,1.2350345060351051,-1.0994539309625397,1.3459235427503846,4.169466525479175,spinning,front_load
189.7,1.8515442962572106,0.08526869277502108,1.5632818826292794,4.6990126543715816,spinning,front_load
189.8,1.9620211068675883,1.2457676770416741,1.572102061558306,4.446061094163045,spinning,front_load
189.9,1.1729253963578579,1.9910288023780383,1.3548090928426546,5.009693422204471,spinning,front_load
190.0,-0.019475813754126596,1.8169597163760662,1.0049164230721894,4.368448590301466,spinning,front_load
190.1,-1.2180811937939555,1.1861952116542036,0.6293640582608503,4.711496044939198,spinning,front_load
190.2,-1.9357091802520905,-0.19271715124928482,0.41271093849238816,4.770549332649827,spinning,front_load
190.3,-1.7975742018183043,-1.16835142483151,0.4258084625582316,4.3696660419494995,spinning,front_load
190.4,-1.157125858595079,-1.995038645523334,0.6459861193875099,4.314269808022741,spinning,front_load
190.5,0.010476710849889928,-1.8641389658865841,0.9868345198015468,4.685341632732726,spinning,front_load
190.6,1.1598356930729443,-1.111505598476098,1.3623893406381289,4.643722979478483,spinning,front_load
190.7,2.0488717492765285,0.09258985298700503,1.5161910573168182,4.1473474748222685,spinning,front_load
190.8,1.9804136619210146,1.3133586754031807,1.5487199220098002,4.217891090923819,spinning,front_load
190.9,1.1323067776964522,2.024037616042768,1.3442733165892282,3.8658924987629986,spinning,front_load
191.0,-0.016416903282516507,1.9355096542315728,0.9743165443890102,4.6488467134947005,spinning,front_load
191.1,-1.1884251771870211,1.0578024517273164,0.6962047890688368,4.434543201716064,spinning,front_load
191.2,-1.8933607138934208,-0.10215825993542385,0.4299319456246355,4.459462394756179,spinning,front_load
191.3,-1.944186592147985,-1.312201913642276,0.43466918056974746,4.077138975574536,spinning,front_load
191.4,-1.1492415131830727,-1.993541026963397,0.6328319273856038,4.225474411727668,spinning,front_load
191.5,0.08712528792301935,-1.9328562262778017,0.9995266323890092,4.380510271858109,spinning,front_load
191.6,1.0967528180448576,-1.1083482300865206,1.31621354744645,4.3319185999630445,spinning,front_load
191.7,1.834424228364702,0.12818991114010628,1.5655393986942157,4.5294590188794075,spinning,front_load
191.8,1.8731235192724114,1.150568331636706,1.5425236569192022,4.645867031657954,spinning,front_load
191.9,1.1493627709779637,1.9312667860541768,1.344349043832645,5.067403142321299,spinning,front_load
192.0,0.11990795248458344,1.9550396794072298,0.9232025030108734,4.494995742492269,spinning,front_load
192.1,-1.1154679513838222,1.1494084958123307,0.6134887523712805,4.778850665774236,spinning,front_load
192.2,-1.8454536914632604,-0.14832461787123047,0.4732838823583231,4.292506805755056,spinning,front_load
192.3,-1.9179749742009236,-1.3490896157790897,0.4542780226961905,4.081263421256161,spinning,front_load
192.4,-1.1927493089920371,-1.906458189821009,0.6869000287020084,4.411924588322469,spinning,front_load
192.5,-0.08710232482533009,-2.003123866946556,1.0416316380903057,4.10056957053144,spinning,front_load
192.6,1.2224749182679224,-1.0154845847145682,1.3728607741004504,4.503668291792276,spinning,front_load
192.7,1.9315763088787328,0.10039832580614881,1.5570478492156876,4.304886468872834,spinning,front_load
192.8,1.9792728744709673,1.3751552604563886,1.5395163813891124,4.011432153311354,spinning,front_load
192.9,1.1629207217831172,1.8304300790744177,1.387073489538837,4.934006286465045,spinning,front_load
193.0,-0.008506748772129577,1.9191669454467526,1.00193703923159,4.365609571723655,spinning,front_load
193.1,-1.1653677728710203,1.0760633014590875,0.7221495331160597,4.09059517426395,spinning,front_load
193.2,-1.84859917805991,-0.1330766051678888,0.41841315094257664,4.724542947626823,spinning,front_load
193.3,-1.9903259699159888,-1.3474678491347996,0.4885529658663724,4.3178464093651785,spinning,front_load
193.4,-1.1314071365605798,-1.8983031338061784,0.6426250949036627,4.772541508422665,spinning,front_load
193.5,-0.0012297337298426425,-1.8235099288475185,1.0400814579179192,4.316651416330488,spinning,front_load
193.6,1.1120522685077778,-0.9749861635496316,1.4035719034924734,4.364775577434301,spinning,front_load
193.7,1.777036687430941,0.17369658905071222,1.539945411931634,4.586207927369261,spinning,front_load
193.8,1.8939246098773088,1.2296435214850532,1.556083967428277,4.648304845176027,spinning,front_load
193.9,1.2624332835809855,1.873816253191938,1.3216817746044065,4.69212093433515,spinning,front_load
194.0,0.10048108000444458,1.7819686859229635,0.9631016653522415,4.477564715317667,spinning,front_load
194.1,-1.1542479319451346,1.1704872924055987,0.6673408541401464,4.632154180388646,spinning,front_load
194.2,-1.7843926927597802,-0.1599040303361694,0.4234672391154349,4.686407151730855,spinning,front_load
194.3,-1.9046894975675654,-1.176463449083741,0.4309370799186559,4.550142284641712,spinning,front_load
194.4,-1.1183722914863692,-1.9025436857571405,0.6640160226737176,4.464335471683926,spinning,front_load
194.5,-0.02707385333392509,-1.8442839990385163,0.9442783949886907,4.138676262942218,spinning,front_load
194.6,1.1446945742278967,-1.1005059304212588,1.3912741314941952,4.649793539194997,spinning,front_load
194.7,1.861462485577326,0.1528539480591452,1.5601610848768517,4.510543424785288,spinning,front_load
194.8,1.7784812957625717,1.2643489954521374,1.5866059489641449,4.396596036912323,spinning,front_load
194.9,1.25279604018141,1.9118952107208431,1.371292536552235,4.819441590897915,spinning,front_load
195.0,-0.038497946348253445,1.905838459133223,1.0411238968229235,4.143041591771671,spinning,front_load
195.1,-1.2236568313705982,1.0734555051140187,0.6441831269909231,4.9110090788412215,spinning,front_load
195.2,-1.9729113334870552,-0.1611136600037605,0.3656569664516237,4.494431680341384,spinning,front_load
195.3,-1.9143745987823584,-1.2292876346943287,0.4310799186265524,4.579379544625724,spinning,front_load
195.4,-1.0697609659506697,-1.9378871475467931,0.6533500543695717,4.401238971367432,spinning,front_load
195.5,0.12562673104975697,-1.83474357122871,0.9689721742259146,4.083231771869167,spinning,front_load
195.6,1.0759184920367666,-1.109325423168948,1.3570958710084555,4.465097525383555,spinning,front_load
195.7,1.8808461528315668,0.04066629499808626,1.5598033567352543,4.583686226723199,spinning,front_load
195.8,1.8400515663844292,1.3693816789731506,1.5303512912985402,4.669056361600648,spinning,front_load
195.9,1.2348707690573404,2.026844692854769,1.3728156982256734,4.450491700390275,spinning,front_load
196.0,0.017195612837729773,1.9171052696100728,0.9830882454730944,3.9518650396988955,spinning,front_load
196.1,-1.2137646642280226,1.0588251905448862,0.6351374721823181,4.114584663854344,spinning,front_load
196.2,-1.8977586477548127,-0.1312326516690287,0.4154887248043053,5.013004905940823,spinning,front_load
196.3,-1.9307581498746644,-1.182337594468128,0.46643044814686385,4.226866004056971,spinning,front_load
196.4,-1.0787157389218143,-1.9552778104631068,0.6461013637715057,4.856762364559802,spinning,front_load
196.5,0.032817570901289554,-1.9020315341150402,1.0023729946164728,4.266478315645601,spinning,front_load
196.6,1.215759909839824,-0.9697597511295659,1.3394520667438594,4.454386022568033,spinning,front_load
196.7,1.7420979839084303,0.11035291238295278,1.5845199144447684,4.656302064899976,spinning,front_load
196.8,1.898105711860343,1.371382760933073,1.6111134512305416,4.294951388354781,spinning,front_load
196.9,1.3005631621282452,1.8501444935675377,1.372106975900006,4.898053783939764,spinning,front_load
197.0,0.07956774420236187,1.895169264901449,1.020606008840094,4.518932089517103,spinning,front_load
197.1,-1.286395879740397,1.2063587876203956,0.6655157548009768,4.615212711574918,spinning,front_load
197.2,-1.920918582551269,-0.11142852859976611,0.38795881092358914,4.433098247995218,spinning,front_load
197.3,-1.9742042005453457,-1.2811175107579322,0.4030825252719591,4.6646800717542725,spinning,front_load
197.4,-1.0729044109625898,-2.0041131232649505,0.6411792268167176,4.894698184962466,spinning,front_load
197.5,0.014656696936815117,-1.7991375886681118,0.9782240787252814,4.467178515594196,spinning,front_load
197.6,1.1295027710008976,-1.1283015166262502,1.3207350406327552,4.932428197687309,spinning,front_load
197.7,1.904162509202831,0.10752505971631926,1.5144686375509977,4.347101047905221,spinning,front_load
197.8,1.7456711008459833,1.1912071044346342,1.5302380333830035,4.6910240098379274,spinning,front_load
197.9,1.1104728263773624,2.027461684214767,1.344975384655149,4.622278584060762,spinning,front_load
198.0,0.0021866235488965428,1.9333712905776148,0.9979172089952288,4.232854481829408,spinning,front_load
198.1,-1.1248299824779255,1.0801987467146668,0.6235372353405454,4.553452426159333,spinning,front_load
198.2,-2.018591879826073,-0.18246250941444697,0.43173384660342706,4.501841484462593,spinning,front_load
198.3,-1.924982351052389,-1.173122818267255,0.41635108099567575,4.286701955930789,spinning,front_load
198.4,-1.1149893602732868,-1.9560039118318568,0.6800460562458907,4.589500608548532,spinning,front_load
198.5,-0.08708719946220236,-1.9303904623833017,0.995151227079313,4.536572386527129,spinning,front_load
198.6,1.1893214746717804,-1.1878209124162178,1.3735610778174705,4.481853263173196,spinning,front_load
198.7,1.9060715027767232,0.07445566536602555,1.5767303226459497,4.482855632735329,spinning,front_load
198.8,2.004975851811509,1.1779989538703428,1.528571778599712,4.477497435269095,spinning,front_load
198.9,1.1617623329981126,1.8966787580175346,1.349951406103328,4.408075094688418,spinning,front_load
199.0,-0.010296035903119602,1.9087426959559608,0.9629312770199548,4.534958523753746,spinning,front_load
199.1,-1.1242729193951895,1.0595698218289968,0.6440852234779711,4.3390214469090544,spinning,front_load
199.2,-1.9816939526731727,-0.0918719703523421,0.40701216570601567,5.1642023728675,spinning,front_load
199.3,-1.9153660249833153,-1.308677320793695,0.44082498122746516,4.147666688633671,spinning,front_load
199.4,-1.2029140052349006,-1.9301378642271574,0.607058218500673,4.353815980691385,spinning,front_load
199.5,-0.008334708762178697,-1.7488241226091135,1.0004410547584213,4.373564473855764,spinning,front_load
199.6,1.2264748915224464,-1.103002996349535,1.3698436188522987,5.010123353581134,spinning,front_load
199.7,1.9353627216952727,0.13627933953676502,1.5978617768563725,4.169966337505625,spinning,front_load
199.8,1.8571920940784128,1.1713456075739814,1.5477088770405132,4.606480574496527,spinning,front_load
199.9,1.1837724567844976,2.025254375553899,1.3532036805416747,4.562098516261635,spinning,front_load
200.0,0.01000806914023644,0.03336043794410383,1.0120524483941435,0.09219970828166725,done,front_load
200.1,0.037090294878328205,-0.017956522042809998,1.0247837063095828,0.019466087689560665,done,front_load
200.2,0.03647488079241265,0.016992236480148172,0.9833192232783211,0.021469738422523844,done,front_load
200.3,-0.013528704795603523,0.009437850060934328,0.9982179180798197,0.061302560810176626,done,front_load
200.4,0.005820523484819727,-0.04190940347325527,1.0348571968913975,0.08249972096354699,done,front_load
200.5,-0.05592306096456432,0.015575083152793236,0.9669171796819793,0.0537910169182833,done,front_load
200.6,0.0029727902556578724,-0.04240539629273083,1.0541410658876784,0.06998607399404412,done,front_load
200.7,-0.02381968283495757,0.0188427548449548,0.9598253507578127,0.010083945450560829,done,front_load
200.8,-0.005591472778815495,-0.015215749293925442,0.989639061663858,0.04000910075637726,done,front_load
200.9,-0.05056115594450084,0.0002510175976935662,0.9714943000937196,0.012521043857134817,done,front_load
201.0,0.012146168601572261,-0.03882839848879016,1.0656378099060813,0.0656082191645732,done,front_load
201.1,-0.05089706086726823,0.0036714697081444802,0.9848994991345854,0.01905537346821971,done,front_load
201.2,0.004448538203747593,0.027808512539118587,0.9849747653041441,0.024443623079347058,done,front_load
201.3,-0.03679516779067648,-0.024208962840678624,0.9888775378018024,0.060280504099228055,done,front_load
201.4,-0.02548923105407654,-0.01821501258432033,1.0028680842368185,0.0712364870403546,done,front_load
201.5,0.03464196307635488,0.013638630707024682,0.9901467466328646,0.04682063783541567,done,front_load
201.6,0.01763753837740866,0.014388549709408177,0.996013395861328,0.0614034500821702,done,front_load
201.7,0.034476094130116285,-0.0730253789522552,0.8941237014092879,0.06075576333746185,done,front_load
201.8,0.046791813975038704,0.0604621909134832,1.001714795080055,0.04569146281115056,done,front_load
201.9,-0.023185161214192944,0.015856604506449937,1.0005341986445992,0.028105890342275026,done,front_load
202.0,0.04496914987322615,0.020907559873588846,1.0311570639223717,0.061297828137692856,done,front_load
202.1,-0.043965169685367046,-0.004306213399860508,1.039271828448382,0.062261913815501654,done,front_load
202.2,0.022383010036347094,-0.05566060525656734,0.9943687581582461,0.06788048806180517,done,front_load
202.3,-0.014800131437999145,0.0202416618375072,1.0244868724502187,0.05624132848157795,done,front_load
202.4,-0.02790900427917949,-0.016955640846926585,0.9669529365866558,0.026630001730413477,done,front_load
202.5,0.018434096019133275,0.016317950825500194,1.023020270280883,0.06380680322738361,done,front_load
202.6,0.028348545755076393,-0.006564032107881863,0.9828257260259627,0.04997237839543318,done,front_load
202.7,0.027458051599396342,0.007141181373491322,0.9644590759560984,0.04034525111353314,done,front_load
202.8,0.00644579666684376,-0.023249891442277338,0.9944323396538784,0.04410728325612576,done,front_load
202.9,0.003958719039877171,0.02593166828036795,1.0420141734159334,0.036194856432192404,done,front_load
203.0,0.015805997570997075,-0.03565137118373016,1.0054301661019254,0.06777687557708859,done,front_load
203.1,0.00911292226551573,0.0673670827601757,1.0448946444303513,0.021637705328399596,done,front_load
203.2,0.01624067518757941,0.06713845904961036,0.9775380185855259,0.030130281303871635,done,front_load
203.3,0.006119983833321427,0.04898098756399531,1.0314355331364398,0.04342454230656611,done,front_load
203.4,0.02528351473519091,0.038264369573235306,0.9804351988828917,0.08227501696478,done,front_load
203.5,-0.048816234196512834,-0.0025364507470092296,1.006759860144676,0.07108561098185698,done,front_load
203.6,-0.003938204252591587,0.03499640117241625,1.0065004848597825,0.017183183935055496,done,front_load
203.7,-0.04151539481536758,-0.00288529494828383,1.0198447520177252,0.07702694177504972,done,front_load
203.8,0.00830106052814654,-0.046605526267359206,1.0075222185973398,0.07698840433967369,done,front_load
203.9,0.04925790527561093,0.045096042420920635,0.9778244638653455,0.02651983347954714,done,front_load
204.0,-0.014222543458409053,0.03386473388767516,1.026409208562777,0.0004291654119289029,done,front_load
204.1,0.003817560908916457,-0.0009401732296630614,1.0519496978297618,0.04855556755305515,done,front_load
204.2,0.022694601447649166,-0.036755527719934504,0.9824858973323165,0.07244848818599645,done,front_load
204.3,-0.06203168795299574,-0.017586020297369213,0.944943037706649,0.08182523939600406,done,front_load
204.4,-0.01566331446432563,-0.05463436754662529,1.0149795870506138,0.032583454712775,done,front_load
204.5,0.010935469778185507,0.028352425578539314,0.9900645881784356,0.08503958209325932,done,front_load
204.6,-0.08690984176971825,-0.048099269005925406,0.9960669143213411,0.00544135208366598,done,front_load
204.7,-0.02930425479224914,0.008604926104400291,1.0166853326719303,0.04263898772341425,done,front_load
204.8,0.03302573920143868,-0.025310800433390644,0.986308227105232,0.04165578661568506,done,front_load
204.9,0.030089907013521745,-0.0428011033499843,0.9919344408596898,0.07304674049848606,done,front_load
205.0,0.011229546821103007,0.007150652798357151,0.9969964144919025,0.07596604931879561,done,front_load
205.1,0.026465929198295324,-0.010013981559360941,1.0440926181395505,0.06908447310866792,done,front_load
205.2,0.0064531270326439105,0.02514567316276103,1.0009020881234074,0.02298899902508211,done,front_load
205.3,0.016661847223269438,-0.03802815806186121,0.9629297925755512,0.06725238063597844,done,front_load
205.4,-0.009469611265218414,-0.022719439364214666,0.9641236455657666,0.06018083937186984,done,front_load
205.5,0.003474380487662783,-0.07162926625472674,1.004176897649788,0.016575312294408187,done,front_load
205.6,-0.01897111159247467,-0.06553040046983769,0.9661171599792706,0.008659723423966259,done,front_load
205.7,0.0379045003254694,0.05394577229935538,0.9531308953922751,0.07075978580041553,done,front_load
205.8,0.04564678228506605,0.06250794732299007,1.0190660797280202,0.04639801398041511,done,front_load
205.9,0.0413973840209122,0.002781786156718586,1.0205349520860594,0.024296358150902496,done,front_load
206.0,-0.012243262850335869,-0.02471486297719535,0.9889559039831844,0.04583656142582463,done,front_load
206.1,-0.028613221180952622,-0.008953467764703208,1.0088097787345514,0.057280821622264055,done,front_load
206.2,0.038309209822504894,0.026207226074590913,1.005643649325865,0.04834297746664906,done,front_load
206.3,0.01631721607774238,-0.015431670594661382,1.0180725815790725,0.018960276937478274,done,front_load
206.4,0.009857530245709274,0.007129016011250676,1.018142497118194,0.0877111380712822,done,front_load
206.5,-0.01900896254835437,-0.0003826815144374892,0.9218263423741833,0.07008435937975785,done,front_load
206.6,0.012769914379102945,-0.01706438010248574,0.9927850312455282,0.04329245096653066,done,front_load
206.7,-0.032558341789858045,-0.015785782379756134,1.015537125645344,0.04409810688195425,done,front_load
206.8,0.019021870682370958,0.008799626150565247,0.9876863022688296,0.05718974789426352,done,front_load
206.9,0.04136660098818631,-0.029306644091623243,1.001086079177795,0.02740757208519337,done,front_load
207.0,0.048931366317238566,0.013551880368705483,1.0225209994503424,0.056453528730739375,done,front_load
207.1,0.02125572162329448,-0.014147368789475458,1.0024277569975648,0.023385351262784692,done,front_load
207.2,-0.04146064648863365,0.003821019139446907,1.045237582517046,0.04858931566309668,done,front_load
207.3,0.0059199039283806465,0.04151887698505676,1.0338095875684337,0.026628570002862825,done,front_load
207.4,0.06419045232173139,-0.005045761356808573,0.996443075410857,0.027638320353465713,done,front_load
207.5,-0.026058347713268527,0.02759413020575977,0.9940586148782566,0.0829144522723642,done,front_load
207.6,-0.0017754471873065102,-0.053760985676514855,0.9144902768439591,0.05118451788569109,done,front_load
207.7,0.04240573055402932,-0.01411089040921784,0.9902049340932843,0.05414812970802336,done,front_load
207.8,0.01851401766220756,0.0008306586322821845,0.9594019332186842,0.009772402778373546,done,front_load
207.9,0.07440468973455314,0.05769992037619377,1.0066368862600186,0.038059964829579046,done,front_load
208.0,-0.02198608149685765,-0.05879856249779671,1.0045861213336,0.059224242374086945,done,front_load
208.1,-0.029692673572224656,-0.002886295856783306,1.0208756726808033,0.0538827253189501,done,front_load
208.2,0.03672376307505521,0.043700665527487886,1.0419001141584456,0.006919403572925892,done,front_load
208.3,-0.03587635884814608,-0.02355061215800616,0.9992119171098409,0.054142758333141625,done,front_load
208.4,-0.005903039664526088,-0.006385164312770108,1.0684124893576958,0.05733117607099379,done,front_load
208.5,-0.0019693963457872955,0.009952169551666185,1.0069735433565972,0.07567523996397399,done,front_load
208.6,0.03107968420157766,0.005535256611683407,0.960693508188501,0.03689537762123314,done,front_load
208.7,0.018428039040757405,0.046973114263632425,0.9831378437466964,0.005158625597286588,done,front_load
208.8,0.013711947425305876,0.013454214302196954,0.9888175989907654,0.030064584963896895,done,front_load
208.9,-0.012072926337050002,0.03983318686542658,1.0177638145346013,0.02805869922262886,done,front_load
209.0,0.03645012057245829,-0.010800250719297341,0.971582502993121,0.06473417755559949,done,front_load
209.1,0.12077472128181793,-0.022215762337508896,0.9910607235157182,0.004334731767906358,done,front_load
209.2,0.02073846296768747,-0.006771695790589064,0.9951687915761174,0.04103287079854756,done,front_load
209.3,0.0029901662264050946,-0.03477309280102805,0.9865563757703337,0.0785159094715451,done,front_load
209.4,-0.03893588912976481,0.014505350886302854,1.0243424614503915,0.0501442492566727,done,front_load
209.5,-0.019124443479514603,-0.01157634338265737,1.0192396416539606,0.06792633632352849,done,front_load
209.6,-0.006411307018419122,-0.02015366699932426,1.0349970140531188,0.01716403332897825,done,front_load
209.7,-0.016038007208013978,0.01495975228863005,0.990069244566664,0.017960209735873547,done,front_load
209.8,-0.00048233503580544533,-0.034311473339228654,1.036075827029437,0.07874484915690469,done,front_load
209.9,0.05334048230421863,0.023115066415673832,0.9590800874206886,0.05202430731514507,done,front_load
210.0,0.03741500752107702,-0.014350121654740824,0.9583484709703043,0.05206548724418288,done,front_load
210.1,-0.004764981494047628,0.034772893322825515,0.9635859494172636,0.027636943437860072,done,front_load
210.2,-0.03624839833997581,-0.011782127346887017,1.0002763507789627,0.052015634579004634,done,front_load
210.3,0.04012102928707239,0.018957289996737722,1.0360713434973328,0.027081248633198076,done,front_load
210.4,-0.001471628203840933,0.005386871213187176,0.9819357375808111,0.07373740897811301,done,front_load
210.5,-0.05179501276807065,0.022317056211434604,0.9856991978510669,0.10455661419736342,done,front_load
210.6,0.021372903554791083,0.0032984067644288182,0.9935194613407199,0.05967882107330659,done,front_load
210.7,0.03077060052700396,-0.049901922370297315,1.0171848437016295,0.03730107229076913,done,front_load
210.8,-0.07277725214804007,0.03026380617726396,0.9856712408993628,0.0006731666098931666,done,front_load
210.9,-0.0247366392639871,-0.002630487673737218,0.9839974912625049,0.016310717709153176,done,front_load
211.0,-0.003313620339231419,0.02368548232064439,0.9596381420992692,0.08109723662054272,done,front_load
211.1,0.022035327339258524,0.020707394306065694,0.9828483666646863,0.029416163134578538,done,front_load
211.2,-0.015472397538725136,-0.02319889443034025,1.03532385258806,0.04258330236626976,done,front_load
211.3,-0.024964257059218092,-0.027443862155258906,1.0027277802543544,0.06310651949158357,done,front_load
211.4,0.021815077490408473,0.01966065304347012,0.9778043646925626,0.07964579598723585,done,front_load
211.5,-0.014049671199424773,-0.009097470882315413,1.037084319181868,0.04600826157672324,done,front_load
211.6,0.01626163951646091,0.02809287838399491,0.9824435949381943,0.04190666260667931,done,front_load
211.7,-0.033345469649237715,-0.0053460282858906975,1.042598667384474,0.051432420570213674,done,front_load
211.8,-0.04056999057709195,0.030702293323448645,1.042108209337003,0.037447243667215656,done,front_load
211.9,0.02265807472711191,0.01269913452627305,1.00168034879124,0.0385236159341409,done,front_load
212.0,0.007575597309516416,0.008639249811424454,0.9550435141788494,0.05823760235067747,done,front_load
212.1,0.027673671997086213,-0.011220335962208231,1.0686850184603727,0.05370583035668973,done,front_load
212.2,-0.015977790027643254,0.006972828421845498,1.0116182816879364,0.09263210613117168,done,front_load
212.3,-0.023853159074392352,0.03578558144858128,0.9902833892583823,0.05877697633270859,done,front_load
212.4,0.04082156662622732,-0.0016264637598995923,1.0286838374432516,0.07302291096187656,done,front_load
212.5,-0.045688762919834106,0.015935233310515662,1.0210690836106404,0.028574296465537382,done,front_load
212.6,0.03754382127541874,0.0013908022874911815,1.0393281504965932,0.06050314580060542,done,front_load
212.7,0.039615141224471496,0.003738121282362656,0.9801295663396031,0.03554037306797882,done,front_load
212.8,0.025802685427982256,0.05170232270814896,1.0095542023832318,0.05790906526593116,done,front_load
212.9,-0.02063422551031344,0.036051900931186535,0.9644238930926519,0.06377029196229682,done,front_load
213.0,-0.024495715101760778,0.0023821144558715504,1.019990031872237,0.05099737688002948,done,front_load
213.1,-0.006301673189945986,0.006433622638081023,0.9993116389111844,0.09814651442949586,done,front_load
213.2,-0.03885119030494198,-0.021056115106529067,1.0084302776646044,0.07855959538216906,done,front_load
213.3,-0.0288508199626079,-0.005189146387948595,0.9956095082847859,0.07354490665658193,done,front_load
213.4,0.01934202874527138,0.00928193362645845,0.9924703353823492,0.06528572384740028,done,front_load
213.5,0.019480473426724713,0.025518407687073835,0.9739530647795586,0.08526721635460088,done,front_load
213.6,-0.03148724479604869,0.022476626907327567,1.023712906440527,0.021260614050615686,done,front_load
213.7,0.020283658059002237,-0.03327777167713531,1.0446911211022432,0.07740566235981153,done,front_load
213.8,0.013629099172194183,0.02930948192035894,0.9832999492326975,0.030175113760009545,done,front_load
213.9,0.045296587637313104,-0.0026632103813265867,1.0166062151491329,0.03871321761866541,done,front_load
214.0,0.017074093256025647,-0.029609740670326137,1.0129655087398073,0.061227848881233365,done,front_load
214.1,0.03175743161203134,0.040091542122957645,1.0002429343404657,0.07466440331021447,done,front_load
214.2,0.014312327727906337,0.043898369902138586,0.9542021279990585,0.026928467366360762,done,front_load
214.3,0.029397873290915637,0.007912409470219808,0.9609520794666823,0.03974910244644538,done,front_load
214.4,-0.03861351469703325,0.021263808057157045,0.9765705414654529,0.05195064145002621,done,front_load
214.5,-0.003652333713327402,0.02302347626233296,0.935829858292842,0.046272679906085724,done,front_load
214.6,-0.0011694830468258939,0.04187316458436753,1.0422409218971684,0.06708064122470375,done,front_load
214.7,-0.007312498408058472,0.02184205576295175,1.0110310968753915,0.1187185523196904,done,front_load
214.8,0.013316598909501768,-0.03983064832315706,0.9991011685480263,0.0583864141705176,done,front_load
214.9,0.01903138963487253,0.060294232469133825,0.9342929254219652,0.03529607123675368,done,front_load
215.0,0.011767712312134452,0.031969706684401286,0.945283874349388,0.02406983338722009,done,front_load
215.1,-0.005308316436640135,-0.015285726158182938,0.9999297583543912,0.04349492172828789,done,front_load
215.2,-0.022071902395353747,-0.03088875217072229,1.0591146989645193,0.0311950022794242,done,front_load
215.3,0.03291558222468702,0.015144402912122512,0.9790406741238076,0.059350995839508466,done,front_load
215.4,0.010491984498415052,-0.008347801151027377,1.0259139404323732,0.05904043271568453,done,front_load
215.5,-0.030558415751982253,0.009899860619968776,0.9856029277697512,0.04073663590950087,done,front_load
215.6,-0.005810626249488713,0.022302205238347902,1.001657177778666,0.08969910027567567,done,front_load
215.7,-0.05229899033122084,-0.01699325663990386,1.036440515466788,0.035291053615202114,done,front_load
215.8,0.0010611184304232869,-0.03348323978053012,0.9896214510950037,0.04761137864203652,done,front_load
215.9,-0.005951398277957879,0.011574554036159344,0.979296852758436,0.06278325331779636,done,front_load
216.0,-0.017234008510660134,-0.016001635658309206,1.042542116623743,0.06784109787539658,done,front_load
216.1,0.04753800569410588,0.0043828735719719444,1.0013667346334079,0.07555153043086399,done,front_load
216.2,-0.03468462358626337,-0.040299793108867936,1.032736152717585,0.05856992957986478,done,front_load
216.3,0.02119178855047006,-0.007565481734239127,0.9794425331984594,0.07101825401575994,done,front_load
216.4,0.0656012448279562,0.0214485567311999,1.0422002262688292,0.03669783655944122,done,front_load
216.5,0.032318037111500636,0.018177975229403905,1.0082088182360383,0.06836163920700765,done,front_load
216.6,-0.0009461634629330109,-0.02365073912619806,1.0130436287864397,0.068094583003128,done,front_load
216.7,-0.03402205918269982,-0.03504793107954155,1.0039488793428752,0.08025773349507072,done,front_load
216.8,-0.04086186529753366,0.00047291069255376385,0.984835750540105,0.016631280155429154,done,front_load
216.9,-0.012346550848725659,0.016830983910582267,0.9999495156851509,0.03185633768797866,done,front_load
217.0,-0.020610022017417247,0.01215525420577653,0.986722292860319,0.06646281938734605,done,front_load
217.1,-0.02158640726874397,-0.015364795330839296,1.0287863818793435,0.0030272895976279357,done,front_load
217.2,-0.009789403664137322,0.008934733274598101,0.9939082849879401,0.059840123475767004,done,front_load
217.3,-0.0030674127865706062,0.04507066413827984,0.955104783166183,0.07119608849862735,done,front_load
217.4,0.014556358429358889,0.006154340619270827,0.9496172879503215,0.0384724950489912,done,front_load
217.5,-0.03713388658387288,-0.0489944380745586,0.9481984554303873,0.041396199997761764,done,front_load
217.6,-0.0204673138839915,0.0060960101430192655,1.0185391227266183,0.028517253055201926,done,front_load
217.7,-0.004790162484674439,0.06131870913637827,0.9654548706587966,0.03956905760537194,done,front_load
217.8,-0.005864555802698072,-0.038621724393467866,1.009002573275157,0.04014862996076485,done,front_load
217.9,0.05509271122240268,0.0008917398548706631,1.0040972355247424,0.03634317451068957,done,front_load
218.0,0.0069673977817157244,-0.006790062990964032,0.9980587421527067,0.03524643644431007,done,front_load
218.1,-0.048407694358782734,0.0028764887782519203,1.0131521561014711,0.04457990430223213,done,front_load
218.2,0.01254544084760294,0.005827564594613153,1.0047491061127158,0.044337913686877575,done,front_load
218.3,0.01636991168231936,0.03419915958188773,0.9187081077165715,0.08748263799722114,done,front_load
218.4,-0.0037538408473421435,0.002543498592024318,0.9902912427745453,0.0421162971376598,done,front_load
218.5,-0.03640190023227604,0.038317786716361414,1.012753094021903,0.05688300432383717,done,front_load
218.6,0.05274164085940388,-0.003529669763594475,1.04920848432265,0.03846234067047397,done,front_load
218.7,-0.032096517407437714,-0.010504103219238992,1.050593728497475,0.03820808448317086,done,front_load
218.8,0.019823166192478005,-0.02007548949115817,0.9591054845924423,0.015912589245347553,done,front_load
218.9,0.0060015158719180575,-0.05451261087360458,0.9895082410206169,0.018572675043778138,done,front_load
219.0,0.0180243164708931,0.008273442357775194,0.9530165555887601,0.02586003440694001,done,front_load
219.1,0.0512057377250199,0.061620008654155276,1.0455965522533024,0.053673936695201416,done,front_load
219.2,0.016849166164231055,0.013747064318575836,1.0303856862444565,0.07152347310569171,done,front_load
219.3,-0.01675992681130599,0.020602420624850386,1.0105176366058952,0.014266709462089647,done,front_load
219.4,0.03317976825383883,-0.012390939750433651,1.0049828458378063,0.039018463973023665,done,front_load
219.5,-0.018932983501323587,-0.007330001738210121,1.0414189330104842,0.022662185812993035,done,front_load
219.6,0.004906740341858036,0.029539244649997864,1.0363397558428042,0.044714458117329006,done,front_load
219.7,-0.0387925082404737,0.06026080920869461,1.0347413408996837,0.07151538987414302,done,front_load
219.8,-0.030998436820102573,0.04463843807390459,1.0137003957934678,0.0410623519678405,done,front_load
219.9,0.001541600113085591,0.02415733889184066,0.9895231510145751,0.04904966055600607,done,front_load
220.0,0.011042601257426163,0.001054517381715269,1.0230137449605268,0.07910456792784629,done,front_load
220.1,-0.05107171868073091,0.006291567428019705,1.0244812571576534,0.05915801861015819,done,front_load
220.2,0.014918621040019927,-0.02260521958284763,0.9942808759122412,0.03479816288366396,done,front_load
220.3,-0.024582869297948923,-0.04344502563907971,0.9894625324349727,0.05317830571671451,done,front_load
220.4,0.038390640470135,-0.03380395073279823,1.0339993980867463,0.03344901977195419,done,front_load
220.5,-0.010558932864735247,0.001494001035658125,1.0499234832630882,0.05840964025472,done,front_load
220.6,-0.033708668086499576,-0.008759767842800316,0.977518126572557,0.06030680308145519,done,front_load
220.7,0.002274136738777568,-0.044083251141590535,0.9920986997365607,0.02265680599003095,done,front_load
220.8,-0.027487050032361758,-0.0011197013714920841,1.010527992293641,0.053502988347715476,done,front_load
220.9,0.03806835424299377,-0.009552909733978347,1.0145979699324583,0.04764853484008161,done,front_load
221.0,1.5906225992991512e-05,-0.03518546565852241,0.9843290092227611,0.06089354794344224,done,front_load
221.1,-0.004550298692798613,-0.011105370318602115,1.0565056189103212,0.06662694102038266,done,front_load
221.2,0.017754030567930235,-0.009628590021490326,1.012662857966355,0.059548992082492105,done,front_load
221.3,-0.03014842317600879,-0.018499114197734,1.0159415022541165,0.043936132932404955,done,front_load
221.4,-0.03867460965985542,0.027800104943278187,1.0527665224453526,0.06866660041728001,done,front_load
221.5,0.012250547383249108,-0.05708704686279936,0.9865281512426622,0.03253874447379497,done,front_load
221.6,-0.03299012124026427,-0.05957396972132913,0.9973470437067317,0.023589560132610016,done,front_load
221.7,-0.0330003046124837,9.857353347275515e-05,0.9624003331293511,0.013905733691216005,done,front_load
221.8,0.025102680936626626,0.002883815681769177,0.9948294858323926,0.0485971809652569,done,front_load
221.9,0.015751923299518196,0.0121264540805692,0.9553321742819392,0.0335690712101313,done,front_load
222.0,-0.03761488627358734,-0.01616920524837282,1.0224354806257951,0.05795508952150702,done,front_load
222.1,-0.01857408128824009,-0.02753771415276995,1.0125999025020997,0.01057545211911265,done,front_load
222.2,-0.0271119466783896,-0.00021948398084842359,0.9916879207888438,0.03705642898201,done,front_load
222.3,0.05328957894121741,-0.013247344060439885,0.9969872887654646,0.059405398117289704,done,front_load
222.4,0.027180312827118254,0.04653214213967083,1.0228439924556698,0.029403277073020394,done,front_load
222.5,-0.012625345380158219,-0.009726817497755754,0.965926117393303,0.058185134972257246,done,front_load
222.6,0.017285840680304778,-0.0015955545515123376,1.0061250360235756,0.03885954809863919,done,front_load
222.7,-0.04068558557792488,0.07426254418793828,1.0209852941937623,0.04934383380440005,done,front_load
222.8,-0.020179384535684786,-0.005842806801920606,0.9465317776777827,0.06190316012833712,done,front_load
222.9,0.0031458979782565868,0.01668470595597272,1.0205481401710605,0.06905594046230626,done,front_load
223.0,0.013566922474377388,0.019389283001590592,0.949778126102153,0.05184984822641214,done,front_load
223.1,-0.002923773765403322,0.021942049311546436,0.996472165484454,0.03371979410242511,done,front_load
223.2,0.007440405321426778,0.008684617962337571,0.9650982668771432,0.040839222752407006,done,front_load
223.3,0.0023500937985937876,0.005815223832315289,1.0429373973787004,0.06273910726173916,done,front_load
223.4,-0.004907322060669521,0.0030100286951134842,0.9652863683754296,0.02957492833034787,done,front_load
223.5,-0.00888436776572681,-0.017279817067013196,0.9504943032410386,0.04643866806719589,done,front_load
223.6,-0.012787946180333526,0.009765564085178053,1.0040005642478895,0.04228231803277051,done,front_load
223.7,0.006958125258857642,0.06085937512273776,0.9875889105993754,0.04793276433362071,done,front_load
223.8,0.012324467675983684,0.036320457268906724,0.954861843140082,0.02981434941501246,done,front_load
223.9,0.005950775019565019,0.0091175406667391,1.0157744559746456,0.012961112955757768,done,front_load
224.0,-0.035357911500031786,0.0256748939431797,0.9402550281265096,0.06041485231919287,done,front_load
224.1,-0.029967835534295627,-0.026075277261919567,0.9689127708225063,0.06928262846977297,done,front_load
224.2,0.011966454178442018,-0.007815364625991562,0.9827434518873764,0.01415650085003687,done,front_load
224.3,0.04415019902012633,0.028435495325521656,1.0240666717646543,0.05737852321852433,done,front_load
224.4,0.004572463846762657,0.044615015803745744,1.0388640510103946,0.07166365829690353,done,front_load
224.5,-0.012350052374309826,-0.02312598516286134,1.0330834674198273,0.06191822093524647,done,front_load
224.6,0.0067302136632832665,-0.014507649282694714,0.9954017862861331,0.04166659642647867,done,front_load
224.7,-0.034104642675402856,0.06544127381635609,0.9271807526561453,0.03113007260498485,done,front_load
224.8,0.03926829469609391,0.002887837493069174,1.0117255906365568,0.05161956158699979,done,front_load
224.9,0.0055978243352408485,0.054700859181011356,1.0441172121767384,0.05495570117693762,done,front_load
225.0,-0.02008371639631645,0.006205719518273774,1.037013712234407,0.05191615022311798,done,front_load
225.1,-0.005003863982786253,0.007385408469763056,1.0138884702923117,0.04639730739764869,done,front_load
225.2,-0.01581108696190847,-0.009164726629796923,0.9643149170698464,0.028346965517544856,done,front_load
225.3,0.03935009930450501,0.02827665424530686,0.9842407898911476,0.058453765826177034,done,front_load
225.4,-0.006067202683411773,0.04073332650911999,1.0580144319623703,0.05941708988827048,done,front_load
225.5,0.0046609723834677855,-0.031050066904226008,0.957498113960076,0.05401644250923344,done,front_load
225.6,0.017211793699538753,-0.010573516566613102,0.9655647631554884,0.05221987290142515,done,front_load
225.7,-0.022222998112936262,0.02745235573122661,1.0282765465349586,0.08358498975492211,done,front_load
225.8,0.005811283984054712,-0.003886459133529837,0.9870652226558342,0.03751242430853208,done,front_load
225.9,0.008233067081826294,-0.014801564055996305,0.9645473463338613,0.07562870194913313,done,front_load
226.0,-0.04662236463061863,0.030286264616082054,1.0458391353616905,0.03531951061556325,done,front_load
226.1,0.007580894663328299,0.03310359614137533,1.0138316793443543,0.07217901145912857,done,front_load
226.2,-0.001372861948294175,-0.013489262720164158,0.9885459650686846,0.07466735100161087,done,front_load
226.3,0.0038989887634799,0.006370995839638368,0.9656267549230145,0.04413897593196235,done,front_load
226.4,0.0010688914047169973,-0.03625424387712699,1.0614221969157982,0.08321926108121667,done,front_load
226.5,0.007775096188502461,-0.02686442731436097,0.9992664454376018,0.05938071773492179,done,front_load
226.6,0.04012029677028474,0.003724956964001399,1.041919841874085,0.03245455117718865,done,front_load
226.7,-0.03538522236255328,0.0009422036273953059,1.026809006338283,0.04251686811221582,done,front_load
226.8,-0.010264570065012604,-0.029006282751919035,0.984372953150103,0.07265524612213303,done,front_load
226.9,0.019998558868885092,-0.02147921774176726,0.9846117665503066,0.068461294037533,done,front_load
227.0,0.014427776031837331,-0.03195133109866678,1.0433894469380176,0.028839191972414187,done,front_load
227.1,0.013782166600262524,0.013651795707396318,1.0438755199785994,0.04721485375619006,done,front_load
227.2,0.08260731647020012,-0.059029175900757,0.943692520716378,0.05407045965553024,done,front_load
227.3,0.018424065723501176,-0.03034731688680588,1.0164934078294658,0.039847908218487826,done,front_load
227.4,0.033928133887650744,-0.055888246434969625,0.9963635558582914,0.09715599446749439,done,front_load
227.5,-0.009212161765575252,0.012570618115739418,0.9690003051118449,0.05467327486810651,done,front_load
227.6,-0.029787371216918462,-0.05408200650164104,1.007852382841516,0.04876375618193902,done,front_load
227.7,-0.009429522877009017,0.0009518759560662081,0.9595120962704081,0.0738170208851618,done,front_load
227.8,0.021358805140302126,0.0491857204724227,0.986006339360617,0.0426957293032233,done,front_load
227.9,0.012204835644875262,0.05020301943812705,0.976045788016901,0.07014855221234646,done,front_load
228.0,0.012097541117966393,-0.05417722707536463,0.98500626207532,0.016645352088340302,done,front_load
228.1,-0.006430331603913833,0.008952288048928671,0.9978556451901403,0.04092691907508868,done,front_load
228.2,-0.01121407856438926,-0.02966913889141364,0.9695330001428354,0.07098140836754493,done,front_load
228.3,-0.0053957173287983344,-0.03579408107130774,1.047195370866199,0.08140395441179343,done,front_load
228.4,0.021734263504956386,-0.0034040986317022204,1.0147984970018238,0.03453408573988014,done,front_load
228.5,0.025221822845112544,0.03684873470799376,1.0538368908514617,0.03220356727562704,done,front_load
228.6,-0.03018724949013683,0.017989766226610745,0.9951976009276594,0.06134892860740918,done,front_load
228.7,0.022870276782943476,-0.02145422785448642,0.9835363011310867,0.03753932210164575,done,front_load
228.8,-0.01952163692268689,0.021151019922300073,1.0527524684347909,0.044628441644892124,done,front_load
228.9,0.0140676495552316,-0.06731124995645038,0.9826582078037804,0.06752810049474316,done,front_load
229.0,-0.0057589722738746445,-0.02258837395299721,0.9946512393403263,0.03911795636771976,done,front_load
229.1,0.046973656477169536,-0.02471674634103752,1.0216014223149195,0.010691484969286291,done,front_load
229.2,-0.012542238869434367,0.002349620752167935,0.9628682257510817,0.023978311287882376,done,front_load
229.3,0.005358355226843497,-0.00608483890979999,1.0213388405438095,0.05019911171440562,done,front_load
229.4,0.018197794726782828,-0.004244132808596547,1.017500411984938,0.012731537030542313,done,front_load
229.5,-0.026218765503686462,-0.0052415859031841585,1.038079759541135,0.04405679165405359,done,front_load
229.6,-0.0021857116628083554,0.00067221722967261,1.0267013350903043,0.022158069675120164,done,front_load
229.7,-0.007997546538694118,0.01620392900874671,1.038999350586327,0.08279878013731197,done,front_load
229.8,-0.015414404502179195,0.004479930783071484,0.9966873429847477,0.09330285189531345,done,front_load
229.9,-0.013191690044497188,-0.008530554498136752,0.9741198904387882,0.028836057953158634,done,front_load
